suite,case_id,family_key,family,size_key,size,dataset,seed,n_rows,n_cols,alpha,component_count,runtime_seconds,tw_two_sum,tw_band_mass_10,tw_mwb_auc,ow_two_sum,ow_band_mass_10,ow_mwb_auc,search_grid
real,real/acs_clean,,,,,ACS OCCP x INDP,,24,10,4.0,1,0.00319429999217391,0.03605739515569593,0.339448071186899,0.9223946431780613,0.033853978888515324,0.4305482065568462,0.9236490268442,submitted
real,real/cip_soc,,,,,CIP -> SOC,,2143,868,6.0,46,14.600760699991952,0.01954473922401358,0.5578153190093489,0.8068790662074244,0.02806482127494401,0.3767426603247499,0.7442970586627302,submitted
real,real/gtfs_clean,,,,,MBTA GTFS Route x Station,,8,125,2.0,1,0.02319799999531824,0.012463788465714807,0.8750957094277274,0.2044053719208947,0.01245841214059899,0.8738526493299565,0.2044053719208947,submitted
real,real/lodes_clean,,,,,LODES Home x Work County,,95,95,4.0,1,0.04362119999132119,0.018992236993584405,0.7756045764258523,0.8707791048076324,0.01894864880093299,0.7753445996880279,0.8706622907396077,submitted
real,real/naics_sic,,,,,SIC -> NAICS,,1004,1176,1.0,410,1.972913299992797,0.0016396689559626488,0.9828941285251965,0.9607605177993528,0.002187368261325039,0.9819694868238558,0.9416223609184775,submitted
real,real/openalex,,,,,OpenAlex Author x Topic,,60,8,1.0,5,0.006730300010531209,0.004504570400162172,0.8470615922539,1.0,0.004391809429005071,0.8470615922539,1.0,submitted
real,real/twenty_newsgroups,,,,,20 Newsgroups Term x Document,,60,48,12.0,1,0.02126470000075642,0.004202179662330654,0.9430509150750511,0.946249729882478,0.003237420590426865,0.9428514436742632,0.9463099868681328,submitted
synthetic,synthetic/clean_block/large/seed-00,clean_block,Family A: Clean one-to-one,large,Large,,0.0,400,360,2.0,1,0.25511790000018664,0.0033337713132876095,0.9374951919378414,0.9463684706515886,0.005639525014083302,0.830948534502654,0.9132305049106342,submitted
synthetic,synthetic/clean_block/large/seed-01,clean_block,Family A: Clean one-to-one,large,Large,,1.0,400,360,1.0,1,0.2265523999958532,0.004096588826356358,0.9082750403566762,0.9337229674328029,0.005803190571656459,0.8096510108386502,0.9092198990442515,submitted
synthetic,synthetic/clean_block/large/seed-02,clean_block,Family A: Clean one-to-one,large,Large,,2.0,400,360,2.0,1,0.21087660000193864,0.005870103090728989,0.817505084225471,0.9106111622731284,0.0045533485535585606,0.8754460688384943,0.9293716344985483,submitted
synthetic,synthetic/clean_block/large/seed-03,clean_block,Family A: Clean one-to-one,large,Large,,3.0,400,360,1.0,1,0.229173500003526,0.004474321008674216,0.8820476070577754,0.9282448206181041,0.0044294236195550575,0.8846429470666848,0.9294702633430819,submitted
synthetic,synthetic/clean_block/large/seed-04,clean_block,Family A: Clean one-to-one,large,Large,,4.0,400,360,1.0,1,0.33384099999966566,0.0031984510742065256,0.9408337746841189,0.9495587280270359,0.00657166948525661,0.7785049557388212,0.8994208847191749,submitted
synthetic,synthetic/clean_block/large/seed-05,clean_block,Family A: Clean one-to-one,large,Large,,5.0,400,360,8.0,1,0.26562259999627713,0.003710553527183049,0.9299724180202268,0.9420219761977731,0.0037262661640236443,0.9237856267238738,0.9413878939370722,submitted
synthetic,synthetic/clean_block/large/seed-06,clean_block,Family A: Clean one-to-one,large,Large,,6.0,400,360,8.0,1,0.2339788000099361,0.003433157343739059,0.9341411912416535,0.9446638734060027,0.0034321434215230156,0.9336465843590085,0.9446832930672602,submitted
synthetic,synthetic/clean_block/large/seed-07,clean_block,Family A: Clean one-to-one,large,Large,,7.0,400,360,12.0,1,0.2171948000031989,0.00282989053457727,0.9636342579188141,0.9534164462974758,0.0062778856202975256,0.8115119578435347,0.9061717850226161,submitted
synthetic,synthetic/clean_block/large/seed-08,clean_block,Family A: Clean one-to-one,large,Large,,8.0,400,360,2.0,1,0.21137350000208244,0.004939902232380891,0.8944479031071368,0.9299683689575591,0.006423441077424694,0.7953289188220424,0.9039537230931765,submitted
synthetic,synthetic/clean_block/large/seed-09,clean_block,Family A: Clean one-to-one,large,Large,,9.0,400,360,1.0,1,0.22766809999302495,0.006212402922045895,0.8018062273276905,0.9062507872329706,0.006765195006590425,0.7830826783555018,0.9003685824768239,submitted
synthetic,synthetic/clean_block/large/seed-10,clean_block,Family A: Clean one-to-one,large,Large,,10.0,400,360,4.0,1,0.3495354999904521,0.006853559539713711,0.7472390081266931,0.8991724917438607,0.00677705655608022,0.7613517967758434,0.8975934853852129,submitted
synthetic,synthetic/clean_block/large/seed-11,clean_block,Family A: Clean one-to-one,large,Large,,11.0,400,360,4.0,1,0.22750720000476576,0.005717993394928808,0.8168884280859398,0.913718647799346,0.006336715922875965,0.7837682161165831,0.906322200462083,submitted
synthetic,synthetic/clean_block/large/seed-12,clean_block,Family A: Clean one-to-one,large,Large,,12.0,400,360,1.0,1,0.21320910000940785,0.0054051189909519294,0.8583790348596694,0.9219717599357332,0.0050660690327576285,0.8579615537886407,0.9199827947194972,submitted
synthetic,synthetic/clean_block/large/seed-13,clean_block,Family A: Clean one-to-one,large,Large,,13.0,400,360,6.0,1,0.2779511000117054,0.004426105772776217,0.8870711378174064,0.9300881953867028,0.00832372243323144,0.6909672417135103,0.8789716191768431,submitted
synthetic,synthetic/clean_block/large/seed-14,clean_block,Family A: Clean one-to-one,large,Large,,14.0,400,360,1.0,1,0.2751496999990195,0.0038497571501971287,0.9141930656023947,0.938529734379697,0.004425931853151834,0.8911295738434676,0.9278058662880314,submitted
synthetic,synthetic/clean_block/large/seed-15,clean_block,Family A: Clean one-to-one,large,Large,,15.0,400,360,2.0,1,0.28838089999044314,0.004702971017931481,0.87635213215375,0.9238839581715196,0.00327263872894332,0.9330327542766211,0.9470095225465867,submitted
synthetic,synthetic/clean_block/large/seed-16,clean_block,Family A: Clean one-to-one,large,Large,,16.0,400,360,1.0,1,0.24804069999663625,0.003960462646999358,0.9115123041657984,0.9345999804244732,0.004780933169069546,0.8676757534999148,0.9224848605401583,submitted
synthetic,synthetic/clean_block/large/seed-17,clean_block,Family A: Clean one-to-one,large,Large,,17.0,400,360,6.0,1,0.27469720000226516,0.004335882623609312,0.9036109773712084,0.9328759428663137,0.00853430128458,0.6920365912373616,0.8838216177178624,submitted
synthetic,synthetic/clean_block/large/seed-18,clean_block,Family A: Clean one-to-one,large,Large,,18.0,400,360,2.0,1,0.24919790000421926,0.004351157139408838,0.9037982923000345,0.9325678676723973,0.00549031252976825,0.8362369337979094,0.9151458660387233,submitted
synthetic,synthetic/clean_block/large/seed-19,clean_block,Family A: Clean one-to-one,large,Large,,19.0,400,360,4.0,1,0.3110448999941582,0.004451543667285335,0.8847636398504171,0.929450730335283,0.0049845630179352835,0.8570524498993192,0.921093425384345,submitted
synthetic,synthetic/clean_block/medium/seed-00,clean_block,Family A: Clean one-to-one,medium,Medium,,0.0,200,180,8.0,1,0.07218830000783782,0.002899666319336068,0.9713237496256364,0.9584378431666168,0.0031455752470828423,0.9585953878406709,0.9540125536587801,submitted
synthetic,synthetic/clean_block/medium/seed-01,clean_block,Family A: Clean one-to-one,medium,Medium,,1.0,200,180,4.0,1,0.06744890000845771,0.005289339039492689,0.859316461503173,0.9260296403904479,0.006098683944859065,0.827356831562046,0.9203573795142341,submitted
synthetic,synthetic/clean_block/medium/seed-02,clean_block,Family A: Clean one-to-one,medium,Medium,,2.0,200,180,2.0,1,0.06043669999053236,0.00469739367857362,0.8842975206611571,0.9312495261202518,0.003998181621388439,0.9181135794980666,0.9436762327191852,submitted
synthetic,synthetic/clean_block/medium/seed-03,clean_block,Family A: Clean one-to-one,medium,Medium,,3.0,200,180,12.0,1,0.08525019999069627,0.003748114329010553,0.9297297297297298,0.9465090090090091,0.003664594828339931,0.9335801554979637,0.947303467851413,submitted
synthetic,synthetic/clean_block/medium/seed-04,clean_block,Family A: Clean one-to-one,medium,Medium,,4.0,200,180,2.0,1,0.0898177999915788,0.004711979861981152,0.9072157326630194,0.9339820838878211,0.008284981833903962,0.7041253881413574,0.8872295332446153,submitted
synthetic,synthetic/clean_block/medium/seed-05,clean_block,Family A: Clean one-to-one,medium,Medium,,5.0,200,180,4.0,1,0.12434189999476075,0.0032251945618388058,0.9524841240194247,0.9513712489104721,0.0041164608404702305,0.9016062756817332,0.9399094135225998,submitted
synthetic,synthetic/clean_block/medium/seed-06,clean_block,Family A: Clean one-to-one,medium,Medium,,6.0,200,180,4.0,1,0.13746159999573138,0.0031607327911445256,0.9651931267440153,0.9520839452685171,0.004318807540979489,0.9021882802173594,0.9367182528026632,submitted
synthetic,synthetic/clean_block/medium/seed-07,clean_block,Family A: Clean one-to-one,medium,Medium,,7.0,200,180,4.0,1,0.08773139999539126,0.003106787743248726,0.9584968306670691,0.9549910705302346,0.0031233999672322715,0.9591005131300936,0.9539550633866586,submitted
synthetic,synthetic/clean_block/medium/seed-08,clean_block,Family A: Clean one-to-one,medium,Medium,,8.0,200,180,1.0,1,0.11236120000830851,0.0034327681960662254,0.9517214996174446,0.9512162076001021,0.008653235934553508,0.694185156847743,0.8815082249426167,submitted
synthetic,synthetic/clean_block/medium/seed-09,clean_block,Family A: Clean one-to-one,medium,Medium,,9.0,200,180,1.0,1,0.09453170000051614,0.005088215588641476,0.863161847540368,0.9229737764426087,0.005098338550962402,0.8589560645888096,0.9230175866816873,submitted
synthetic,synthetic/clean_block/medium/seed-10,clean_block,Family A: Clean one-to-one,medium,Medium,,10.0,200,180,1.0,1,0.10642050000024028,0.003772492333988753,0.9168446637696104,0.9455512999926345,0.006025900841757968,0.8068792811372174,0.9137051631435517,submitted
synthetic,synthetic/clean_block/medium/seed-11,clean_block,Family A: Clean one-to-one,medium,Medium,,11.0,200,180,6.0,1,0.06447820000175852,0.002697329029546074,0.9673099940155595,0.9590860637342907,0.00275996109538317,0.9684320766008379,0.9583645022940356,submitted
synthetic,synthetic/clean_block/medium/seed-12,clean_block,Family A: Clean one-to-one,medium,Medium,,12.0,200,180,12.0,1,0.05853390000993386,0.006289731074753588,0.7963407318536293,0.9130751974605079,0.006176671391755584,0.8006898620275945,0.9135032368526296,submitted
synthetic,synthetic/clean_block/medium/seed-13,clean_block,Family A: Clean one-to-one,medium,Medium,,13.0,200,180,2.0,1,0.10864669999864418,0.0057814553622914586,0.8485915492957746,0.9199952318075119,0.006271020384339611,0.8064113849765259,0.9149672339593113,submitted
synthetic,synthetic/clean_block/medium/seed-14,clean_block,Family A: Clean one-to-one,medium,Medium,,14.0,200,180,12.0,1,0.1144135000067763,0.0036166925616688494,0.9324904041544366,0.9471287724843833,0.0033861848356533416,0.9444569880334162,0.9500921953789419,submitted
synthetic,synthetic/clean_block/medium/seed-15,clean_block,Family A: Clean one-to-one,medium,Medium,,15.0,200,180,4.0,1,0.068434899993008,0.005268055294317103,0.9000913103028458,0.9343279181250951,0.007259539110923621,0.7800943539796074,0.9028322046365344,submitted
synthetic,synthetic/clean_block/medium/seed-16,clean_block,Family A: Clean one-to-one,medium,Medium,,16.0,200,180,1.0,1,0.1083163000002969,0.009167137683558708,0.6743303571428572,0.8815181671626984,0.009138253258948134,0.6624255952380952,0.8784381200396827,submitted
synthetic,synthetic/clean_block/medium/seed-17,clean_block,Family A: Clean one-to-one,medium,Medium,,17.0,200,180,4.0,1,0.0810436000028858,0.005200185459316195,0.8704851141000454,0.921586129162259,0.005607542001434782,0.8546168958742633,0.9164809077628331,submitted
synthetic,synthetic/clean_block/medium/seed-18,clean_block,Family A: Clean one-to-one,medium,Medium,,18.0,200,180,1.0,1,0.11175409999850672,0.0030960033846197336,0.9390585916774047,0.9530701255716416,0.008368116845773495,0.7011293867960282,0.8822371080623563,submitted
synthetic,synthetic/clean_block/medium/seed-19,clean_block,Family A: Clean one-to-one,medium,Medium,,19.0,200,180,2.0,1,0.08055290000629611,0.005151269828940796,0.8521505376344086,0.9257719160692951,0.008863379095125955,0.7194593787335722,0.8869925453006771,submitted
synthetic,synthetic/clean_block/small/seed-00,clean_block,Family A: Clean one-to-one,small,Small,,0.0,100,90,6.0,1,0.01723860000493005,0.005074804952995709,0.8813763960156957,0.9339848073246806,0.005781338083815595,0.8599456685783278,0.9298596438273468,submitted
synthetic,synthetic/clean_block/small/seed-01,clean_block,Family A: Clean one-to-one,small,Small,,1.0,100,90,8.0,1,0.035485400003381073,0.0047638885739044075,0.8971204920324294,0.9400743173981922,0.005269174688731091,0.8697232317584568,0.9316058615226913,submitted
synthetic,synthetic/clean_block/small/seed-02,clean_block,Family A: Clean one-to-one,small,Small,,2.0,100,90,12.0,1,0.028446800002711825,0.004384539333271763,0.8941605839416058,0.9381258188283736,0.004392461144970817,0.8994946659180236,0.9376520681265207,submitted
synthetic,synthetic/clean_block/small/seed-03,clean_block,Family A: Clean one-to-one,small,Small,,3.0,100,90,2.0,1,0.020410099998116493,0.007850482825812482,0.773954316226639,0.9021494610896866,0.00786086051029373,0.78018392168496,0.9021556412538319,submitted
synthetic,synthetic/clean_block/small/seed-04,clean_block,Family A: Clean one-to-one,small,Small,,4.0,100,90,1.0,1,0.019894400000339374,0.006578528149519431,0.8183673469387756,0.914498299319728,0.006532825450895263,0.8084548104956268,0.9142249757045676,submitted
synthetic,synthetic/clean_block/small/seed-05,clean_block,Family A: Clean one-to-one,small,Small,,5.0,100,90,12.0,1,0.02736449999792967,0.00677394829436751,0.8839650145772595,0.9219873663751215,0.00704821380945385,0.858600583090379,0.920541788143829,submitted
synthetic,synthetic/clean_block/small/seed-06,clean_block,Family A: Clean one-to-one,small,Small,,6.0,100,90,12.0,1,0.029704600005061366,0.004798159140197779,0.8891983905911482,0.9398470545754668,0.004446855206573707,0.9056019808108945,0.9445153719178788,submitted
synthetic,synthetic/clean_block/small/seed-07,clean_block,Family A: Clean one-to-one,small,Small,,7.0,100,90,4.0,1,0.023454100009985268,0.005352095988700326,0.8790371724558196,0.9307777269957345,0.006214168879222641,0.8634978671541743,0.9244426670729232,submitted
synthetic,synthetic/clean_block/small/seed-08,clean_block,Family A: Clean one-to-one,small,Small,,8.0,100,90,1.0,1,0.02248939999844879,0.005873076520653206,0.8435978229733601,0.922043588274611,0.006125367818547485,0.8458894299627614,0.91972811037907,submitted
synthetic,synthetic/clean_block/small/seed-09,clean_block,Family A: Clean one-to-one,small,Small,,9.0,100,90,12.0,1,0.024629099993035197,0.0035548157336891427,0.943725379853686,0.953491371224911,0.003583551951933829,0.9403489026449071,0.9531337929093979,submitted
synthetic,synthetic/clean_block/small/seed-10,clean_block,Family A: Clean one-to-one,small,Small,,10.0,100,90,6.0,1,0.021566000010352582,0.0035184394326440572,0.9409024745269287,0.954081756428918,0.0036479125936761444,0.9315866084425036,0.9524502668607473,submitted
synthetic,synthetic/clean_block/small/seed-11,clean_block,Family A: Clean one-to-one,small,Small,,11.0,100,90,2.0,1,0.03445730000385083,0.004659782034667883,0.8938028938028938,0.9400593775593776,0.004668063860408901,0.8907998907998907,0.9394451269451269,submitted
synthetic,synthetic/clean_block/small/seed-12,clean_block,Family A: Clean one-to-one,small,Small,,12.0,100,90,12.0,1,0.022748899995349348,0.004076828200502885,0.9172272594325827,0.9466705664424296,0.004089080865132383,0.9181047089792337,0.9465913522472458,submitted
synthetic,synthetic/clean_block/small/seed-13,clean_block,Family A: Clean one-to-one,small,Small,,13.0,100,90,12.0,1,0.018289700004970655,0.0060771042187688215,0.8486033519553072,0.9224569366852886,0.0056412575078362455,0.8745810055865921,0.9294110800744879,submitted
synthetic,synthetic/clean_block/small/seed-14,clean_block,Family A: Clean one-to-one,small,Small,,14.0,100,90,1.0,1,0.030951699998695403,0.010799908477223138,0.7454853273137697,0.8886968585402558,0.007623947099665319,0.8044582392776524,0.9091892400300978,submitted
synthetic,synthetic/clean_block/small/seed-15,clean_block,Family A: Clean one-to-one,small,Small,,15.0,100,90,6.0,1,0.02095440000994131,0.004447077647543023,0.9144736842105263,0.9408788615560641,0.00604991295329794,0.8481121281464531,0.9225543478260869,submitted
synthetic,synthetic/clean_block/small/seed-16,clean_block,Family A: Clean one-to-one,small,Small,,16.0,100,90,6.0,1,0.019995700000436045,0.004597291408053256,0.8708228025835439,0.9374590470841524,0.004791399324817591,0.8542544229149115,0.9346040438079192,submitted
synthetic,synthetic/clean_block/small/seed-17,clean_block,Family A: Clean one-to-one,small,Small,,17.0,100,90,12.0,1,0.023645099994610064,0.003875721561032779,0.9133351220821035,0.9468629818442001,0.003640139383941791,0.9237993023879796,0.9504069403452287,submitted
synthetic,synthetic/clean_block/small/seed-18,clean_block,Family A: Clean one-to-one,small,Small,,18.0,100,90,2.0,1,0.026047299994388595,0.004518127843375672,0.8877992500721085,0.9380287953081434,0.004686259853758534,0.8788578021344101,0.9349882222863187,submitted
synthetic,synthetic/clean_block/small/seed-19,clean_block,Family A: Clean one-to-one,small,Small,,19.0,100,90,1.0,1,0.02509559999452904,0.00540020154415225,0.8532883642495784,0.930450159265505,0.005658039246210168,0.8501967397414277,0.9252096215102118,submitted
synthetic,synthetic/cross_block_leakage/large/seed-00,cross_block_leakage,Family E: Cross-block leakage,large,Large,,0.0,400,360,12.0,1,0.18818719999399036,0.016314926368920023,0.5821472143147621,0.8348879964755321,0.015869379954247618,0.6364666240632081,0.8465966856445709,submitted
synthetic,synthetic/cross_block_leakage/large/seed-01,cross_block_leakage,Family E: Cross-block leakage,large,Large,,1.0,400,360,12.0,1,0.23630030000640545,0.01840822937011831,0.5981976201586561,0.8273503120625292,0.014720077147858278,0.6528523098460103,0.8535268655700731,submitted
synthetic,synthetic/cross_block_leakage/large/seed-02,cross_block_leakage,Family E: Cross-block leakage,large,Large,,2.0,400,360,12.0,1,0.2366872999991756,0.017358935913788547,0.5641666666666667,0.8258201628352492,0.013910409890451614,0.672183908045977,0.8575927921455939,submitted
synthetic,synthetic/cross_block_leakage/large/seed-03,cross_block_leakage,Family E: Cross-block leakage,large,Large,,3.0,400,360,12.0,1,0.30530239999643527,0.014543785367460645,0.6346153846153846,0.8502172310795609,0.01374831382187036,0.6924240661003143,0.8627892373637457,submitted
synthetic,synthetic/cross_block_leakage/large/seed-04,cross_block_leakage,Family E: Cross-block leakage,large,Large,,4.0,400,360,12.0,1,0.19637000000511762,0.022346492273414374,0.508765428579573,0.7999771956329637,0.02115119100654151,0.524557452752202,0.8067436789145122,submitted
synthetic,synthetic/cross_block_leakage/large/seed-05,cross_block_leakage,Family E: Cross-block leakage,large,Large,,5.0,400,360,4.0,1,0.2644530000106897,0.016370250787160614,0.5961189287335452,0.8348659261991225,0.018180728075179883,0.549619836586473,0.8200341154108034,submitted
synthetic,synthetic/cross_block_leakage/large/seed-06,cross_block_leakage,Family E: Cross-block leakage,large,Large,,6.0,400,360,12.0,1,0.20126560000062454,0.01944311342021912,0.5158117458683593,0.8102888336097291,0.01695443050326772,0.5516955452621948,0.8274331169821392,submitted
synthetic,synthetic/cross_block_leakage/large/seed-07,cross_block_leakage,Family E: Cross-block leakage,large,Large,,7.0,400,360,12.0,1,0.23762529999658,0.02084716235682564,0.4921562680929668,0.8028825829634326,0.022382620894333217,0.5752253866725483,0.8165625890288845,submitted
synthetic,synthetic/cross_block_leakage/large/seed-08,cross_block_leakage,Family E: Cross-block leakage,large,Large,,8.0,400,360,1.0,1,0.223599800010561,0.020597959546359575,0.48386364281456673,0.8011641026368824,0.020931749599071365,0.5239419829127757,0.805644058736151,submitted
synthetic,synthetic/cross_block_leakage/large/seed-09,cross_block_leakage,Family E: Cross-block leakage,large,Large,,9.0,400,360,2.0,1,0.20931220000784378,0.015089567206840246,0.5846393601693669,0.8416215805620081,0.026088096471274785,0.39715957540651003,0.7678733325492273,submitted
synthetic,synthetic/cross_block_leakage/large/seed-10,cross_block_leakage,Family E: Cross-block leakage,large,Large,,10.0,400,360,12.0,1,0.22714770000311546,0.020598126807434766,0.5407767269382241,0.8095475081687604,0.018219078074536852,0.5500905510679277,0.820748411763015,submitted
synthetic,synthetic/cross_block_leakage/large/seed-11,cross_block_leakage,Family E: Cross-block leakage,large,Large,,11.0,400,360,6.0,1,0.21321480000915471,0.014740137667526569,0.6298067287043665,0.8489793605344786,0.018536273176277325,0.5232068718682892,0.816895728942973,submitted
synthetic,synthetic/cross_block_leakage/large/seed-12,cross_block_leakage,Family E: Cross-block leakage,large,Large,,12.0,400,360,12.0,1,0.2475447000033455,0.013971042926680107,0.6411430935634493,0.8521361585594105,0.012150440152718543,0.7020509486376263,0.8702605059400674,submitted
synthetic,synthetic/cross_block_leakage/large/seed-13,cross_block_leakage,Family E: Cross-block leakage,large,Large,,13.0,400,360,12.0,1,0.19556140000349842,0.016287115354314343,0.6060745513115509,0.839487819259089,0.01514164397342075,0.6712494247583985,0.85269920137291,submitted
synthetic,synthetic/cross_block_leakage/large/seed-14,cross_block_leakage,Family E: Cross-block leakage,large,Large,,14.0,400,360,12.0,1,0.24571659999492113,0.021451089332091725,0.47939452270539856,0.7971516172310205,0.020335632925717027,0.4765946277014612,0.8026183393122759,submitted
synthetic,synthetic/cross_block_leakage/large/seed-15,cross_block_leakage,Family E: Cross-block leakage,large,Large,,15.0,400,360,12.0,1,0.24996339999779593,0.0171882405087571,0.5892466395748671,0.8347494955810053,0.016712179638566266,0.6309642217738498,0.8420156156753531,submitted
synthetic,synthetic/cross_block_leakage/large/seed-16,cross_block_leakage,Family E: Cross-block leakage,large,Large,,16.0,400,360,12.0,1,0.19475889999011997,0.020686091601314616,0.5209987983939509,0.8062648369039594,0.015521252437807869,0.5935640807713725,0.8419631605169837,submitted
synthetic,synthetic/cross_block_leakage/large/seed-17,cross_block_leakage,Family E: Cross-block leakage,large,Large,,17.0,400,360,1.0,1,0.267655100004049,0.019763747387763646,0.4979638473031963,0.807495068311214,0.018166615008172793,0.599009755954648,0.8281678776159924,submitted
synthetic,synthetic/cross_block_leakage/large/seed-18,cross_block_leakage,Family E: Cross-block leakage,large,Large,,18.0,400,360,12.0,1,0.20687959999486338,0.021963089270226725,0.4578824054446056,0.7904951839041987,0.013873878515254104,0.6732120941649001,0.8588409758637361,submitted
synthetic,synthetic/cross_block_leakage/large/seed-19,cross_block_leakage,Family E: Cross-block leakage,large,Large,,19.0,400,360,12.0,1,0.22759329999098554,0.02121331175815451,0.4710404204170627,0.795340773559941,0.020610308914660258,0.5530273382903785,0.8180621168073648,submitted
synthetic,synthetic/cross_block_leakage/medium/seed-00,cross_block_leakage,Family E: Cross-block leakage,medium,Medium,,0.0,200,180,1.0,1,0.04848070000298321,0.016617655796333557,0.5566739606126915,0.8347100656455142,0.024333782572015853,0.40054704595185997,0.7754969000729394,submitted
synthetic,synthetic/cross_block_leakage/medium/seed-01,cross_block_leakage,Family E: Cross-block leakage,medium,Medium,,1.0,200,180,12.0,1,0.06347799999639392,0.017973260970015406,0.5777895855472901,0.8311769394261423,0.020533745009352386,0.506163655685441,0.812475646475381,submitted
synthetic,synthetic/cross_block_leakage/medium/seed-02,cross_block_leakage,Family E: Cross-block leakage,medium,Medium,,2.0,200,180,6.0,1,0.06225079999421723,0.014133945117088181,0.6564090960515896,0.8569502583248483,0.018982186125168915,0.5871704943998189,0.8273230380510616,submitted
synthetic,synthetic/cross_block_leakage/medium/seed-03,cross_block_leakage,Family E: Cross-block leakage,medium,Medium,,3.0,200,180,12.0,1,0.09000110000488348,0.015695559821052057,0.6326824938983803,0.8471567376673322,0.01779378980250411,0.5898602174395385,0.8317825049922343,submitted
synthetic,synthetic/cross_block_leakage/medium/seed-04,cross_block_leakage,Family E: Cross-block leakage,medium,Medium,,4.0,200,180,12.0,1,0.05898299999535084,0.018606984647645524,0.5869040781160253,0.8343121769098221,0.017279994389354503,0.5645031591039632,0.8306504882251581,submitted
synthetic,synthetic/cross_block_leakage/medium/seed-05,cross_block_leakage,Family E: Cross-block leakage,medium,Medium,,5.0,200,180,2.0,1,0.0892020000028424,0.012614485505073459,0.6444707273802484,0.8637049083382614,0.015980561164012027,0.5392075694855115,0.8328035679085355,submitted
synthetic,synthetic/cross_block_leakage/medium/seed-06,cross_block_leakage,Family E: Cross-block leakage,medium,Medium,,6.0,200,180,2.0,1,0.08123619999969378,0.014887265502985162,0.6444712593242651,0.8521189849349129,0.021590817867150166,0.49725756910925845,0.802174747696358,submitted
synthetic,synthetic/cross_block_leakage/medium/seed-07,cross_block_leakage,Family E: Cross-block leakage,medium,Medium,,7.0,200,180,12.0,1,0.06441649999760557,0.016541883416758173,0.6022650818569186,0.8372719967107723,0.017326427112705656,0.5669432608208118,0.8308547320026912,submitted
synthetic,synthetic/cross_block_leakage/medium/seed-08,cross_block_leakage,Family E: Cross-block leakage,medium,Medium,,8.0,200,180,12.0,1,0.10095849999925122,0.01633749684143778,0.6156919320830097,0.8425258017978027,0.018378475294569655,0.5603151703473532,0.8302005881700145,submitted
synthetic,synthetic/cross_block_leakage/medium/seed-09,cross_block_leakage,Family E: Cross-block leakage,medium,Medium,,9.0,200,180,12.0,1,0.06720460001088213,0.014956891854446956,0.593012494215641,0.8466783317908375,0.01527457676109665,0.6201989819527997,0.8520071726052754,submitted
synthetic,synthetic/cross_block_leakage/medium/seed-10,cross_block_leakage,Family E: Cross-block leakage,medium,Medium,,10.0,200,180,12.0,1,0.06602969999948982,0.016003948151736686,0.6286217913407514,0.8436134368917778,0.01391394232564153,0.6780874738349675,0.8612656531159341,submitted
synthetic,synthetic/cross_block_leakage/medium/seed-11,cross_block_leakage,Family E: Cross-block leakage,medium,Medium,,11.0,200,180,12.0,1,0.0798549000028288,0.018691603168724227,0.5560809324829558,0.8241697822740269,0.017869748341674874,0.5892896415218826,0.8346643391246977,submitted
synthetic,synthetic/cross_block_leakage/medium/seed-12,cross_block_leakage,Family E: Cross-block leakage,medium,Medium,,12.0,200,180,4.0,1,0.0657136000081664,0.01886255111960613,0.5299523485364194,0.8193664435367976,0.02132961556951347,0.4928522804628999,0.8036078965282506,submitted
synthetic,synthetic/cross_block_leakage/medium/seed-13,cross_block_leakage,Family E: Cross-block leakage,medium,Medium,,13.0,200,180,4.0,1,0.053856899990933016,0.013995572849973548,0.6733442802408319,0.865311986863711,0.01578464530587833,0.6527640941434045,0.8531768837803321,submitted
synthetic,synthetic/cross_block_leakage/medium/seed-14,cross_block_leakage,Family E: Cross-block leakage,medium,Medium,,14.0,200,180,12.0,1,0.0725533000077121,0.01766911927696456,0.5230005515719801,0.8224305938591653,0.015263963597689995,0.5822393822393822,0.8422986762272476,submitted
synthetic,synthetic/cross_block_leakage/medium/seed-15,cross_block_leakage,Family E: Cross-block leakage,medium,Medium,,15.0,200,180,12.0,1,0.05598189999000169,0.017834362947674993,0.5823817292006526,0.8328620627152439,0.018515421915013562,0.6166394779771615,0.8355084284937466,submitted
synthetic,synthetic/cross_block_leakage/medium/seed-16,cross_block_leakage,Family E: Cross-block leakage,medium,Medium,,16.0,200,180,4.0,1,0.05274020000069868,0.01274897341719941,0.7015023577146617,0.872475509010491,0.014682696888459097,0.623642943305187,0.8522247505208906,submitted
synthetic,synthetic/cross_block_leakage/medium/seed-17,cross_block_leakage,Family E: Cross-block leakage,medium,Medium,,17.0,200,180,4.0,1,0.06169519999821205,0.014989082998235348,0.6750989881214254,0.8706921836046341,0.014487007888116717,0.6878574571051473,0.8664851884440534,submitted
synthetic,synthetic/cross_block_leakage/medium/seed-18,cross_block_leakage,Family E: Cross-block leakage,medium,Medium,,18.0,200,180,12.0,1,0.05361299999640323,0.016070923767229576,0.5906510851419031,0.8374930439621592,0.014266808906997087,0.6353923205342237,0.8531534038211834,submitted
synthetic,synthetic/cross_block_leakage/medium/seed-19,cross_block_leakage,Family E: Cross-block leakage,medium,Medium,,19.0,200,180,12.0,1,0.06617700000060722,0.01905985942256259,0.5371358683566823,0.8190251834556371,0.017777196001988318,0.5870580386924616,0.8325666184863983,submitted
synthetic,synthetic/cross_block_leakage/small/seed-00,cross_block_leakage,Family E: Cross-block leakage,small,Small,,0.0,100,90,8.0,1,0.032342499995138496,0.022244938222335933,0.4887029288702929,0.809126569037657,0.017088889131644556,0.602092050209205,0.8480997210599721,submitted
synthetic,synthetic/cross_block_leakage/small/seed-01,cross_block_leakage,Family E: Cross-block leakage,small,Small,,1.0,100,90,12.0,1,0.04268400000000838,0.015683530743787453,0.5900813638124758,0.8449890223427612,0.015532936725969091,0.6009298721425804,0.8460706444530545,submitted
synthetic,synthetic/cross_block_leakage/small/seed-02,cross_block_leakage,Family E: Cross-block leakage,small,Small,,2.0,100,90,12.0,1,0.040573400008725,0.01666025983417083,0.6423681031010874,0.8510538327292254,0.016510120764946554,0.6363270237615787,0.8522788293730703,submitted
synthetic,synthetic/cross_block_leakage/small/seed-03,cross_block_leakage,Family E: Cross-block leakage,small,Small,,3.0,100,90,2.0,1,0.03457170000183396,0.014477191666495158,0.6771488469601677,0.8653651292802236,0.012330321057544098,0.659538784067086,0.8724231306778477,submitted
synthetic,synthetic/cross_block_leakage/small/seed-04,cross_block_leakage,Family E: Cross-block leakage,small,Small,,4.0,100,90,1.0,1,0.04269070000736974,0.016933351691015744,0.6744186046511628,0.8635335917312662,0.014436129063305781,0.6304909560723514,0.8594243468274476,submitted
synthetic,synthetic/cross_block_leakage/small/seed-05,cross_block_leakage,Family E: Cross-block leakage,small,Small,,5.0,100,90,1.0,1,0.020118700005696155,0.014904614024452914,0.6539269214615707,0.8586728265434691,0.01496361392441088,0.625367492650147,0.8557766344673107,submitted
synthetic,synthetic/cross_block_leakage/small/seed-06,cross_block_leakage,Family E: Cross-block leakage,small,Small,,6.0,100,90,8.0,1,0.0448099000059301,0.02331277922797657,0.606951871657754,0.8248265215176981,0.018547753425232467,0.5744843391902216,0.8352431881843647,submitted
synthetic,synthetic/cross_block_leakage/small/seed-07,cross_block_leakage,Family E: Cross-block leakage,small,Small,,7.0,100,90,8.0,1,0.04322239999601152,0.014606823391562615,0.5832981864192324,0.8503883734008154,0.014752802031899197,0.5824546604808097,0.8485343736819908,submitted
synthetic,synthetic/cross_block_leakage/small/seed-08,cross_block_leakage,Family E: Cross-block leakage,small,Small,,8.0,100,90,12.0,1,0.043755599996075034,0.01763793504950125,0.5658720200752823,0.8355987731771923,0.016383481631529674,0.5800920117105813,0.842281820716576,submitted
synthetic,synthetic/cross_block_leakage/small/seed-09,cross_block_leakage,Family E: Cross-block leakage,small,Small,,9.0,100,90,8.0,1,0.04071560000011232,0.014097125849793554,0.654126679462572,0.8610764555342291,0.014243895000749214,0.6333973128598849,0.8582133717210493,submitted
synthetic,synthetic/cross_block_leakage/small/seed-10,cross_block_leakage,Family E: Cross-block leakage,small,Small,,10.0,100,90,12.0,1,0.038031399992178194,0.015364052606772786,0.6505281690140845,0.8558263644366197,0.014149871582974245,0.6822183098591549,0.8675817928403757,submitted
synthetic,synthetic/cross_block_leakage/small/seed-11,cross_block_leakage,Family E: Cross-block leakage,small,Small,,11.0,100,90,8.0,1,0.03177319999667816,0.018757755373878977,0.6468517794290184,0.8482678268804589,0.017049781096645976,0.6511536957371921,0.8558939512449485,submitted
synthetic,synthetic/cross_block_leakage/small/seed-12,cross_block_leakage,Family E: Cross-block leakage,small,Small,,12.0,100,90,12.0,1,0.03207030000339728,0.013477450498791418,0.6855166802278275,0.8702196908055331,0.013450555540928916,0.7034174125305126,0.8734489422294549,submitted
synthetic,synthetic/cross_block_leakage/small/seed-13,cross_block_leakage,Family E: Cross-block leakage,small,Small,,13.0,100,90,4.0,1,0.04271940000762697,0.017024169904489433,0.6423473433782713,0.8538527623579171,0.016307037990211982,0.5884218873909596,0.8484420433518373,submitted
synthetic,synthetic/cross_block_leakage/small/seed-14,cross_block_leakage,Family E: Cross-block leakage,small,Small,,14.0,100,90,6.0,1,0.035502799990354106,0.015544453523664903,0.6945945945945946,0.865958815958816,0.014873915147832203,0.6868725868725869,0.8659346846846847,submitted
synthetic,synthetic/cross_block_leakage/small/seed-15,cross_block_leakage,Family E: Cross-block leakage,small,Small,,15.0,100,90,12.0,1,0.04292870000062976,0.015284139783511877,0.6266666666666667,0.8535249042145593,0.015490298704297486,0.6372413793103449,0.8538218390804597,submitted
synthetic,synthetic/cross_block_leakage/small/seed-16,cross_block_leakage,Family E: Cross-block leakage,small,Small,,16.0,100,90,1.0,1,0.0442439999897033,0.012995906527671342,0.7149980820866897,0.881720687891574,0.013228716984856798,0.7046413502109705,0.8768459915611815,submitted
synthetic,synthetic/cross_block_leakage/small/seed-17,cross_block_leakage,Family E: Cross-block leakage,small,Small,,17.0,100,90,2.0,1,0.03574889998708386,0.013258035323156551,0.7391118701964133,0.8805330202106462,0.013547488405176498,0.6865926558497011,0.8718776686592656,submitted
synthetic,synthetic/cross_block_leakage/small/seed-18,cross_block_leakage,Family E: Cross-block leakage,small,Small,,18.0,100,90,2.0,1,0.040139500008081086,0.013709880785444075,0.6817375886524822,0.8662732712765957,0.0161473677972218,0.511968085106383,0.8350971483451537,submitted
synthetic,synthetic/cross_block_leakage/small/seed-19,cross_block_leakage,Family E: Cross-block leakage,small,Small,,19.0,100,90,12.0,1,0.041454699996393174,0.01551658433388681,0.658952496954933,0.8588611449451888,0.015361453999381882,0.6601705237515225,0.8626928542427934,submitted
synthetic,synthetic/paired_overlap/large/seed-00,paired_overlap,Family B: Paired subgroup overlap,large,Large,,0.0,400,360,2.0,1,0.22130269999615848,0.008861391220005857,0.7172882792633121,0.8854339247643267,0.010528809953273426,0.6775256222547584,0.8716455074362334,submitted
synthetic,synthetic/paired_overlap/large/seed-01,paired_overlap,Family B: Paired subgroup overlap,large,Large,,1.0,400,360,2.0,1,0.2576016999955755,0.009642759835324961,0.6878506499853386,0.8774223764376243,0.01176416793140706,0.6054149154530349,0.8562339132701267,submitted
synthetic,synthetic/paired_overlap/large/seed-02,paired_overlap,Family B: Paired subgroup overlap,large,Large,,2.0,400,360,12.0,1,0.26841889999923296,0.007431254284478113,0.7542263442122564,0.8969392430408808,0.011037616468348924,0.6353995460593254,0.8634150556990425,submitted
synthetic,synthetic/paired_overlap/large/seed-03,paired_overlap,Family B: Paired subgroup overlap,large,Large,,3.0,400,360,12.0,1,0.24496619999990799,0.007605131585354537,0.7415140033592438,0.8948250719372941,0.011243601186299565,0.6216749345728683,0.8596852499251333,submitted
synthetic,synthetic/paired_overlap/large/seed-04,paired_overlap,Family B: Paired subgroup overlap,large,Large,,4.0,400,360,8.0,1,0.2946304999932181,0.008282192008738387,0.7215241737230265,0.8893102652150727,0.01172779251831332,0.6255121551488664,0.8590483994745126,submitted
synthetic,synthetic/paired_overlap/large/seed-05,paired_overlap,Family B: Paired subgroup overlap,large,Large,,5.0,400,360,12.0,1,0.2733938000019407,0.007523809849367803,0.7561590199841057,0.8974142776840922,0.007854917719514375,0.7420480316334245,0.8936785647367436,submitted
synthetic,synthetic/paired_overlap/large/seed-06,paired_overlap,Family B: Paired subgroup overlap,large,Large,,6.0,400,360,6.0,1,0.2811753999994835,0.009910511024669572,0.6757622839386288,0.8757096847284263,0.012301000286715089,0.6135754515439891,0.8547088431410631,submitted
synthetic,synthetic/paired_overlap/large/seed-07,paired_overlap,Family B: Paired subgroup overlap,large,Large,,7.0,400,360,12.0,1,0.2735800999944331,0.00891459565929936,0.7061827956989247,0.8827072932667692,0.011658936759148524,0.6414170506912442,0.8602270545314901,submitted
synthetic,synthetic/paired_overlap/large/seed-08,paired_overlap,Family B: Paired subgroup overlap,large,Large,,8.0,400,360,8.0,1,0.21012509999854956,0.008144278695702927,0.7389903751718719,0.8909542165913704,0.0094257611752477,0.695659006089177,0.8792231388725201,submitted
synthetic,synthetic/paired_overlap/large/seed-09,paired_overlap,Family B: Paired subgroup overlap,large,Large,,9.0,400,360,6.0,1,0.24640370000270195,0.01493383327597187,0.5440516327906753,0.8332659024499888,0.017704598775587305,0.5246122724207687,0.81771345085573,submitted
synthetic,synthetic/paired_overlap/large/seed-10,paired_overlap,Family B: Paired subgroup overlap,large,Large,,10.0,400,360,12.0,1,0.2181676000036532,0.008062838217923285,0.7388558405438813,0.8923688903481665,0.008053887440893468,0.7413280284301607,0.8928368516944788,submitted
synthetic,synthetic/paired_overlap/large/seed-11,paired_overlap,Family B: Paired subgroup overlap,large,Large,,11.0,400,360,8.0,1,0.2448030999948969,0.00837294952439887,0.7221053038055336,0.8881790653820658,0.00885967659390205,0.7138995617168343,0.8847467321838859,submitted
synthetic,synthetic/paired_overlap/large/seed-12,paired_overlap,Family B: Paired subgroup overlap,large,Large,,12.0,400,360,4.0,1,0.2778773000027286,0.008915773922894067,0.6949775732958593,0.8814577036851664,0.009600131966066721,0.6789419985754711,0.8758514286997645,submitted
synthetic,synthetic/paired_overlap/large/seed-13,paired_overlap,Family B: Paired subgroup overlap,large,Large,,13.0,400,360,4.0,1,0.2193869999900926,0.007435123380067348,0.7521382508231536,0.8966715049259325,0.008868024525622598,0.7030412843142985,0.8823884927361169,submitted
synthetic,synthetic/paired_overlap/large/seed-14,paired_overlap,Family B: Paired subgroup overlap,large,Large,,14.0,400,360,12.0,1,0.22152950000599958,0.008102691595961735,0.7329232074671193,0.8914512380915648,0.009886342305708593,0.6767269641686273,0.874607471619033,submitted
synthetic,synthetic/paired_overlap/large/seed-15,paired_overlap,Family B: Paired subgroup overlap,large,Large,,15.0,400,360,8.0,1,0.3957508000021335,0.008098443755860099,0.7380920408985402,0.8924143311144789,0.010145424078193027,0.6684187304571352,0.8724562303772052,submitted
synthetic,synthetic/paired_overlap/large/seed-16,paired_overlap,Family B: Paired subgroup overlap,large,Large,,16.0,400,360,12.0,1,0.25724259999697097,0.008339608377930815,0.7291730887792849,0.8882785206021373,0.007812934929552269,0.7436035758323057,0.8945573398325115,submitted
synthetic,synthetic/paired_overlap/large/seed-17,paired_overlap,Family B: Paired subgroup overlap,large,Large,,17.0,400,360,12.0,1,0.32408310000027996,0.007443069180186676,0.754155578695669,0.8975286680293623,0.007557971868044198,0.7559103706274828,0.8970827387609756,submitted
synthetic,synthetic/paired_overlap/large/seed-18,paired_overlap,Family B: Paired subgroup overlap,large,Large,,18.0,400,360,2.0,1,0.2088999999978114,0.006608025874353494,0.7832233373686882,0.9046639265305061,0.00638743492055038,0.7862498535556683,0.907074156155218,submitted
synthetic,synthetic/paired_overlap/large/seed-19,paired_overlap,Family B: Paired subgroup overlap,large,Large,,19.0,400,360,12.0,1,0.26862840000831056,0.008546850984217128,0.7189644838853121,0.8862345249373264,0.008402224470905186,0.7221158865495041,0.8874541628804724,submitted
synthetic,synthetic/paired_overlap/medium/seed-00,paired_overlap,Family B: Paired subgroup overlap,medium,Medium,,0.0,200,180,12.0,1,0.06108830000448506,0.008495938328795982,0.7320592524368716,0.8920676951416071,0.008665981418169363,0.7329035229104306,0.8900289738276154,submitted
synthetic,synthetic/paired_overlap/medium/seed-01,paired_overlap,Family B: Paired subgroup overlap,medium,Medium,,1.0,200,180,12.0,1,0.06685690001177136,0.007807078078367454,0.758337140246688,0.8984029998477235,0.008296112786091731,0.7264352063347038,0.8920549718288413,submitted
synthetic,synthetic/paired_overlap/medium/seed-02,paired_overlap,Family B: Paired subgroup overlap,medium,Medium,,2.0,200,180,1.0,1,0.06878739999956451,0.00837575615832586,0.7396768402154399,0.8933896868142829,0.007587600619313929,0.75516157989228,0.8989704892280073,submitted
synthetic,synthetic/paired_overlap/medium/seed-03,paired_overlap,Family B: Paired subgroup overlap,medium,Medium,,3.0,200,180,4.0,1,0.06754030000593048,0.007796517256373192,0.7527548209366391,0.8991987424752577,0.011609870105125614,0.6114937251300888,0.8620038771553923,submitted
synthetic,synthetic/paired_overlap/medium/seed-04,paired_overlap,Family B: Paired subgroup overlap,medium,Medium,,4.0,200,180,4.0,1,0.07063060000655241,0.00709998222298424,0.7822748956469887,0.9063555953090837,0.012263840410860425,0.6346899224806202,0.8604589047903002,submitted
synthetic,synthetic/paired_overlap/medium/seed-05,paired_overlap,Family B: Paired subgroup overlap,medium,Medium,,5.0,200,180,12.0,1,0.07183799998892937,0.007814174435030474,0.7528140477262495,0.899299302116164,0.0071028959674331,0.7773525438991445,0.9056574866176397,submitted
synthetic,synthetic/paired_overlap/medium/seed-06,paired_overlap,Family B: Paired subgroup overlap,medium,Medium,,6.0,200,180,1.0,1,0.06669470001361333,0.011269754129495624,0.6372206173027216,0.8653498935684963,0.008251062976666427,0.7299680705488825,0.8925421924889768,submitted
synthetic,synthetic/paired_overlap/medium/seed-07,paired_overlap,Family B: Paired subgroup overlap,medium,Medium,,7.0,200,180,12.0,1,0.0637365000002319,0.013181346389962408,0.6102272727272727,0.8549715909090909,0.006378581897897141,0.7934848484848485,0.9115183080808081,submitted
synthetic,synthetic/paired_overlap/medium/seed-08,paired_overlap,Family B: Paired subgroup overlap,medium,Medium,,8.0,200,180,1.0,1,0.065124000000651,0.007894238958291623,0.7432813659985152,0.8951791017074981,0.005969744583752188,0.819970304380104,0.9175080425637218,submitted
synthetic,synthetic/paired_overlap/medium/seed-09,paired_overlap,Family B: Paired subgroup overlap,medium,Medium,,9.0,200,180,8.0,1,0.0772195999888936,0.006218281732518191,0.8145318352059925,0.9151576154806492,0.006511719057803459,0.7978277153558052,0.9127840199750312,submitted
synthetic,synthetic/paired_overlap/medium/seed-10,paired_overlap,Family B: Paired subgroup overlap,medium,Medium,,10.0,200,180,1.0,1,0.07487949999631383,0.011656988373320564,0.6276958002270148,0.8637170513305588,0.013845077731816122,0.5895573212258797,0.8480246563248832,submitted
synthetic,synthetic/paired_overlap/medium/seed-11,paired_overlap,Family B: Paired subgroup overlap,medium,Medium,,11.0,200,180,2.0,1,0.07342109999444801,0.010253613613102898,0.6642268984446478,0.875271614821592,0.010239511951511612,0.6636169563891431,0.8748014511538071,submitted
synthetic,synthetic/paired_overlap/medium/seed-12,paired_overlap,Family B: Paired subgroup overlap,medium,Medium,,12.0,200,180,12.0,1,0.07275970000773668,0.006845950867784825,0.7850007345379756,0.9083633269673375,0.012229981945729038,0.6402232995445865,0.8623751285441457,submitted
synthetic,synthetic/paired_overlap/medium/seed-13,paired_overlap,Family B: Paired subgroup overlap,medium,Medium,,13.0,200,180,1.0,1,0.08202970000274945,0.010647097710539013,0.6573604060913706,0.8713250846023689,0.0069042781889148905,0.7705285159749179,0.9068083134268936,submitted
synthetic,synthetic/paired_overlap/medium/seed-14,paired_overlap,Family B: Paired subgroup overlap,medium,Medium,,14.0,200,180,12.0,1,0.12018300000636373,0.011433065296901714,0.6963544754001185,0.8747329455641178,0.009073067239443457,0.7300681683461766,0.8887139399328196,submitted
synthetic,synthetic/paired_overlap/medium/seed-15,paired_overlap,Family B: Paired subgroup overlap,medium,Medium,,15.0,200,180,1.0,1,0.06856869999319315,0.011651862834918028,0.633020523384451,0.8633967854327205,0.01626066143576856,0.5751125352864881,0.8356015233590194,submitted
synthetic,synthetic/paired_overlap/medium/seed-16,paired_overlap,Family B: Paired subgroup overlap,medium,Medium,,16.0,200,180,12.0,1,0.09508830000413582,0.014367477375971433,0.5640894848065292,0.8417862955136147,0.008217729517672585,0.739707061138235,0.8953930748864437,submitted
synthetic,synthetic/paired_overlap/medium/seed-17,paired_overlap,Family B: Paired subgroup overlap,medium,Medium,,17.0,200,180,12.0,1,0.08366580000438262,0.009441700720352615,0.7172134224157346,0.8866435828141032,0.008931318650217577,0.7230688386757751,0.8893867452393465,submitted
synthetic,synthetic/paired_overlap/medium/seed-18,paired_overlap,Family B: Paired subgroup overlap,medium,Medium,,18.0,200,180,1.0,1,0.07400880000204779,0.01051643944128027,0.6730695645519247,0.8738504757531697,0.009282332347446985,0.7132471110430857,0.8859164944771817,submitted
synthetic,synthetic/paired_overlap/medium/seed-19,paired_overlap,Family B: Paired subgroup overlap,medium,Medium,,19.0,200,180,2.0,1,0.08735840000736061,0.007098322187342108,0.7819670921567181,0.9061923559359552,0.009866529583837418,0.6909909245185568,0.8794132295432745,submitted
synthetic,synthetic/paired_overlap/small/seed-00,paired_overlap,Family B: Paired subgroup overlap,small,Small,,0.0,100,90,12.0,1,0.036404600003152154,0.022069081832183635,0.4682448036951501,0.802017176674365,0.016460513767130765,0.5017321016166282,0.8284076693610469,submitted
synthetic,synthetic/paired_overlap/small/seed-01,paired_overlap,Family B: Paired subgroup overlap,small,Small,,1.0,100,90,6.0,1,0.045538699996541254,0.013652083488586009,0.5948745910577972,0.856989503816794,0.01449854762819101,0.596782988004362,0.8517641312250092,submitted
synthetic,synthetic/paired_overlap/small/seed-02,paired_overlap,Family B: Paired subgroup overlap,small,Small,,2.0,100,90,4.0,1,0.033607100005610846,0.012249751630985193,0.6198188306340928,0.8642087565193521,0.012390032448166088,0.5923689267087565,0.8615895781864764,submitted
synthetic,synthetic/paired_overlap/small/seed-03,paired_overlap,Family B: Paired subgroup overlap,small,Small,,3.0,100,90,4.0,1,0.03297339999699034,0.007570239424440329,0.7968436154949785,0.9128825920612147,0.007076337718251541,0.8065997130559541,0.91357006217121,submitted
synthetic,synthetic/paired_overlap/small/seed-04,paired_overlap,Family B: Paired subgroup overlap,small,Small,,4.0,100,90,1.0,1,0.026010800007497892,0.01365449315861494,0.5989847715736041,0.8552304170399124,0.012558001543885491,0.5971931919976112,0.8585149795958994,submitted
synthetic,synthetic/paired_overlap/small/seed-05,paired_overlap,Family B: Paired subgroup overlap,small,Small,,5.0,100,90,2.0,1,0.026870100002270192,0.007041881568925922,0.8088888888888889,0.9150061728395062,0.01207588473914148,0.6447407407407407,0.8684814814814814,submitted
synthetic,synthetic/paired_overlap/small/seed-06,paired_overlap,Family B: Paired subgroup overlap,small,Small,,6.0,100,90,4.0,1,0.036194999993313104,0.008088649892211008,0.7678420310296192,0.9027444757874942,0.00634555600395045,0.7960507757404796,0.9157498824635638,submitted
synthetic,synthetic/paired_overlap/small/seed-07,paired_overlap,Family B: Paired subgroup overlap,small,Small,,7.0,100,90,12.0,1,0.03621640001074411,0.015292331449828458,0.6259977194982896,0.8529432725199544,0.014396959411705233,0.5744013683010262,0.8471529361459521,submitted
synthetic,synthetic/paired_overlap/small/seed-08,paired_overlap,Family B: Paired subgroup overlap,small,Small,,8.0,100,90,6.0,1,0.022646900004474446,0.008695970619362992,0.7617905675459632,0.8991251443289814,0.009346673278478263,0.73994138022915,0.8943234301447731,submitted
synthetic,synthetic/paired_overlap/small/seed-09,paired_overlap,Family B: Paired subgroup overlap,small,Small,,9.0,100,90,1.0,1,0.039845299994340166,0.00928176556552334,0.7318799546998868,0.8925478954322386,0.01159685778774607,0.6540203850509626,0.8719092110230277,submitted
synthetic,synthetic/paired_overlap/small/seed-10,paired_overlap,Family B: Paired subgroup overlap,small,Small,,10.0,100,90,2.0,1,0.02395960000285413,0.007813986970655714,0.7924173164829256,0.9093226225687909,0.007723965177055461,0.7918795375100833,0.9081070180155957,submitted
synthetic,synthetic/paired_overlap/small/seed-11,paired_overlap,Family B: Paired subgroup overlap,small,Small,,11.0,100,90,12.0,1,0.036268400013796054,0.006880495829256935,0.8028603477285474,0.9171515703869882,0.006858996745864558,0.8037016264722378,0.9166841933071602,submitted
synthetic,synthetic/paired_overlap/small/seed-12,paired_overlap,Family B: Paired subgroup overlap,small,Small,,12.0,100,90,6.0,1,0.030946799990488216,0.010296917699204607,0.7089994079336885,0.8843743832642589,0.01299441596809135,0.7030787448194198,0.8733779850009867,submitted
synthetic,synthetic/paired_overlap/small/seed-13,paired_overlap,Family B: Paired subgroup overlap,small,Small,,13.0,100,90,1.0,1,0.020325599994976074,0.010245354657088392,0.7544395116537181,0.8940008786533481,0.01633536257137112,0.5288568257491676,0.8323159452460229,submitted
synthetic,synthetic/paired_overlap/small/seed-14,paired_overlap,Family B: Paired subgroup overlap,small,Small,,14.0,100,90,2.0,1,0.04482599999755621,0.008644148042235634,0.7728723404255319,0.9017231826241134,0.009163877440851727,0.7420212765957447,0.8963984929078015,submitted
synthetic,synthetic/paired_overlap/small/seed-15,paired_overlap,Family B: Paired subgroup overlap,small,Small,,15.0,100,90,1.0,1,0.035526599996956065,0.013244189517879068,0.7070405727923628,0.8740615055688147,0.012800881377319981,0.6452863961813843,0.8653478023070804,submitted
synthetic,synthetic/paired_overlap/small/seed-16,paired_overlap,Family B: Paired subgroup overlap,small,Small,,16.0,100,90,2.0,1,0.024288400003570132,0.012580025540033239,0.6296191819464034,0.8618770568876352,0.013435919188937568,0.6143864598025388,0.8590503055947344,submitted
synthetic,synthetic/paired_overlap/small/seed-17,paired_overlap,Family B: Paired subgroup overlap,small,Small,,17.0,100,90,8.0,1,0.02461020000919234,0.009705295740070452,0.7002999727297519,0.8862035269520953,0.009598170820271673,0.6932097082083447,0.8860330879010998,submitted
synthetic,synthetic/paired_overlap/small/seed-18,paired_overlap,Family B: Paired subgroup overlap,small,Small,,18.0,100,90,6.0,1,0.0286921000079019,0.007747269586086962,0.8170800450958287,0.9136074314167606,0.008539815811849634,0.7787485907553551,0.9027973506200676,submitted
synthetic,synthetic/paired_overlap/small/seed-19,paired_overlap,Family B: Paired subgroup overlap,small,Small,,19.0,100,90,1.0,1,0.038613600001554005,0.00913713394092659,0.772165797419709,0.9025985909049319,0.012227477117534866,0.6038978863573977,0.8629792295726966,submitted
synthetic,synthetic/shared_super/large/seed-00,shared_super,Family C: Shared super-prototype,large,Large,,0.0,400,360,2.0,1,0.210715799999889,0.010655280804851166,0.6650688559322034,0.8718264477401131,0.012677660860802919,0.630614406779661,0.8564756576624294,submitted
synthetic,synthetic/shared_super/large/seed-01,shared_super,Family C: Shared super-prototype,large,Large,,1.0,400,360,2.0,1,0.24440839998715091,0.010685112962141308,0.6358216970998926,0.8659875134264232,0.011098332424835499,0.6351772287862514,0.8620502148227712,submitted
synthetic,synthetic/shared_super/large/seed-02,shared_super,Family C: Shared super-prototype,large,Large,,2.0,400,360,8.0,1,0.25826649999362417,0.007385504233492834,0.7639440920217946,0.9003848499205952,0.01025277230312747,0.7153536363875654,0.8805934300229002,submitted
synthetic,synthetic/shared_super/large/seed-03,shared_super,Family C: Shared super-prototype,large,Large,,3.0,400,360,12.0,1,0.2145042000047397,0.008153556872882283,0.7420897125973677,0.8930421255260096,0.013287431975793504,0.6184528605962933,0.8501348598800251,submitted
synthetic,synthetic/shared_super/large/seed-04,shared_super,Family C: Shared super-prototype,large,Large,,4.0,400,360,8.0,1,0.24997409999195952,0.008938717029417273,0.7107433688565369,0.884707239052831,0.00814592792943426,0.7317168966510434,0.8931232707531443,submitted
synthetic,synthetic/shared_super/large/seed-05,shared_super,Family C: Shared super-prototype,large,Large,,5.0,400,360,6.0,1,0.24002709999331273,0.012498536184545697,0.5966871295512278,0.8505388045088907,0.013458394880557356,0.5763653683319221,0.8430620237087214,submitted
synthetic,synthetic/shared_super/large/seed-06,shared_super,Family C: Shared super-prototype,large,Large,,6.0,400,360,6.0,1,0.25223600000026636,0.007420626997156344,0.7469777081063846,0.8958554746658874,0.008487497928103997,0.7281664319685416,0.8864155175315072,submitted
synthetic,synthetic/shared_super/large/seed-07,shared_super,Family C: Shared super-prototype,large,Large,,7.0,400,360,4.0,1,0.2580247000005329,0.009818121771754043,0.6747268679128049,0.8759066647681183,0.01262330467255415,0.6210583544762596,0.854305282279639,submitted
synthetic,synthetic/shared_super/large/seed-08,shared_super,Family C: Shared super-prototype,large,Large,,8.0,400,360,12.0,1,0.2360637000092538,0.006360454942880105,0.8126407289103,0.9118698835768271,0.006611503874464634,0.7980572864847882,0.9068963711577736,submitted
synthetic,synthetic/shared_super/large/seed-09,shared_super,Family C: Shared super-prototype,large,Large,,9.0,400,360,8.0,1,0.2235406999971019,0.008053550023582483,0.7499121502905798,0.8956221561472272,0.010923301283356265,0.6210839302608461,0.8601533991079876,submitted
synthetic,synthetic/shared_super/large/seed-10,shared_super,Family C: Shared super-prototype,large,Large,,10.0,400,360,8.0,1,0.2089031000068644,0.007910242941281113,0.7355998727060571,0.893353753403345,0.007987706444463843,0.7447491248541424,0.8931885585728935,submitted
synthetic,synthetic/shared_super/large/seed-11,shared_super,Family C: Shared super-prototype,large,Large,,11.0,400,360,4.0,1,0.21480530001281295,0.008901922218296755,0.6957832947385427,0.8824513750516093,0.010127700032760806,0.6614788087673004,0.8711354722027752,submitted
synthetic,synthetic/shared_super/large/seed-12,shared_super,Family C: Shared super-prototype,large,Large,,12.0,400,360,2.0,1,0.24991250000311993,0.011065513634619268,0.6248720021557531,0.8609460612593193,0.007698402203827084,0.7631905146860685,0.8959669451181174,submitted
synthetic,synthetic/shared_super/large/seed-13,shared_super,Family C: Shared super-prototype,large,Large,,13.0,400,360,2.0,1,0.20865990000311285,0.009208332215039857,0.687414920592553,0.879162218070199,0.01105604471397276,0.6123048178299746,0.8592325058943904,submitted
synthetic,synthetic/shared_super/large/seed-14,shared_super,Family C: Shared super-prototype,large,Large,,14.0,400,360,4.0,1,0.1881573999999091,0.00872167128579741,0.7236831415030467,0.8853413450688333,0.013198653392500832,0.5721597833446175,0.8454491085533741,submitted
synthetic,synthetic/shared_super/large/seed-15,shared_super,Family C: Shared super-prototype,large,Large,,15.0,400,360,4.0,1,0.28654739999910817,0.008896391236600916,0.692731393632722,0.8813338955653947,0.009644137488287146,0.6821368332279149,0.8760931680019679,submitted
synthetic,synthetic/shared_super/large/seed-16,shared_super,Family C: Shared super-prototype,large,Large,,16.0,400,360,12.0,1,0.1829264999978477,0.008549527557982214,0.7353202248702154,0.8920888587029616,0.01076814371949727,0.6418484546897275,0.8659907335180353,submitted
synthetic,synthetic/shared_super/large/seed-17,shared_super,Family C: Shared super-prototype,large,Large,,17.0,400,360,8.0,1,0.19395130001066718,0.011122498085483096,0.6616770433169956,0.8667925111493796,0.011935610572411982,0.6211153795204662,0.8566664458868725,submitted
synthetic,synthetic/shared_super/large/seed-18,shared_super,Family C: Shared super-prototype,large,Large,,18.0,400,360,8.0,1,0.22911599998769816,0.008516308906319821,0.7435531600084548,0.8913125088071585,0.022470835641089683,0.46285140562248994,0.7895364352145424,submitted
synthetic,synthetic/shared_super/large/seed-19,shared_super,Family C: Shared super-prototype,large,Large,,19.0,400,360,12.0,1,0.20189699999173172,0.01007824444480087,0.662911232862618,0.8733323473176086,0.011911476472196272,0.6428479563752347,0.8602403091802351,submitted
synthetic,synthetic/shared_super/medium/seed-00,shared_super,Family C: Shared super-prototype,medium,Medium,,0.0,200,180,1.0,1,0.07009980001021177,0.008394467114628271,0.7627776579685142,0.8963342858169794,0.01640480277915795,0.6379124433901229,0.8458391740349364,submitted
synthetic,synthetic/shared_super/medium/seed-01,shared_super,Family C: Shared super-prototype,medium,Medium,,1.0,200,180,4.0,1,0.12523130000045057,0.01070208293030523,0.6335286730849727,0.8671101053439375,0.01172047425132016,0.62316868982838,0.8608313276126692,submitted
synthetic,synthetic/shared_super/medium/seed-02,shared_super,Family C: Shared super-prototype,medium,Medium,,2.0,200,180,12.0,1,0.1261945000005653,0.009721915165590633,0.6868989763209595,0.8788581842622272,0.010018388037053651,0.6777996070726916,0.8750323131010237,submitted
synthetic,synthetic/shared_super/medium/seed-03,shared_super,Family C: Shared super-prototype,medium,Medium,,3.0,200,180,12.0,1,0.11032209999393672,0.006980751858133621,0.811311158580002,0.913023853117689,0.007284938737994337,0.799613467602482,0.9093598480995491,submitted
synthetic,synthetic/shared_super/medium/seed-04,shared_super,Family C: Shared super-prototype,medium,Medium,,4.0,200,180,12.0,1,0.08502749999752268,0.012392154869786632,0.6176044683491932,0.8584677975451663,0.008997629360953495,0.7317956143980141,0.8907284340091022,submitted
synthetic,synthetic/shared_super/medium/seed-05,shared_super,Family C: Shared super-prototype,medium,Medium,,5.0,200,180,2.0,1,0.10355210000125226,0.006955924898358797,0.7942905121746432,0.9083884340890009,0.007402718690208925,0.7715155331654072,0.9018353799328296,submitted
synthetic,synthetic/shared_super/medium/seed-06,shared_super,Family C: Shared super-prototype,medium,Medium,,6.0,200,180,4.0,1,0.08157899999059737,0.006444719638592688,0.8336124519751749,0.9171900141201196,0.007483999261604781,0.8021869766525466,0.905114028174564,submitted
synthetic,synthetic/shared_super/medium/seed-07,shared_super,Family C: Shared super-prototype,medium,Medium,,7.0,200,180,12.0,1,0.1224417000048561,0.007054332250613371,0.774585974238397,0.9073425679820079,0.008684124620008796,0.7297076262523001,0.8905302255844068,submitted
synthetic,synthetic/shared_super/medium/seed-08,shared_super,Family C: Shared super-prototype,medium,Medium,,8.0,200,180,6.0,1,0.0693018000019947,0.006265743933741381,0.8481294236602629,0.9227018031681835,0.009688610191029377,0.701314459049545,0.8824991573980451,submitted
synthetic,synthetic/shared_super/medium/seed-09,shared_super,Family C: Shared super-prototype,medium,Medium,,9.0,200,180,12.0,1,0.08097209999687038,0.009045371131390251,0.7473878303626306,0.8925126340230829,0.008451814747533164,0.7567096906371645,0.8955366898859524,submitted
synthetic,synthetic/shared_super/medium/seed-10,shared_super,Family C: Shared super-prototype,medium,Medium,,10.0,200,180,2.0,1,0.09841340000275522,0.006136905952183903,0.8340368578194173,0.9197102680256701,0.006411141894280408,0.8146813548852054,0.9144531384055733,submitted
synthetic,synthetic/shared_super/medium/seed-11,shared_super,Family C: Shared super-prototype,medium,Medium,,11.0,200,180,4.0,1,0.0956278000085149,0.009073538226763518,0.7108882225209389,0.8852346361975667,0.015750184698740566,0.5694343914796816,0.8349748388653363,submitted
synthetic,synthetic/shared_super/medium/seed-12,shared_super,Family C: Shared super-prototype,medium,Medium,,12.0,200,180,1.0,1,0.06941930000903085,0.012211309173489324,0.5981500513874615,0.8592347550531004,0.012720643327516434,0.5904419321685509,0.8555327166837959,submitted
synthetic,synthetic/shared_super/medium/seed-13,shared_super,Family C: Shared super-prototype,medium,Medium,,13.0,200,180,1.0,1,0.11036030000832397,0.006124734040303851,0.8291954259812506,0.9185403145496377,0.013130750262840923,0.555063356340785,0.8474683218296075,submitted
synthetic,synthetic/shared_super/medium/seed-14,shared_super,Family C: Shared super-prototype,medium,Medium,,14.0,200,180,4.0,1,0.08657769999990705,0.00805158988909268,0.73,0.8946628006872852,0.009883435771341488,0.6810309278350516,0.8796069587628866,submitted
synthetic,synthetic/shared_super/medium/seed-15,shared_super,Family C: Shared super-prototype,medium,Medium,,15.0,200,180,12.0,1,0.08998580000479706,0.00987784207539604,0.7138377926421404,0.8824619391025642,0.00806152261898351,0.768185618729097,0.9000422414994426,submitted
synthetic,synthetic/shared_super/medium/seed-16,shared_super,Family C: Shared super-prototype,medium,Medium,,16.0,200,180,4.0,1,0.060101499999291264,0.00558575659666059,0.8577418695029658,0.927428495943274,0.011715497979413018,0.6238494579668644,0.860358287311652,submitted
synthetic,synthetic/shared_super/medium/seed-17,shared_super,Family C: Shared super-prototype,medium,Medium,,17.0,200,180,12.0,1,0.0709869999991497,0.007571419131470148,0.8022444646648468,0.9079824251002595,0.006145321010800773,0.8281265797189364,0.9183369561554274,submitted
synthetic,synthetic/shared_super/medium/seed-18,shared_super,Family C: Shared super-prototype,medium,Medium,,18.0,200,180,6.0,1,0.07178660000499804,0.011802004243176472,0.6295302013422819,0.8602112373085528,0.011660390988467415,0.6238513164687661,0.8610738255033556,submitted
synthetic,synthetic/shared_super/medium/seed-19,shared_super,Family C: Shared super-prototype,medium,Medium,,19.0,200,180,6.0,1,0.05681679998815525,0.009560652167853295,0.6630573248407643,0.8789322363765039,0.009136108523587889,0.6768577494692144,0.8826455237084218,submitted
synthetic,synthetic/shared_super/small/seed-00,shared_super,Family C: Shared super-prototype,small,Small,,0.0,100,90,1.0,1,0.04507600000943057,0.010136673379859679,0.777055449330784,0.8996335245379223,0.01045788055997419,0.7131931166347992,0.8871096239643086,submitted
synthetic,synthetic/shared_super/small/seed-01,shared_super,Family C: Shared super-prototype,small,Small,,1.0,100,90,2.0,1,0.019393199996557087,0.006945302985455369,0.8418928833455612,0.9194561628760088,0.007171844260128859,0.8312545854732208,0.9168653705062362,submitted
synthetic,synthetic/shared_super/small/seed-02,shared_super,Family C: Shared super-prototype,small,Small,,2.0,100,90,2.0,1,0.03828880000219215,0.004323561073310305,0.8980089394555059,0.9437982527427875,0.004405519137225549,0.909792767167818,0.9428585940674523,submitted
synthetic,synthetic/shared_super/small/seed-03,shared_super,Family C: Shared super-prototype,small,Small,,3.0,100,90,4.0,1,0.045540799997979775,0.007357591211341447,0.7752032520325203,0.906444783197832,0.009832627721602741,0.6707317073170732,0.8813346883468836,submitted
synthetic,synthetic/shared_super/small/seed-04,shared_super,Family C: Shared super-prototype,small,Small,,4.0,100,90,6.0,1,0.0196799999976065,0.008640807431762012,0.7784245246410555,0.9079517526839995,0.011186968701202234,0.7089639115250291,0.8823244082266202,submitted
synthetic,synthetic/shared_super/small/seed-05,shared_super,Family C: Shared super-prototype,small,Small,,5.0,100,90,1.0,1,0.04228239999793004,0.013042846006772012,0.7508460236886633,0.8803052735476594,0.01262428269007131,0.7330795262267343,0.8830372250423013,submitted
synthetic,synthetic/shared_super/small/seed-06,shared_super,Family C: Shared super-prototype,small,Small,,6.0,100,90,2.0,1,0.046117800011415966,0.012201989658133626,0.719188767550702,0.8811021190847634,0.012762557934515056,0.6540561622464899,0.8681178497139886,submitted
synthetic,synthetic/shared_super/small/seed-07,shared_super,Family C: Shared super-prototype,small,Small,,7.0,100,90,1.0,1,0.026239800004987046,0.008496839883456179,0.7716821298910851,0.9001277396799785,0.00957061615756413,0.7204517950786608,0.8905136479763346,submitted
synthetic,synthetic/shared_super/small/seed-08,shared_super,Family C: Shared super-prototype,small,Small,,8.0,100,90,12.0,1,0.03877980000106618,0.007597518360134626,0.7621434078643022,0.9052782061166794,0.007718999552675703,0.7532767925983038,0.9034872140837832,submitted
synthetic,synthetic/shared_super/small/seed-09,shared_super,Family C: Shared super-prototype,small,Small,,9.0,100,90,12.0,1,0.030954100002418272,0.007986697484538254,0.7248157248157249,0.8981440856440857,0.00788592901513781,0.7448227448227448,0.9000745875745877,submitted
synthetic,synthetic/shared_super/small/seed-10,shared_super,Family C: Shared super-prototype,small,Small,,10.0,100,90,4.0,1,0.04395810001005884,0.012607441304914155,0.6072446072446073,0.8620607787274455,0.01495917775307502,0.5592185592185592,0.8467304300637635,submitted
synthetic,synthetic/shared_super/small/seed-11,shared_super,Family C: Shared super-prototype,small,Small,,11.0,100,90,2.0,1,0.0182111000031,0.009956275043611584,0.7486296006264683,0.8957191333855391,0.011127730564301688,0.6726703210649961,0.8787278125815715,submitted
synthetic,synthetic/shared_super/small/seed-12,shared_super,Family C: Shared super-prototype,small,Small,,12.0,100,90,1.0,1,0.045526699992478825,0.006571233779985295,0.8027182866556837,0.9142469796814937,0.0066559180504289555,0.8056013179571664,0.9110979544206479,submitted
synthetic,synthetic/shared_super/small/seed-13,shared_super,Family C: Shared super-prototype,small,Small,,13.0,100,90,12.0,1,0.03228030000173021,0.007876210812544172,0.8145131432802666,0.913296001480933,0.007763742929429781,0.8159940762680489,0.9143449956806121,submitted
synthetic,synthetic/shared_super/small/seed-14,shared_super,Family C: Shared super-prototype,small,Small,,14.0,100,90,12.0,1,0.04314239999803249,0.008149810577382687,0.7509850275807722,0.9009801024428685,0.00803778004969861,0.7431048069345941,0.9026792750197006,submitted
synthetic,synthetic/shared_super/small/seed-15,shared_super,Family C: Shared super-prototype,small,Small,,15.0,100,90,4.0,1,0.041513700009090826,0.01111788368525972,0.718878812860676,0.8863097691673536,0.012832609344078698,0.6479802143446002,0.86798399285518,submitted
synthetic,synthetic/shared_super/small/seed-16,shared_super,Family C: Shared super-prototype,small,Small,,16.0,100,90,1.0,1,0.046479399999952875,0.011139500331546828,0.7263157894736842,0.892738791423002,0.012701633047542713,0.5953216374269006,0.8642137751786875,submitted
synthetic,synthetic/shared_super/small/seed-17,shared_super,Family C: Shared super-prototype,small,Small,,17.0,100,90,2.0,1,0.03175130000454374,0.007536132974210088,0.8199713672154617,0.912095860176569,0.01425450291584253,0.5586972083035076,0.8480300047721309,submitted
synthetic,synthetic/shared_super/small/seed-18,shared_super,Family C: Shared super-prototype,small,Small,,18.0,100,90,1.0,1,0.045339300006162375,0.010622718458987579,0.6419853539462979,0.8763137374559263,0.011741266723253662,0.5768917819365338,0.863184838622186,submitted
synthetic,synthetic/shared_super/small/seed-19,shared_super,Family C: Shared super-prototype,small,Small,,19.0,100,90,12.0,1,0.028367300008540042,0.0071656906892433895,0.8290564547966838,0.918862679299908,0.0068835580536504015,0.8326095538886695,0.9217906961442295,submitted
synthetic,synthetic/shared_super_noisy/large/seed-00,shared_super_noisy,Family D: Shared prototype with noise,large,Large,,0.0,400,360,6.0,1,0.22992129999329336,0.009504411077424264,0.7214705556171676,0.8837681601419541,0.013243716635393877,0.585006099589664,0.8452286884033863,submitted
synthetic,synthetic/shared_super_noisy/large/seed-01,shared_super_noisy,Family D: Shared prototype with noise,large,Large,,1.0,400,360,1.0,1,0.22625320000224747,0.01210837249498783,0.6277782390877135,0.857640330482438,0.012218124188999148,0.6153782280162751,0.8562973419321506,submitted
synthetic,synthetic/shared_super_noisy/large/seed-02,shared_super_noisy,Family D: Shared prototype with noise,large,Large,,2.0,400,360,6.0,1,0.21797560001141392,0.008427737161129222,0.7332210205967067,0.8901124033114144,0.013221342884066081,0.5899679365251889,0.846159855442639,submitted
synthetic,synthetic/shared_super_noisy/large/seed-03,shared_super_noisy,Family D: Shared prototype with noise,large,Large,,3.0,400,360,12.0,1,0.23349589999997988,0.010035500426591602,0.6827000249079789,0.8745306691021135,0.01420864970097886,0.5773392743475493,0.8389491600476019,submitted
synthetic,synthetic/shared_super_noisy/large/seed-04,shared_super_noisy,Family D: Shared prototype with noise,large,Large,,4.0,400,360,12.0,1,0.2919772000022931,0.0076068788801291,0.7545907079646018,0.8975185518067847,0.01391827089514423,0.5795630530973451,0.8416562960914455,submitted
synthetic,synthetic/shared_super_noisy/large/seed-05,shared_super_noisy,Family D: Shared prototype with noise,large,Large,,5.0,400,360,1.0,1,0.2002570999902673,0.010186514257026684,0.6839874453416316,0.8755247874024197,0.012753937805705629,0.5892641575234059,0.8499454534073737,submitted
synthetic,synthetic/shared_super_noisy/large/seed-06,shared_super_noisy,Family D: Shared prototype with noise,large,Large,,6.0,400,360,1.0,1,0.19131399999605492,0.009289365240537707,0.7056270096463022,0.8821336861379064,0.010381015011738187,0.6679528403001072,0.8697045819935691,submitted
synthetic,synthetic/shared_super_noisy/large/seed-07,shared_super_noisy,Family D: Shared prototype with noise,large,Large,,7.0,400,360,2.0,1,0.20802890000049956,0.00986202808001205,0.6904296620547695,0.876664321634227,0.010872790314926974,0.6633575653352094,0.8676082623309623,submitted
synthetic,synthetic/shared_super_noisy/large/seed-08,shared_super_noisy,Family D: Shared prototype with noise,large,Large,,8.0,400,360,8.0,1,0.3179048000019975,0.008445121912757793,0.7250949853143273,0.8884281839167184,0.008430746886563355,0.7373285548759128,0.8893258288198469,submitted
synthetic,synthetic/shared_super_noisy/large/seed-09,shared_super_noisy,Family D: Shared prototype with noise,large,Large,,9.0,400,360,1.0,1,0.20892090001143515,0.007801897747839696,0.76467718794835,0.8986119081779054,0.010833847378079853,0.6291822094691535,0.8632340985174558,submitted
synthetic,synthetic/shared_super_noisy/large/seed-10,shared_super_noisy,Family D: Shared prototype with noise,large,Large,,10.0,400,360,6.0,1,0.18678930000169203,0.008583918959293068,0.7257876628829951,0.8881717371477077,0.009868256019295736,0.6833906753718202,0.8753713687138226,submitted
synthetic,synthetic/shared_super_noisy/large/seed-11,shared_super_noisy,Family D: Shared prototype with noise,large,Large,,11.0,400,360,4.0,1,0.2799230999953579,0.010896702825907741,0.661218630076475,0.8690256803143664,0.012553054422018445,0.6547306810966014,0.8593466727404913,submitted
synthetic,synthetic/shared_super_noisy/large/seed-12,shared_super_noisy,Family D: Shared prototype with noise,large,Large,,12.0,400,360,8.0,1,0.2274265000014566,0.008252840842414852,0.7507481226356502,0.8928326087365668,0.012955134806508325,0.6234825814465587,0.8512482826115597,submitted
synthetic,synthetic/shared_super_noisy/large/seed-13,shared_super_noisy,Family D: Shared prototype with noise,large,Large,,13.0,400,360,1.0,1,0.2075878999894485,0.01098931101815761,0.6446565825104625,0.8659683662025767,0.011734163354309405,0.6287097568314232,0.8601056967276639,submitted
synthetic,synthetic/shared_super_noisy/large/seed-14,shared_super_noisy,Family D: Shared prototype with noise,large,Large,,14.0,400,360,6.0,1,0.2041486999951303,0.006204684045109903,0.8087175893482831,0.9112561317449194,0.018913480814835536,0.49252978276103715,0.8079070310675076,submitted
synthetic,synthetic/shared_super_noisy/large/seed-15,shared_super_noisy,Family D: Shared prototype with noise,large,Large,,15.0,400,360,12.0,1,0.2541672000079416,0.011535070708015748,0.6214022534308752,0.8597563010626368,0.01388194750020849,0.5792171730656271,0.8420523620085082,submitted
synthetic,synthetic/shared_super_noisy/large/seed-16,shared_super_noisy,Family D: Shared prototype with noise,large,Large,,16.0,400,360,6.0,1,0.24776920001022518,0.00838362184415546,0.718921938276777,0.8877432155657964,0.013582719659697734,0.5850579527998883,0.8442954894567798,submitted
synthetic,synthetic/shared_super_noisy/large/seed-17,shared_super_noisy,Family D: Shared prototype with noise,large,Large,,17.0,400,360,1.0,1,0.262820300005842,0.008528408542839486,0.7209888861173471,0.8877577533882098,0.010599463586949815,0.6655857653612705,0.8699026726901508,submitted
synthetic,synthetic/shared_super_noisy/large/seed-18,shared_super_noisy,Family D: Shared prototype with noise,large,Large,,18.0,400,360,12.0,1,0.19140569999581203,0.010076599389521598,0.6806214008303201,0.8747382929333511,0.010390575057564471,0.6598366144368555,0.8695822731128074,submitted
synthetic,synthetic/shared_super_noisy/large/seed-19,shared_super_noisy,Family D: Shared prototype with noise,large,Large,,19.0,400,360,4.0,1,0.255655899993144,0.009529072338175114,0.7096337601169369,0.8828758718385982,0.010584777522667295,0.6576347345911269,0.8686005016737497,submitted
synthetic,synthetic/shared_super_noisy/medium/seed-00,shared_super_noisy,Family D: Shared prototype with noise,medium,Medium,,0.0,200,180,12.0,1,0.08857540000462905,0.011458666533679312,0.6612349914236707,0.870591230703259,0.013595762856601227,0.6010934819897084,0.8524581010577473,submitted
synthetic,synthetic/shared_super_noisy/medium/seed-01,shared_super_noisy,Family D: Shared prototype with noise,medium,Medium,,1.0,200,180,2.0,1,0.1139740999933565,0.014879806849515443,0.6499317298603088,0.8541229037566083,0.011758234684165403,0.6505619157651508,0.8658338584882541,submitted
synthetic,synthetic/shared_super_noisy/medium/seed-02,shared_super_noisy,Family D: Shared prototype with noise,medium,Medium,,2.0,200,180,12.0,1,0.09135869999590795,0.01101795630931178,0.6516580146201928,0.8694467987428047,0.02300267088989304,0.43754635024896704,0.7878195960024014,submitted
synthetic,synthetic/shared_super_noisy/medium/seed-03,shared_super_noisy,Family D: Shared prototype with noise,medium,Medium,,3.0,200,180,12.0,1,0.05259469999873545,0.009605930201167007,0.6719801262809233,0.8796600593451334,0.009829960165900173,0.6647344995342097,0.877201721698927,submitted
synthetic,synthetic/shared_super_noisy/medium/seed-04,shared_super_noisy,Family D: Shared prototype with noise,medium,Medium,,4.0,200,180,1.0,1,0.0899892000015825,0.010278693457712292,0.6916419949897518,0.8799201017232218,0.01195073533370395,0.6102254611705762,0.8583300121460564,submitted
synthetic,synthetic/shared_super_noisy/medium/seed-05,shared_super_noisy,Family D: Shared prototype with noise,medium,Medium,,5.0,200,180,12.0,1,0.08690249999926891,0.009281512258042668,0.7240811848601206,0.8884142439202779,0.007246350888411443,0.8092155787164015,0.9097869811665753,submitted
synthetic,synthetic/shared_super_noisy/medium/seed-06,shared_super_noisy,Family D: Shared prototype with noise,medium,Medium,,6.0,200,180,1.0,1,0.07793709999532439,0.012684673508244095,0.651567578903219,0.8640688895879207,0.010061129468210648,0.6895250078641082,0.8781565656565656,submitted
synthetic,synthetic/shared_super_noisy/medium/seed-07,shared_super_noisy,Family D: Shared prototype with noise,medium,Medium,,7.0,200,180,1.0,1,0.058467900002142414,0.008803356770045656,0.7278370725332172,0.8913907645393162,0.008562797512164719,0.746133739925942,0.8943539896899733,submitted
synthetic,synthetic/shared_super_noisy/medium/seed-08,shared_super_noisy,Family D: Shared prototype with noise,medium,Medium,,8.0,200,180,12.0,1,0.10567619999346789,0.012488449685803801,0.6124460874922982,0.8580368145409736,0.00962217022971445,0.685356336003286,0.8806330013007462,submitted
synthetic,synthetic/shared_super_noisy/medium/seed-09,shared_super_noisy,Family D: Shared prototype with noise,medium,Medium,,9.0,200,180,1.0,1,0.05409469999722205,0.012129404762193518,0.6221890653309177,0.8607299548829443,0.016300408795984392,0.5540871789406373,0.8336108742761733,submitted
synthetic,synthetic/shared_super_noisy/medium/seed-10,shared_super_noisy,Family D: Shared prototype with noise,medium,Medium,,10.0,200,180,8.0,1,0.05398620000050869,0.01042745169658946,0.6761625471302891,0.878019829632733,0.015118649723747296,0.514453288646837,0.8296370967741936,submitted
synthetic,synthetic/shared_super_noisy/medium/seed-11,shared_super_noisy,Family D: Shared prototype with noise,medium,Medium,,11.0,200,180,12.0,1,0.09485799999674782,0.01233999658345138,0.6095669036845508,0.8556166056166057,0.01139915514760951,0.6340228399051928,0.8637820512820513,submitted
synthetic,synthetic/shared_super_noisy/medium/seed-12,shared_super_noisy,Family D: Shared prototype with noise,medium,Medium,,12.0,200,180,8.0,1,0.07267470000078902,0.009976973328161432,0.7049373460426261,0.8833850987112206,0.010433411075920919,0.6866231123487202,0.8767359251722538,submitted
synthetic,synthetic/shared_super_noisy/medium/seed-13,shared_super_noisy,Family D: Shared prototype with noise,medium,Medium,,13.0,200,180,4.0,1,0.08630429999902844,0.013179351527560838,0.5990471969864835,0.8519300723834847,0.011903650851535013,0.6472413029027254,0.8626098677893492,submitted
synthetic,synthetic/shared_super_noisy/medium/seed-14,shared_super_noisy,Family D: Shared prototype with noise,medium,Medium,,14.0,200,180,12.0,1,0.08634730000630952,0.011643365435940098,0.6509574468085106,0.8673758865248227,0.010940728606359867,0.648936170212766,0.8691356382978723,submitted
synthetic,synthetic/shared_super_noisy/medium/seed-15,shared_super_noisy,Family D: Shared prototype with noise,medium,Medium,,15.0,200,180,12.0,1,0.09752680000383407,0.007726056971854935,0.7766481164383562,0.9024485409531963,0.01603528600721902,0.5691352739726028,0.8365261130136987,submitted
synthetic,synthetic/shared_super_noisy/medium/seed-16,shared_super_noisy,Family D: Shared prototype with noise,medium,Medium,,16.0,200,180,4.0,1,0.06439640000462532,0.008844087267064411,0.7226722894240373,0.8894638034994266,0.009591392498312331,0.7003662190655865,0.8819336551622091,submitted
synthetic,synthetic/shared_super_noisy/medium/seed-17,shared_super_noisy,Family D: Shared prototype with noise,medium,Medium,,17.0,200,180,1.0,1,0.08889479999197647,0.006454644058549897,0.7932322801024765,0.910935720893823,0.011001872417343917,0.6178479931682322,0.8651326323654996,submitted
synthetic,synthetic/shared_super_noisy/medium/seed-18,shared_super_noisy,Family D: Shared prototype with noise,medium,Medium,,18.0,200,180,12.0,1,0.06764410001051147,0.007762921158098199,0.7684718498659517,0.8998033958891868,0.007697207144803973,0.7698659517426274,0.9008355674709562,submitted
synthetic,synthetic/shared_super_noisy/medium/seed-19,shared_super_noisy,Family D: Shared prototype with noise,medium,Medium,,19.0,200,180,4.0,1,0.09888649999629706,0.010273935080571613,0.6863636363636364,0.8780257936507936,0.007414722016120769,0.783008658008658,0.9049738455988456,submitted
synthetic,synthetic/shared_super_noisy/small/seed-00,shared_super_noisy,Family D: Shared prototype with noise,small,Small,,0.0,100,90,12.0,1,0.020548000000417233,0.015927396154723855,0.6036279428791972,0.8494468030361508,0.01499135981329957,0.6055576997298341,0.8526469831467901,submitted
synthetic,synthetic/shared_super_noisy/small/seed-01,shared_super_noisy,Family D: Shared prototype with noise,small,Small,,1.0,100,90,1.0,1,0.017844699992565438,0.007286120754548735,0.8259312320916905,0.9166442812798473,0.011044633823150634,0.6980659025787965,0.882073782234957,submitted
synthetic,synthetic/shared_super_noisy/small/seed-02,shared_super_noisy,Family D: Shared prototype with noise,small,Small,,2.0,100,90,6.0,1,0.04320189999998547,0.011300092636081737,0.6589916633584756,0.8759759163689295,0.011011358229040176,0.6581976974990076,0.8776713642980019,submitted
synthetic,synthetic/shared_super_noisy/small/seed-03,shared_super_noisy,Family D: Shared prototype with noise,small,Small,,3.0,100,90,2.0,1,0.019313900003908202,0.009788416112140666,0.7018167456556083,0.8883129278567669,0.01341733974426607,0.5904423380726699,0.8566679831490258,submitted
synthetic,synthetic/shared_super_noisy/small/seed-04,shared_super_noisy,Family D: Shared prototype with noise,small,Small,,4.0,100,90,8.0,1,0.04410680000728462,0.007946114601815782,0.7455596860801321,0.8999466473908855,0.008109140359123128,0.7393638992152003,0.8978899903621094,submitted
synthetic,synthetic/shared_super_noisy/small/seed-05,shared_super_noisy,Family D: Shared prototype with noise,small,Small,,5.0,100,90,12.0,1,0.04210079999756999,0.009183226917448531,0.7696078431372549,0.8993821486928106,0.010276795120766387,0.7745098039215687,0.8972715822440088,submitted
synthetic,synthetic/shared_super_noisy/small/seed-06,shared_super_noisy,Family D: Shared prototype with noise,small,Small,,6.0,100,90,12.0,1,0.04306759999599308,0.00868958322912103,0.7581284694686756,0.8993193232883956,0.008485015463270474,0.7684377478191912,0.9015496960084589,submitted
synthetic,synthetic/shared_super_noisy/small/seed-07,shared_super_noisy,Family D: Shared prototype with noise,small,Small,,7.0,100,90,4.0,1,0.02159659999597352,0.011572344045908034,0.6923747276688453,0.8767973856209151,0.011556218868598296,0.6710239651416122,0.8720225127087874,submitted
synthetic,synthetic/shared_super_noisy/small/seed-08,shared_super_noisy,Family D: Shared prototype with noise,small,Small,,8.0,100,90,1.0,1,0.021532899991143495,0.007478954280704906,0.7744186046511627,0.9045381136950905,0.009852717273154657,0.6988372093023256,0.8858365633074935,submitted
synthetic,synthetic/shared_super_noisy/small/seed-09,shared_super_noisy,Family D: Shared prototype with noise,small,Small,,9.0,100,90,8.0,1,0.03676820000691805,0.008863348452363714,0.7635524798154556,0.9049884659746252,0.007647319966178836,0.8089196462898885,0.9117086377034475,submitted
synthetic,synthetic/shared_super_noisy/small/seed-10,shared_super_noisy,Family D: Shared prototype with noise,small,Small,,10.0,100,90,12.0,1,0.029840699993656017,0.010618168515734328,0.6640031961646025,0.8795944866160607,0.01071190207949839,0.668797443068318,0.8782544280197098,submitted
synthetic,synthetic/shared_super_noisy/small/seed-11,shared_super_noisy,Family D: Shared prototype with noise,small,Small,,11.0,100,90,1.0,1,0.04085180000402033,0.01007498393490529,0.7247232472324723,0.8882533825338255,0.009308318795568796,0.7236162361623616,0.8927890528905289,submitted
synthetic,synthetic/shared_super_noisy/small/seed-12,shared_super_noisy,Family D: Shared prototype with noise,small,Small,,12.0,100,90,4.0,1,0.03836640001100022,0.011936796939312882,0.7380465876583572,0.884058711347228,0.013167335141924993,0.6722517368205967,0.8706834899877401,submitted
synthetic,synthetic/shared_super_noisy/small/seed-13,shared_super_noisy,Family D: Shared prototype with noise,small,Small,,13.0,100,90,8.0,1,0.020138299994869158,0.006910498541295048,0.8318548387096775,0.9217741935483872,0.013545525485902812,0.6064516129032258,0.8601982526881721,submitted
synthetic,synthetic/shared_super_noisy/small/seed-14,shared_super_noisy,Family D: Shared prototype with noise,small,Small,,14.0,100,90,12.0,1,0.04541530000278726,0.010780976832795741,0.699657403882756,0.8802341073467834,0.010516162423362979,0.7167872097449562,0.8827559954320517,submitted
synthetic,synthetic/shared_super_noisy/small/seed-15,shared_super_noisy,Family D: Shared prototype with noise,small,Small,,15.0,100,90,4.0,1,0.04384419998677913,0.008821624451456084,0.6990637539010254,0.8934277009956904,0.011886244930192637,0.6255015604101649,0.866231980977857,submitted
synthetic,synthetic/shared_super_noisy/small/seed-16,shared_super_noisy,Family D: Shared prototype with noise,small,Small,,16.0,100,90,4.0,1,0.01920619999873452,0.006501211409269037,0.8624379059992358,0.9264584129410267,0.008307861711134087,0.7795185326709974,0.9049961788307223,submitted
synthetic,synthetic/shared_super_noisy/small/seed-17,shared_super_noisy,Family D: Shared prototype with noise,small,Small,,17.0,100,90,6.0,1,0.02684759999101516,0.008541404686427868,0.7128067484662577,0.8936844964212679,0.008124375859269572,0.7312116564417178,0.898357617586912,submitted
synthetic,synthetic/shared_super_noisy/small/seed-18,shared_super_noisy,Family D: Shared prototype with noise,small,Small,,18.0,100,90,8.0,1,0.034969400003319606,0.01230663580221601,0.6503667481662592,0.867452798152676,0.012500430974578012,0.6177669111654441,0.8661114506927465,submitted
synthetic,synthetic/shared_super_noisy/small/seed-19,shared_super_noisy,Family D: Shared prototype with noise,small,Small,,19.0,100,90,1.0,1,0.028154500003438443,0.005835145451381569,0.8562223117196939,0.9276832460732984,0.005823322249213877,0.8674989931534434,0.9278594442207009,submitted
real,real/acs_clean,,,,,ACS OCCP x INDP,,24,10,24.0,1,0.003279199998360127,0.0343597986726647,0.42942485298756966,0.9224294176199037,0.033853978888515324,0.4305482065568462,0.9236490268442,expanded
real,real/cip_soc,,,,,CIP -> SOC,,2143,868,6.0,46,14.600760699991952,0.01954473922401358,0.5578153190093489,0.8068790662074244,0.02806482127494401,0.3767426603247499,0.7442970586627302,expanded
real,real/gtfs_clean,,,,,MBTA GTFS Route x Station,,8,125,2.0,1,0.02319799999531824,0.012463788465714807,0.8750957094277274,0.2044053719208947,0.01245841214059899,0.8738526493299565,0.2044053719208947,expanded
real,real/lodes_clean,,,,,LODES Home x Work County,,95,95,4.0,1,0.04362119999132119,0.018992236993584405,0.7756045764258523,0.8707791048076324,0.01894864880093299,0.7753445996880279,0.8706622907396077,expanded
real,real/naics_sic,,,,,SIC -> NAICS,,1004,1176,0.25,410,0.7234050999977626,0.0014754318750945109,0.9893666204345816,0.9653066728309447,0.002187368261325039,0.9819694868238558,0.9416223609184775,expanded
real,real/openalex,,,,,OpenAlex Author x Topic,,60,8,0.01,5,0.011532400007126853,0.005738275538857036,0.7632799892415277,1.0,0.004391809429005071,0.8470615922539,1.0,expanded
real,real/twenty_newsgroups,,,,,20 Newsgroups Term x Document,,60,48,12.0,1,0.02126470000075642,0.004202179662330654,0.9430509150750511,0.946249729882478,0.003237420590426865,0.9428514436742632,0.9463099868681328,expanded
synthetic,synthetic/clean_block/large/seed-00,clean_block,Family A: Clean one-to-one,large,Large,,0.0,400,360,2.0,1,0.25511790000018664,0.0033337713132876095,0.9374951919378414,0.9463684706515886,0.005639525014083302,0.830948534502654,0.9132305049106342,expanded
synthetic,synthetic/clean_block/large/seed-01,clean_block,Family A: Clean one-to-one,large,Large,,1.0,400,360,0.25,1,0.22128730000986252,0.004152864562845167,0.9061611192251519,0.9345849508032901,0.005803190571656459,0.8096510108386502,0.9092198990442515,expanded
synthetic,synthetic/clean_block/large/seed-02,clean_block,Family A: Clean one-to-one,large,Large,,2.0,400,360,24.0,1,0.2712327000044752,0.0036881502602354103,0.919016921837228,0.9424375343744805,0.0045533485535585606,0.8754460688384943,0.9293716344985483,expanded
synthetic,synthetic/clean_block/large/seed-03,clean_block,Family A: Clean one-to-one,large,Large,,3.0,400,360,1.0,1,0.229173500003526,0.004474321008674216,0.8820476070577754,0.9282448206181041,0.0044294236195550575,0.8846429470666848,0.9294702633430819,expanded
synthetic,synthetic/clean_block/large/seed-04,clean_block,Family A: Clean one-to-one,large,Large,,4.0,400,360,0.25,1,0.3088817999960156,0.0031479124401427644,0.942006506771582,0.950314935310585,0.00657166948525661,0.7785049557388212,0.8994208847191749,expanded
synthetic,synthetic/clean_block/large/seed-05,clean_block,Family A: Clean one-to-one,large,Large,,5.0,400,360,24.0,1,0.22849069999938365,0.003717083890263425,0.9230003064664419,0.9423017066349985,0.0037262661640236443,0.9237856267238738,0.9413878939370722,expanded
synthetic,synthetic/clean_block/large/seed-06,clean_block,Family A: Clean one-to-one,large,Large,,6.0,400,360,8.0,1,0.2339788000099361,0.003433157343739059,0.9341411912416535,0.9446638734060027,0.0034321434215230156,0.9336465843590085,0.9446832930672602,expanded
synthetic,synthetic/clean_block/large/seed-07,clean_block,Family A: Clean one-to-one,large,Large,,7.0,400,360,12.0,1,0.2171948000031989,0.00282989053457727,0.9636342579188141,0.9534164462974758,0.0062778856202975256,0.8115119578435347,0.9061717850226161,expanded
synthetic,synthetic/clean_block/large/seed-08,clean_block,Family A: Clean one-to-one,large,Large,,8.0,400,360,24.0,1,0.27623779998975806,0.004019458199002097,0.9179542324598637,0.9369536885065495,0.006423441077424694,0.7953289188220424,0.9039537230931765,expanded
synthetic,synthetic/clean_block/large/seed-09,clean_block,Family A: Clean one-to-one,large,Large,,9.0,400,360,0.25,1,0.21700300001248252,0.006127805571393689,0.8088157496977025,0.9078264340235793,0.006765195006590425,0.7830826783555018,0.9003685824768239,expanded
synthetic,synthetic/clean_block/large/seed-10,clean_block,Family A: Clean one-to-one,large,Large,,10.0,400,360,4.0,1,0.3495354999904521,0.006853559539713711,0.7472390081266931,0.8991724917438607,0.00677705655608022,0.7613517967758434,0.8975934853852129,expanded
synthetic,synthetic/clean_block/large/seed-11,clean_block,Family A: Clean one-to-one,large,Large,,11.0,400,360,4.0,1,0.22750720000476576,0.005717993394928808,0.8168884280859398,0.913718647799346,0.006336715922875965,0.7837682161165831,0.906322200462083,expanded
synthetic,synthetic/clean_block/large/seed-12,clean_block,Family A: Clean one-to-one,large,Large,,12.0,400,360,0.5,1,0.2188843000039924,0.005313354936277322,0.8585498225705448,0.9235005471532218,0.0050660690327576285,0.8579615537886407,0.9199827947194972,expanded
synthetic,synthetic/clean_block/large/seed-13,clean_block,Family A: Clean one-to-one,large,Large,,13.0,400,360,6.0,1,0.2779511000117054,0.004426105772776217,0.8870711378174064,0.9300881953867028,0.00832372243323144,0.6909672417135103,0.8789716191768431,expanded
synthetic,synthetic/clean_block/large/seed-14,clean_block,Family A: Clean one-to-one,large,Large,,14.0,400,360,0.5,1,0.31845640001120046,0.0037910462229958286,0.9162077633018018,0.9395342850381514,0.004425931853151834,0.8911295738434676,0.9278058662880314,expanded
synthetic,synthetic/clean_block/large/seed-15,clean_block,Family A: Clean one-to-one,large,Large,,15.0,400,360,2.0,1,0.28838089999044314,0.004702971017931481,0.87635213215375,0.9238839581715196,0.00327263872894332,0.9330327542766211,0.9470095225465867,expanded
synthetic,synthetic/clean_block/large/seed-16,clean_block,Family A: Clean one-to-one,large,Large,,16.0,400,360,0.25,1,0.2537712999910582,0.003973536315330366,0.9122132343190559,0.9353830014965807,0.004780933169069546,0.8676757534999148,0.9224848605401583,expanded
synthetic,synthetic/clean_block/large/seed-17,clean_block,Family A: Clean one-to-one,large,Large,,17.0,400,360,6.0,1,0.27469720000226516,0.004335882623609312,0.9036109773712084,0.9328759428663137,0.00853430128458,0.6920365912373616,0.8838216177178624,expanded
synthetic,synthetic/clean_block/large/seed-18,clean_block,Family A: Clean one-to-one,large,Large,,18.0,400,360,2.0,1,0.24919790000421926,0.004351157139408838,0.9037982923000345,0.9325678676723973,0.00549031252976825,0.8362369337979094,0.9151458660387233,expanded
synthetic,synthetic/clean_block/large/seed-19,clean_block,Family A: Clean one-to-one,large,Large,,19.0,400,360,4.0,1,0.3110448999941582,0.004451543667285335,0.8847636398504171,0.929450730335283,0.0049845630179352835,0.8570524498993192,0.921093425384345,expanded
synthetic,synthetic/clean_block/medium/seed-00,clean_block,Family A: Clean one-to-one,medium,Medium,,0.0,200,180,8.0,1,0.07218830000783782,0.002899666319336068,0.9713237496256364,0.9584378431666168,0.0031455752470828423,0.9585953878406709,0.9540125536587801,expanded
synthetic,synthetic/clean_block/medium/seed-01,clean_block,Family A: Clean one-to-one,medium,Medium,,1.0,200,180,4.0,1,0.06744890000845771,0.005289339039492689,0.859316461503173,0.9260296403904479,0.006098683944859065,0.827356831562046,0.9203573795142341,expanded
synthetic,synthetic/clean_block/medium/seed-02,clean_block,Family A: Clean one-to-one,medium,Medium,,2.0,200,180,2.0,1,0.06043669999053236,0.00469739367857362,0.8842975206611571,0.9312495261202518,0.003998181621388439,0.9181135794980666,0.9436762327191852,expanded
synthetic,synthetic/clean_block/medium/seed-03,clean_block,Family A: Clean one-to-one,medium,Medium,,3.0,200,180,24.0,1,0.08522579999407753,0.003622222096322871,0.9347649018881896,0.9477508330248057,0.003664594828339931,0.9335801554979637,0.947303467851413,expanded
synthetic,synthetic/clean_block/medium/seed-04,clean_block,Family A: Clean one-to-one,medium,Medium,,4.0,200,180,2.0,1,0.0898177999915788,0.004711979861981152,0.9072157326630194,0.9339820838878211,0.008284981833903962,0.7041253881413574,0.8872295332446153,expanded
synthetic,synthetic/clean_block/medium/seed-05,clean_block,Family A: Clean one-to-one,medium,Medium,,5.0,200,180,4.0,1,0.12434189999476075,0.0032251945618388058,0.9524841240194247,0.9513712489104721,0.0041164608404702305,0.9016062756817332,0.9399094135225998,expanded
synthetic,synthetic/clean_block/medium/seed-06,clean_block,Family A: Clean one-to-one,medium,Medium,,6.0,200,180,4.0,1,0.13746159999573138,0.0031607327911445256,0.9651931267440153,0.9520839452685171,0.004318807540979489,0.9021882802173594,0.9367182528026632,expanded
synthetic,synthetic/clean_block/medium/seed-07,clean_block,Family A: Clean one-to-one,medium,Medium,,7.0,200,180,4.0,1,0.08773139999539126,0.003106787743248726,0.9584968306670691,0.9549910705302346,0.0031233999672322715,0.9591005131300936,0.9539550633866586,expanded
synthetic,synthetic/clean_block/medium/seed-08,clean_block,Family A: Clean one-to-one,medium,Medium,,8.0,200,180,1.0,1,0.11236120000830851,0.0034327681960662254,0.9517214996174446,0.9512162076001021,0.008653235934553508,0.694185156847743,0.8815082249426167,expanded
synthetic,synthetic/clean_block/medium/seed-09,clean_block,Family A: Clean one-to-one,medium,Medium,,9.0,200,180,0.25,1,0.07645389999379404,0.0050390654602035225,0.8643634998122418,0.9232914006759294,0.005098338550962402,0.8589560645888096,0.9230175866816873,expanded
synthetic,synthetic/clean_block/medium/seed-10,clean_block,Family A: Clean one-to-one,medium,Medium,,10.0,200,180,0.75,1,0.08657010000024457,0.0037532622017516512,0.9177285114531929,0.9460515332302177,0.006025900841757968,0.8068792811372174,0.9137051631435517,expanded
synthetic,synthetic/clean_block/medium/seed-11,clean_block,Family A: Clean one-to-one,medium,Medium,,11.0,200,180,6.0,1,0.06447820000175852,0.002697329029546074,0.9673099940155595,0.9590860637342907,0.00275996109538317,0.9684320766008379,0.9583645022940356,expanded
synthetic,synthetic/clean_block/medium/seed-12,clean_block,Family A: Clean one-to-one,medium,Medium,,12.0,200,180,0.05,1,0.09579980000853539,0.006460490361840264,0.8197360527894421,0.9157309163167366,0.006176671391755584,0.8006898620275945,0.9135032368526296,expanded
synthetic,synthetic/clean_block/medium/seed-13,clean_block,Family A: Clean one-to-one,medium,Medium,,13.0,200,180,0.5,1,0.11135320000175852,0.005730042300810662,0.8453638497652582,0.9225352112676056,0.006271020384339611,0.8064113849765259,0.9149672339593113,expanded
synthetic,synthetic/clean_block/medium/seed-14,clean_block,Family A: Clean one-to-one,medium,Medium,,14.0,200,180,24.0,1,0.09027270000660792,0.0035248199304744334,0.9331677579589072,0.9480475903765586,0.0033861848356533416,0.9444569880334162,0.9500921953789419,expanded
synthetic,synthetic/clean_block/medium/seed-15,clean_block,Family A: Clean one-to-one,medium,Medium,,15.0,200,180,0.1,1,0.11361090000718832,0.004939243292748102,0.9272561253994825,0.9415804291584233,0.007259539110923621,0.7800943539796074,0.9028322046365344,expanded
synthetic,synthetic/clean_block/medium/seed-16,clean_block,Family A: Clean one-to-one,medium,Medium,,16.0,200,180,0.25,1,0.06022050000319723,0.008607510806691277,0.694047619047619,0.8853810143849208,0.009138253258948134,0.6624255952380952,0.8784381200396827,expanded
synthetic,synthetic/clean_block/medium/seed-17,clean_block,Family A: Clean one-to-one,medium,Medium,,17.0,200,180,4.0,1,0.0810436000028858,0.005200185459316195,0.8704851141000454,0.921586129162259,0.005607542001434782,0.8546168958742633,0.9164809077628331,expanded
synthetic,synthetic/clean_block/medium/seed-18,clean_block,Family A: Clean one-to-one,medium,Medium,,18.0,200,180,0.5,1,0.06051599999773316,0.0026398816219924764,0.9758205108769802,0.9596234745698478,0.008368116845773495,0.7011293867960282,0.8822371080623563,expanded
synthetic,synthetic/clean_block/medium/seed-19,clean_block,Family A: Clean one-to-one,medium,Medium,,19.0,200,180,0.75,1,0.08953240000118967,0.005092132308854858,0.8553614097968937,0.9262074995021904,0.008863379095125955,0.7194593787335722,0.8869925453006771,expanded
synthetic,synthetic/clean_block/small/seed-00,clean_block,Family A: Clean one-to-one,small,Small,,0.0,100,90,6.0,1,0.01723860000493005,0.005074804952995709,0.8813763960156957,0.9339848073246806,0.005781338083815595,0.8599456685783278,0.9298596438273468,expanded
synthetic,synthetic/clean_block/small/seed-01,clean_block,Family A: Clean one-to-one,small,Small,,1.0,100,90,8.0,1,0.035485400003381073,0.0047638885739044075,0.8971204920324294,0.9400743173981922,0.005269174688731091,0.8697232317584568,0.9316058615226913,expanded
synthetic,synthetic/clean_block/small/seed-02,clean_block,Family A: Clean one-to-one,small,Small,,2.0,100,90,12.0,1,0.028446800002711825,0.004384539333271763,0.8941605839416058,0.9381258188283736,0.004392461144970817,0.8994946659180236,0.9376520681265207,expanded
synthetic,synthetic/clean_block/small/seed-03,clean_block,Family A: Clean one-to-one,small,Small,,3.0,100,90,2.0,1,0.020410099998116493,0.007850482825812482,0.773954316226639,0.9021494610896866,0.00786086051029373,0.78018392168496,0.9021556412538319,expanded
synthetic,synthetic/clean_block/small/seed-04,clean_block,Family A: Clean one-to-one,small,Small,,4.0,100,90,0.5,1,0.02019879998988472,0.006341219839723194,0.8239067055393586,0.9175898931000973,0.006532825450895263,0.8084548104956268,0.9142249757045676,expanded
synthetic,synthetic/clean_block/small/seed-05,clean_block,Family A: Clean one-to-one,small,Small,,5.0,100,90,24.0,1,0.02218159999756608,0.006606449302906758,0.8868804664723032,0.923937074829932,0.00704821380945385,0.858600583090379,0.920541788143829,expanded
synthetic,synthetic/clean_block/small/seed-06,clean_block,Family A: Clean one-to-one,small,Small,,6.0,100,90,24.0,1,0.0292053000011947,0.004349279155941594,0.9059114825131538,0.9443799649231406,0.004446855206573707,0.9056019808108945,0.9445153719178788,expanded
synthetic,synthetic/clean_block/small/seed-07,clean_block,Family A: Clean one-to-one,small,Small,,7.0,100,90,4.0,1,0.023454100009985268,0.005352095988700326,0.8790371724558196,0.9307777269957345,0.006214168879222641,0.8634978671541743,0.9244426670729232,expanded
synthetic,synthetic/clean_block/small/seed-08,clean_block,Family A: Clean one-to-one,small,Small,,8.0,100,90,0.75,1,0.020317000002251007,0.005856090857048806,0.8415926668576339,0.9226403609281009,0.006125367818547485,0.8458894299627614,0.91972811037907,expanded
synthetic,synthetic/clean_block/small/seed-09,clean_block,Family A: Clean one-to-one,small,Small,,9.0,100,90,12.0,1,0.024629099993035197,0.0035548157336891427,0.943725379853686,0.953491371224911,0.003583551951933829,0.9403489026449071,0.9531337929093979,expanded
synthetic,synthetic/clean_block/small/seed-10,clean_block,Family A: Clean one-to-one,small,Small,,10.0,100,90,6.0,1,0.021566000010352582,0.0035184394326440572,0.9409024745269287,0.954081756428918,0.0036479125936761444,0.9315866084425036,0.9524502668607473,expanded
synthetic,synthetic/clean_block/small/seed-11,clean_block,Family A: Clean one-to-one,small,Small,,11.0,100,90,0.1,1,0.01895209999929648,0.00459601714714812,0.9342069342069342,0.9436368186368188,0.004668063860408901,0.8907998907998907,0.9394451269451269,expanded
synthetic,synthetic/clean_block/small/seed-12,clean_block,Family A: Clean one-to-one,small,Small,,12.0,100,90,24.0,1,0.02105419999861624,0.0040530469876699,0.9183971921614508,0.9471702252120504,0.004089080865132383,0.9181047089792337,0.9465913522472458,expanded
synthetic,synthetic/clean_block/small/seed-13,clean_block,Family A: Clean one-to-one,small,Small,,13.0,100,90,24.0,1,0.019663900005980395,0.005767642506302275,0.8634078212290502,0.9268621973929236,0.0056412575078362455,0.8745810055865921,0.9294110800744879,expanded
synthetic,synthetic/clean_block/small/seed-14,clean_block,Family A: Clean one-to-one,small,Small,,14.0,100,90,24.0,1,0.022853000002214685,0.00961933943258135,0.781038374717833,0.8984610139202408,0.007623947099665319,0.8044582392776524,0.9091892400300978,expanded
synthetic,synthetic/clean_block/small/seed-15,clean_block,Family A: Clean one-to-one,small,Small,,15.0,100,90,6.0,1,0.02095440000994131,0.004447077647543023,0.9144736842105263,0.9408788615560641,0.00604991295329794,0.8481121281464531,0.9225543478260869,expanded
synthetic,synthetic/clean_block/small/seed-16,clean_block,Family A: Clean one-to-one,small,Small,,16.0,100,90,6.0,1,0.019995700000436045,0.004597291408053256,0.8708228025835439,0.9374590470841524,0.004791399324817591,0.8542544229149115,0.9346040438079192,expanded
synthetic,synthetic/clean_block/small/seed-17,clean_block,Family A: Clean one-to-one,small,Small,,17.0,100,90,24.0,1,0.019199200003640726,0.003767026283686424,0.9178964314462034,0.947980949825597,0.003640139383941791,0.9237993023879796,0.9504069403452287,expanded
synthetic,synthetic/clean_block/small/seed-18,clean_block,Family A: Clean one-to-one,small,Small,,18.0,100,90,2.0,1,0.026047299994388595,0.004518127843375672,0.8877992500721085,0.9380287953081434,0.004686259853758534,0.8788578021344101,0.9349882222863187,expanded
synthetic,synthetic/clean_block/small/seed-19,clean_block,Family A: Clean one-to-one,small,Small,,19.0,100,90,0.25,1,0.050873100000899285,0.005328666668865942,0.8715570545250141,0.9328859846355632,0.005658039246210168,0.8501967397414277,0.9252096215102118,expanded
synthetic,synthetic/cross_block_leakage/large/seed-00,cross_block_leakage,Family E: Cross-block leakage,large,Large,,0.0,400,360,24.0,1,0.20599999999103602,0.015951196838610123,0.5956253994074246,0.8384584567865374,0.015869379954247618,0.6364666240632081,0.8465966856445709,expanded
synthetic,synthetic/cross_block_leakage/large/seed-01,cross_block_leakage,Family E: Cross-block leakage,large,Large,,1.0,400,360,0.1,1,0.29109969999990426,0.015466603749941547,0.6154339710685954,0.8417206214030175,0.014720077147858278,0.6528523098460103,0.8535268655700731,expanded
synthetic,synthetic/cross_block_leakage/large/seed-02,cross_block_leakage,Family E: Cross-block leakage,large,Large,,2.0,400,360,24.0,1,0.3053779000038048,0.015573768680949418,0.6008333333333333,0.8385751915708811,0.013910409890451614,0.672183908045977,0.8575927921455939,expanded
synthetic,synthetic/cross_block_leakage/large/seed-03,cross_block_leakage,Family E: Cross-block leakage,large,Large,,3.0,400,360,24.0,1,0.2564081000018632,0.013925642535665571,0.6588793203770511,0.8563007923115715,0.01374831382187036,0.6924240661003143,0.8627892373637457,expanded
synthetic,synthetic/cross_block_leakage/large/seed-04,cross_block_leakage,Family E: Cross-block leakage,large,Large,,4.0,400,360,0.1,1,0.3177152999996906,0.019737745122889214,0.514323993044668,0.8100954457778665,0.02115119100654151,0.524557452752202,0.8067436789145122,expanded
synthetic,synthetic/cross_block_leakage/large/seed-05,cross_block_leakage,Family E: Cross-block leakage,large,Large,,5.0,400,360,0.1,1,0.24250079999910668,0.014849127765399973,0.634901270994099,0.8482792167877138,0.018180728075179883,0.549619836586473,0.8200341154108034,expanded
synthetic,synthetic/cross_block_leakage/large/seed-06,cross_block_leakage,Family E: Cross-block leakage,large,Large,,6.0,400,360,24.0,1,0.19693249999545515,0.019281841047572575,0.5202150168696746,0.8115266578982482,0.01695443050326772,0.5516955452621948,0.8274331169821392,expanded
synthetic,synthetic/cross_block_leakage/large/seed-07,cross_block_leakage,Family E: Cross-block leakage,large,Large,,7.0,400,360,24.0,1,0.19580480000877287,0.017419103803746144,0.5723580822144413,0.8291593146039536,0.022382620894333217,0.5752253866725483,0.8165625890288845,expanded
synthetic,synthetic/cross_block_leakage/large/seed-08,cross_block_leakage,Family E: Cross-block leakage,large,Large,,8.0,400,360,0.1,1,0.26328230000217445,0.019705327813199145,0.49371292327779515,0.8054453700812731,0.020931749599071365,0.5239419829127757,0.805644058736151,expanded
synthetic,synthetic/cross_block_leakage/large/seed-09,cross_block_leakage,Family E: Cross-block leakage,large,Large,,9.0,400,360,2.0,1,0.20931220000784378,0.015089567206840246,0.5846393601693669,0.8416215805620081,0.026088096471274785,0.39715957540651003,0.7678733325492273,expanded
synthetic,synthetic/cross_block_leakage/large/seed-10,cross_block_leakage,Family E: Cross-block leakage,large,Large,,10.0,400,360,0.25,1,0.25417669999296777,0.020173736730178287,0.5446862333630379,0.8113555351136919,0.018219078074536852,0.5500905510679277,0.820748411763015,expanded
synthetic,synthetic/cross_block_leakage/large/seed-11,cross_block_leakage,Family E: Cross-block leakage,large,Large,,11.0,400,360,24.0,1,0.2108490999962669,0.014966057328306354,0.6423478883321403,0.8497351467430209,0.018536273176277325,0.5232068718682892,0.816895728942973,expanded
synthetic,synthetic/cross_block_leakage/large/seed-12,cross_block_leakage,Family E: Cross-block leakage,large,Large,,12.0,400,360,24.0,1,0.2260455999930855,0.011742186647086235,0.7158224481352325,0.8729633351064877,0.012150440152718543,0.7020509486376263,0.8702605059400674,expanded
synthetic,synthetic/cross_block_leakage/large/seed-13,cross_block_leakage,Family E: Cross-block leakage,large,Large,,13.0,400,360,24.0,1,0.20516379999753553,0.015319197584116954,0.6357282558674643,0.8479408747507288,0.01514164397342075,0.6712494247583985,0.85269920137291,expanded
synthetic,synthetic/cross_block_leakage/large/seed-14,cross_block_leakage,Family E: Cross-block leakage,large,Large,,14.0,400,360,24.0,1,0.1992719000118086,0.021272334270209307,0.49633972059381104,0.8006715373173506,0.020335632925717027,0.4765946277014612,0.8026183393122759,expanded
synthetic,synthetic/cross_block_leakage/large/seed-15,cross_block_leakage,Family E: Cross-block leakage,large,Large,,15.0,400,360,24.0,1,0.18812359998992179,0.016574701565979195,0.630992639745375,0.8426431792132011,0.016712179638566266,0.6309642217738498,0.8420156156753531,expanded
synthetic,synthetic/cross_block_leakage/large/seed-16,cross_block_leakage,Family E: Cross-block leakage,large,Large,,16.0,400,360,24.0,1,0.21440860000438988,0.018894439986597802,0.5464083702118929,0.8164626134443108,0.015521252437807869,0.5935640807713725,0.8419631605169837,expanded
synthetic,synthetic/cross_block_leakage/large/seed-17,cross_block_leakage,Family E: Cross-block leakage,large,Large,,17.0,400,360,0.25,1,0.27680940000573173,0.01981738372578393,0.5052295432572583,0.8077331077451928,0.018166615008172793,0.599009755954648,0.8281678776159924,expanded
synthetic,synthetic/cross_block_leakage/large/seed-18,cross_block_leakage,Family E: Cross-block leakage,large,Large,,18.0,400,360,24.0,1,0.284727300007944,0.019179030972533515,0.5101528506080554,0.810793912008628,0.013873878515254104,0.6732120941649001,0.8588409758637361,expanded
synthetic,synthetic/cross_block_leakage/large/seed-19,cross_block_leakage,Family E: Cross-block leakage,large,Large,,19.0,400,360,24.0,1,0.22275440000521485,0.019997925400124232,0.5141443506457204,0.8091485203406572,0.020610308914660258,0.5530273382903785,0.8180621168073648,expanded
synthetic,synthetic/cross_block_leakage/medium/seed-00,cross_block_leakage,Family E: Cross-block leakage,medium,Medium,,0.0,200,180,1.0,1,0.04848070000298321,0.016617655796333557,0.5566739606126915,0.8347100656455142,0.024333782572015853,0.40054704595185997,0.7754969000729394,expanded
synthetic,synthetic/cross_block_leakage/medium/seed-01,cross_block_leakage,Family E: Cross-block leakage,medium,Medium,,1.0,200,180,24.0,1,0.06328590000339318,0.018173463692754764,0.5655685441020192,0.8313097768331562,0.020533745009352386,0.506163655685441,0.812475646475381,expanded
synthetic,synthetic/cross_block_leakage/medium/seed-02,cross_block_leakage,Family E: Cross-block leakage,medium,Medium,,2.0,200,180,6.0,1,0.06225079999421723,0.014133945117088181,0.6564090960515896,0.8569502583248483,0.018982186125168915,0.5871704943998189,0.8273230380510616,expanded
synthetic,synthetic/cross_block_leakage/medium/seed-03,cross_block_leakage,Family E: Cross-block leakage,medium,Medium,,3.0,200,180,24.0,1,0.055155599999125116,0.014992753394005024,0.6443310406035057,0.8508824236373049,0.01779378980250411,0.5898602174395385,0.8317825049922343,expanded
synthetic,synthetic/cross_block_leakage/medium/seed-04,cross_block_leakage,Family E: Cross-block leakage,medium,Medium,,4.0,200,180,24.0,1,0.06839240000408608,0.01532322172726861,0.6407811602527284,0.8512492820218265,0.017279994389354503,0.5645031591039632,0.8306504882251581,expanded
synthetic,synthetic/cross_block_leakage/medium/seed-05,cross_block_leakage,Family E: Cross-block leakage,medium,Medium,,5.0,200,180,2.0,1,0.0892020000028424,0.012614485505073459,0.6444707273802484,0.8637049083382614,0.015980561164012027,0.5392075694855115,0.8328035679085355,expanded
synthetic,synthetic/cross_block_leakage/medium/seed-06,cross_block_leakage,Family E: Cross-block leakage,medium,Medium,,6.0,200,180,2.0,1,0.08123619999969378,0.014887265502985162,0.6444712593242651,0.8521189849349129,0.021590817867150166,0.49725756910925845,0.802174747696358,expanded
synthetic,synthetic/cross_block_leakage/medium/seed-07,cross_block_leakage,Family E: Cross-block leakage,medium,Medium,,7.0,200,180,24.0,1,0.08905979999690317,0.015730173401433546,0.6168423413321372,0.8424324400089707,0.017326427112705656,0.5669432608208118,0.8308547320026912,expanded
synthetic,synthetic/cross_block_leakage/medium/seed-08,cross_block_leakage,Family E: Cross-block leakage,medium,Medium,,8.0,200,180,24.0,1,0.11064109999279026,0.016135143395378467,0.6154699811341694,0.8442806014870714,0.018378475294569655,0.5603151703473532,0.8302005881700145,expanded
synthetic,synthetic/cross_block_leakage/medium/seed-09,cross_block_leakage,Family E: Cross-block leakage,medium,Medium,,9.0,200,180,24.0,1,0.06495060000452213,0.015101201140142245,0.6077047663118926,0.8478641254049053,0.01527457676109665,0.6201989819527997,0.8520071726052754,expanded
synthetic,synthetic/cross_block_leakage/medium/seed-10,cross_block_leakage,Family E: Cross-block leakage,medium,Medium,,10.0,200,180,24.0,1,0.05935930000850931,0.015369655508084895,0.6321471851933458,0.847765414417392,0.01391394232564153,0.6780874738349675,0.8612656531159341,expanded
synthetic,synthetic/cross_block_leakage/medium/seed-11,cross_block_leakage,Family E: Cross-block leakage,medium,Medium,,11.0,200,180,24.0,1,0.062399899994488806,0.018031564658409258,0.5812623707939301,0.8319336009090242,0.017869748341674874,0.5892896415218826,0.8346643391246977,expanded
synthetic,synthetic/cross_block_leakage/medium/seed-12,cross_block_leakage,Family E: Cross-block leakage,medium,Medium,,12.0,200,180,4.0,1,0.0657136000081664,0.01886255111960613,0.5299523485364194,0.8193664435367976,0.02132961556951347,0.4928522804628999,0.8036078965282506,expanded
synthetic,synthetic/cross_block_leakage/medium/seed-13,cross_block_leakage,Family E: Cross-block leakage,medium,Medium,,13.0,200,180,0.5,1,0.061799899995094165,0.014020968581960306,0.6698412698412698,0.8654146141215107,0.01578464530587833,0.6527640941434045,0.8531768837803321,expanded
synthetic,synthetic/cross_block_leakage/medium/seed-14,cross_block_leakage,Family E: Cross-block leakage,medium,Medium,,14.0,200,180,24.0,1,0.06651270001020748,0.01705893657434604,0.5160507446221732,0.8245840227983086,0.015263963597689995,0.5822393822393822,0.8422986762272476,expanded
synthetic,synthetic/cross_block_leakage/medium/seed-15,cross_block_leakage,Family E: Cross-block leakage,medium,Medium,,15.0,200,180,24.0,1,0.0667064000008395,0.01757304081496461,0.5993474714518761,0.8358188326989306,0.018515421915013562,0.6166394779771615,0.8355084284937466,expanded
synthetic,synthetic/cross_block_leakage/medium/seed-16,cross_block_leakage,Family E: Cross-block leakage,medium,Medium,,16.0,200,180,4.0,1,0.05274020000069868,0.01274897341719941,0.7015023577146617,0.872475509010491,0.014682696888459097,0.623642943305187,0.8522247505208906,expanded
synthetic,synthetic/cross_block_leakage/medium/seed-17,cross_block_leakage,Family E: Cross-block leakage,medium,Medium,,17.0,200,180,4.0,1,0.06169519999821205,0.014989082998235348,0.6750989881214254,0.8706921836046341,0.014487007888116717,0.6878574571051473,0.8664851884440534,expanded
synthetic,synthetic/cross_block_leakage/medium/seed-18,cross_block_leakage,Family E: Cross-block leakage,medium,Medium,,18.0,200,180,24.0,1,0.05551740000373684,0.01553483513337273,0.5904284919309961,0.8408157113708032,0.014266808906997087,0.6353923205342237,0.8531534038211834,expanded
synthetic,synthetic/cross_block_leakage/medium/seed-19,cross_block_leakage,Family E: Cross-block leakage,medium,Medium,,19.0,200,180,24.0,1,0.06903730001067743,0.018898395856744545,0.5474760951745609,0.8209083833666889,0.017777196001988318,0.5870580386924616,0.8325666184863983,expanded
synthetic,synthetic/cross_block_leakage/small/seed-00,cross_block_leakage,Family E: Cross-block leakage,small,Small,,0.0,100,90,24.0,1,0.03525640000589192,0.02197431797338811,0.49623430962343096,0.809963389121339,0.017088889131644556,0.602092050209205,0.8480997210599721,expanded
synthetic,synthetic/cross_block_leakage/small/seed-01,cross_block_leakage,Family E: Cross-block leakage,small,Small,,1.0,100,90,24.0,1,0.04433489999792073,0.01562318502808471,0.5951181712514529,0.8457154849541523,0.015532936725969091,0.6009298721425804,0.8460706444530545,expanded
synthetic,synthetic/cross_block_leakage/small/seed-02,cross_block_leakage,Family E: Cross-block leakage,small,Small,,2.0,100,90,24.0,1,0.039054399996530265,0.016437746811840206,0.6447845348368909,0.8526899583836757,0.016510120764946554,0.6363270237615787,0.8522788293730703,expanded
synthetic,synthetic/cross_block_leakage/small/seed-03,cross_block_leakage,Family E: Cross-block leakage,small,Small,,3.0,100,90,24.0,1,0.0438064000045415,0.012709972950032062,0.6469601677148847,0.8692872117400419,0.012330321057544098,0.659538784067086,0.8724231306778477,expanded
synthetic,synthetic/cross_block_leakage/small/seed-04,cross_block_leakage,Family E: Cross-block leakage,small,Small,,4.0,100,90,0.5,1,0.035131600001477636,0.013020994493625234,0.6679586563307494,0.8712496411139823,0.014436129063305781,0.6304909560723514,0.8594243468274476,expanded
synthetic,synthetic/cross_block_leakage/small/seed-05,cross_block_leakage,Family E: Cross-block leakage,small,Small,,5.0,100,90,0.5,1,0.029784300000756048,0.015191584387092864,0.6577068458630827,0.8596003079938401,0.01496361392441088,0.625367492650147,0.8557766344673107,expanded
synthetic,synthetic/cross_block_leakage/small/seed-06,cross_block_leakage,Family E: Cross-block leakage,small,Small,,6.0,100,90,8.0,1,0.0448099000059301,0.02331277922797657,0.606951871657754,0.8248265215176981,0.018547753425232467,0.5744843391902216,0.8352431881843647,expanded
synthetic,synthetic/cross_block_leakage/small/seed-07,cross_block_leakage,Family E: Cross-block leakage,small,Small,,7.0,100,90,8.0,1,0.04322239999601152,0.014606823391562615,0.5832981864192324,0.8503883734008154,0.014752802031899197,0.5824546604808097,0.8485343736819908,expanded
synthetic,synthetic/cross_block_leakage/small/seed-08,cross_block_leakage,Family E: Cross-block leakage,small,Small,,8.0,100,90,24.0,1,0.02742509999370668,0.017073621180719666,0.5746549560853199,0.8383870068311726,0.016383481631529674,0.5800920117105813,0.842281820716576,expanded
synthetic,synthetic/cross_block_leakage/small/seed-09,cross_block_leakage,Family E: Cross-block leakage,small,Small,,9.0,100,90,8.0,1,0.04071560000011232,0.014097125849793554,0.654126679462572,0.8610764555342291,0.014243895000749214,0.6333973128598849,0.8582133717210493,expanded
synthetic,synthetic/cross_block_leakage/small/seed-10,cross_block_leakage,Family E: Cross-block leakage,small,Small,,10.0,100,90,24.0,1,0.040538800007198006,0.014905783176513875,0.6536091549295775,0.8595308832159625,0.014149871582974245,0.6822183098591549,0.8675817928403757,expanded
synthetic,synthetic/cross_block_leakage/small/seed-11,cross_block_leakage,Family E: Cross-block leakage,small,Small,,11.0,100,90,24.0,1,0.0308699000015622,0.0182114826454171,0.6390301134141572,0.8503780471907183,0.017049781096645976,0.6511536957371921,0.8558939512449485,expanded
synthetic,synthetic/cross_block_leakage/small/seed-12,cross_block_leakage,Family E: Cross-block leakage,small,Small,,12.0,100,90,24.0,1,0.020341000010375865,0.013474161876647923,0.6908055329536208,0.8724064279902359,0.013450555540928916,0.7034174125305126,0.8734489422294549,expanded
synthetic,synthetic/cross_block_leakage/small/seed-13,cross_block_leakage,Family E: Cross-block leakage,small,Small,,13.0,100,90,4.0,1,0.04271940000762697,0.017024169904489433,0.6423473433782713,0.8538527623579171,0.016307037990211982,0.5884218873909596,0.8484420433518373,expanded
synthetic,synthetic/cross_block_leakage/small/seed-14,cross_block_leakage,Family E: Cross-block leakage,small,Small,,14.0,100,90,6.0,1,0.035502799990354106,0.015544453523664903,0.6945945945945946,0.865958815958816,0.014873915147832203,0.6868725868725869,0.8659346846846847,expanded
synthetic,synthetic/cross_block_leakage/small/seed-15,cross_block_leakage,Family E: Cross-block leakage,small,Small,,15.0,100,90,24.0,1,0.024186899987398647,0.015361874880449797,0.6225287356321839,0.8542049808429119,0.015490298704297486,0.6372413793103449,0.8538218390804597,expanded
synthetic,synthetic/cross_block_leakage/small/seed-16,cross_block_leakage,Family E: Cross-block leakage,small,Small,,16.0,100,90,1.0,1,0.0442439999897033,0.012995906527671342,0.7149980820866897,0.881720687891574,0.013228716984856798,0.7046413502109705,0.8768459915611815,expanded
synthetic,synthetic/cross_block_leakage/small/seed-17,cross_block_leakage,Family E: Cross-block leakage,small,Small,,17.0,100,90,2.0,1,0.03574889998708386,0.013258035323156551,0.7391118701964133,0.8805330202106462,0.013547488405176498,0.6865926558497011,0.8718776686592656,expanded
synthetic,synthetic/cross_block_leakage/small/seed-18,cross_block_leakage,Family E: Cross-block leakage,small,Small,,18.0,100,90,2.0,1,0.040139500008081086,0.013709880785444075,0.6817375886524822,0.8662732712765957,0.0161473677972218,0.511968085106383,0.8350971483451537,expanded
synthetic,synthetic/cross_block_leakage/small/seed-19,cross_block_leakage,Family E: Cross-block leakage,small,Small,,19.0,100,90,24.0,1,0.04491720000805799,0.015280498297057203,0.6520503451075924,0.860409053999188,0.015361453999381882,0.6601705237515225,0.8626928542427934,expanded
synthetic,synthetic/paired_overlap/large/seed-00,paired_overlap,Family B: Paired subgroup overlap,large,Large,,0.0,400,360,24.0,1,0.22249529999680817,0.008477267269554807,0.7262271711489559,0.8890998657881893,0.010528809953273426,0.6775256222547584,0.8716455074362334,expanded
synthetic,synthetic/paired_overlap/large/seed-01,paired_overlap,Family B: Paired subgroup overlap,large,Large,,1.0,400,360,2.0,1,0.2576016999955755,0.009642759835324961,0.6878506499853386,0.8774223764376243,0.01176416793140706,0.6054149154530349,0.8562339132701267,expanded
synthetic,synthetic/paired_overlap/large/seed-02,paired_overlap,Family B: Paired subgroup overlap,large,Large,,2.0,400,360,12.0,1,0.26841889999923296,0.007431254284478113,0.7542263442122564,0.8969392430408808,0.011037616468348924,0.6353995460593254,0.8634150556990425,expanded
synthetic,synthetic/paired_overlap/large/seed-03,paired_overlap,Family B: Paired subgroup overlap,large,Large,,3.0,400,360,12.0,1,0.24496619999990799,0.007605131585354537,0.7415140033592438,0.8948250719372941,0.011243601186299565,0.6216749345728683,0.8596852499251333,expanded
synthetic,synthetic/paired_overlap/large/seed-04,paired_overlap,Family B: Paired subgroup overlap,large,Large,,4.0,400,360,8.0,1,0.2946304999932181,0.008282192008738387,0.7215241737230265,0.8893102652150727,0.01172779251831332,0.6255121551488664,0.8590483994745126,expanded
synthetic,synthetic/paired_overlap/large/seed-05,paired_overlap,Family B: Paired subgroup overlap,large,Large,,5.0,400,360,12.0,1,0.2733938000019407,0.007523809849367803,0.7561590199841057,0.8974142776840922,0.007854917719514375,0.7420480316334245,0.8936785647367436,expanded
synthetic,synthetic/paired_overlap/large/seed-06,paired_overlap,Family B: Paired subgroup overlap,large,Large,,6.0,400,360,24.0,1,0.27204989999881946,0.00954773756380502,0.6943484171683822,0.8803477212403703,0.012301000286715089,0.6135754515439891,0.8547088431410631,expanded
synthetic,synthetic/paired_overlap/large/seed-07,paired_overlap,Family B: Paired subgroup overlap,large,Large,,7.0,400,360,0.05,1,0.2627277999999933,0.008764601366594196,0.7217165898617511,0.8859611015104967,0.011658936759148524,0.6414170506912442,0.8602270545314901,expanded
synthetic,synthetic/paired_overlap/large/seed-08,paired_overlap,Family B: Paired subgroup overlap,large,Large,,8.0,400,360,8.0,1,0.21012509999854956,0.008144278695702927,0.7389903751718719,0.8909542165913704,0.0094257611752477,0.695659006089177,0.8792231388725201,expanded
synthetic,synthetic/paired_overlap/large/seed-09,paired_overlap,Family B: Paired subgroup overlap,large,Large,,9.0,400,360,24.0,1,0.2266377000050852,0.011138396010495022,0.6433484250072248,0.86515348553447,0.017704598775587305,0.5246122724207687,0.81771345085573,expanded
synthetic,synthetic/paired_overlap/large/seed-10,paired_overlap,Family B: Paired subgroup overlap,large,Large,,10.0,400,360,24.0,1,0.23224040000059176,0.00806260185231587,0.7426606922126081,0.8926646354810467,0.008053887440893468,0.7413280284301607,0.8928368516944788,expanded
synthetic,synthetic/paired_overlap/large/seed-11,paired_overlap,Family B: Paired subgroup overlap,large,Large,,11.0,400,360,24.0,1,0.24973729999328498,0.007992126395576664,0.7384781727260441,0.8920948937758643,0.00885967659390205,0.7138995617168343,0.8847467321838859,expanded
synthetic,synthetic/paired_overlap/large/seed-12,paired_overlap,Family B: Paired subgroup overlap,large,Large,,12.0,400,360,4.0,1,0.2778773000027286,0.008915773922894067,0.6949775732958593,0.8814577036851664,0.009600131966066721,0.6789419985754711,0.8758514286997645,expanded
synthetic,synthetic/paired_overlap/large/seed-13,paired_overlap,Family B: Paired subgroup overlap,large,Large,,13.0,400,360,4.0,1,0.2193869999900926,0.007435123380067348,0.7521382508231536,0.8966715049259325,0.008868024525622598,0.7030412843142985,0.8823884927361169,expanded
synthetic,synthetic/paired_overlap/large/seed-14,paired_overlap,Family B: Paired subgroup overlap,large,Large,,14.0,400,360,12.0,1,0.22152950000599958,0.008102691595961735,0.7329232074671193,0.8914512380915648,0.009886342305708593,0.6767269641686273,0.874607471619033,expanded
synthetic,synthetic/paired_overlap/large/seed-15,paired_overlap,Family B: Paired subgroup overlap,large,Large,,15.0,400,360,8.0,1,0.3957508000021335,0.008098443755860099,0.7380920408985402,0.8924143311144789,0.010145424078193027,0.6684187304571352,0.8724562303772052,expanded
synthetic,synthetic/paired_overlap/large/seed-16,paired_overlap,Family B: Paired subgroup overlap,large,Large,,16.0,400,360,12.0,1,0.25724259999697097,0.008339608377930815,0.7291730887792849,0.8882785206021373,0.007812934929552269,0.7436035758323057,0.8945573398325115,expanded
synthetic,synthetic/paired_overlap/large/seed-17,paired_overlap,Family B: Paired subgroup overlap,large,Large,,17.0,400,360,12.0,1,0.32408310000027996,0.007443069180186676,0.754155578695669,0.8975286680293623,0.007557971868044198,0.7559103706274828,0.8970827387609756,expanded
synthetic,synthetic/paired_overlap/large/seed-18,paired_overlap,Family B: Paired subgroup overlap,large,Large,,18.0,400,360,0.75,1,0.2287642000010237,0.006597482832820871,0.779142421993986,0.9048974238814909,0.00638743492055038,0.7862498535556683,0.907074156155218,expanded
synthetic,synthetic/paired_overlap/large/seed-19,paired_overlap,Family B: Paired subgroup overlap,large,Large,,19.0,400,360,24.0,1,0.27922769999713637,0.008311641787870121,0.721999883997448,0.8880442453067302,0.008402224470905186,0.7221158865495041,0.8874541628804724,expanded
synthetic,synthetic/paired_overlap/medium/seed-00,paired_overlap,Family B: Paired subgroup overlap,medium,Medium,,0.0,200,180,12.0,1,0.06108830000448506,0.008495938328795982,0.7320592524368716,0.8920676951416071,0.008665981418169363,0.7329035229104306,0.8900289738276154,expanded
synthetic,synthetic/paired_overlap/medium/seed-01,paired_overlap,Family B: Paired subgroup overlap,medium,Medium,,1.0,200,180,12.0,1,0.06685690001177136,0.007807078078367454,0.758337140246688,0.8984029998477235,0.008296112786091731,0.7264352063347038,0.8920549718288413,expanded
synthetic,synthetic/paired_overlap/medium/seed-02,paired_overlap,Family B: Paired subgroup overlap,medium,Medium,,2.0,200,180,0.25,1,0.05869209999218583,0.007964741816664803,0.7515709156193896,0.8966982719928187,0.007587600619313929,0.75516157989228,0.8989704892280073,expanded
synthetic,synthetic/paired_overlap/medium/seed-03,paired_overlap,Family B: Paired subgroup overlap,medium,Medium,,3.0,200,180,4.0,1,0.06754030000593048,0.007796517256373192,0.7527548209366391,0.8991987424752577,0.011609870105125614,0.6114937251300888,0.8620038771553923,expanded
synthetic,synthetic/paired_overlap/medium/seed-04,paired_overlap,Family B: Paired subgroup overlap,medium,Medium,,4.0,200,180,4.0,1,0.07063060000655241,0.00709998222298424,0.7822748956469887,0.9063555953090837,0.012263840410860425,0.6346899224806202,0.8604589047903002,expanded
synthetic,synthetic/paired_overlap/medium/seed-05,paired_overlap,Family B: Paired subgroup overlap,medium,Medium,,5.0,200,180,24.0,1,0.0738781999971252,0.0071297742040931315,0.7780279153534444,0.9058529065986293,0.0071028959674331,0.7773525438991445,0.9056574866176397,expanded
synthetic,synthetic/paired_overlap/medium/seed-06,paired_overlap,Family B: Paired subgroup overlap,medium,Medium,,6.0,200,180,24.0,1,0.08538079999561887,0.008355328769435864,0.7234301353200547,0.8916615984998227,0.008251062976666427,0.7299680705488825,0.8925421924889768,expanded
synthetic,synthetic/paired_overlap/medium/seed-07,paired_overlap,Family B: Paired subgroup overlap,medium,Medium,,7.0,200,180,24.0,1,0.07166489999508485,0.006813709937415389,0.7854545454545454,0.9086505681818182,0.006378581897897141,0.7934848484848485,0.9115183080808081,expanded
synthetic,synthetic/paired_overlap/medium/seed-08,paired_overlap,Family B: Paired subgroup overlap,medium,Medium,,8.0,200,180,24.0,1,0.09239630000956822,0.006046898331693738,0.8201187824795843,0.9162196857213561,0.005969744583752188,0.819970304380104,0.9175080425637218,expanded
synthetic,synthetic/paired_overlap/medium/seed-09,paired_overlap,Family B: Paired subgroup overlap,medium,Medium,,9.0,200,180,8.0,1,0.0772195999888936,0.006218281732518191,0.8145318352059925,0.9151576154806492,0.006511719057803459,0.7978277153558052,0.9127840199750312,expanded
synthetic,synthetic/paired_overlap/medium/seed-10,paired_overlap,Family B: Paired subgroup overlap,medium,Medium,,10.0,200,180,0.75,1,0.07838880000053905,0.0116287045929443,0.6271660991297767,0.8641852692647245,0.013845077731816122,0.5895573212258797,0.8480246563248832,expanded
synthetic,synthetic/paired_overlap/medium/seed-11,paired_overlap,Family B: Paired subgroup overlap,medium,Medium,,11.0,200,180,2.0,1,0.07342109999444801,0.010253613613102898,0.6642268984446478,0.875271614821592,0.010239511951511612,0.6636169563891431,0.8748014511538071,expanded
synthetic,synthetic/paired_overlap/medium/seed-12,paired_overlap,Family B: Paired subgroup overlap,medium,Medium,,12.0,200,180,12.0,1,0.07275970000773668,0.006845950867784825,0.7850007345379756,0.9083633269673375,0.012229981945729038,0.6402232995445865,0.8623751285441457,expanded
synthetic,synthetic/paired_overlap/medium/seed-13,paired_overlap,Family B: Paired subgroup overlap,medium,Medium,,13.0,200,180,0.5,1,0.08079140000336338,0.010680209617490277,0.6563899671543745,0.8716283467701802,0.0069042781889148905,0.7705285159749179,0.9068083134268936,expanded
synthetic,synthetic/paired_overlap/medium/seed-14,paired_overlap,Family B: Paired subgroup overlap,medium,Medium,,14.0,200,180,24.0,1,0.12141049999627285,0.008681636971894263,0.7435536455245999,0.8926286801027465,0.009073067239443457,0.7300681683461766,0.8887139399328196,expanded
synthetic,synthetic/paired_overlap/medium/seed-15,paired_overlap,Family B: Paired subgroup overlap,medium,Medium,,15.0,200,180,0.75,1,0.07298920000903308,0.011648395598532844,0.6310368505378805,0.8636558709086748,0.01626066143576856,0.5751125352864881,0.8356015233590194,expanded
synthetic,synthetic/paired_overlap/medium/seed-16,paired_overlap,Family B: Paired subgroup overlap,medium,Medium,,16.0,200,180,24.0,1,0.0946884000004502,0.008512503183701219,0.7306711360489689,0.8920000485802424,0.008217729517672585,0.739707061138235,0.8953930748864437,expanded
synthetic,synthetic/paired_overlap/medium/seed-17,paired_overlap,Family B: Paired subgroup overlap,medium,Medium,,17.0,200,180,24.0,1,0.07710920000681654,0.008917326953458348,0.7199909916672922,0.8895337562245078,0.008931318650217577,0.7230688386757751,0.8893867452393465,expanded
synthetic,synthetic/paired_overlap/medium/seed-18,paired_overlap,Family B: Paired subgroup overlap,medium,Medium,,18.0,200,180,24.0,1,0.05996749999758322,0.008215058223001422,0.7464605494757787,0.8961266931966021,0.009282332347446985,0.7132471110430857,0.8859164944771817,expanded
synthetic,synthetic/paired_overlap/medium/seed-19,paired_overlap,Family B: Paired subgroup overlap,medium,Medium,,19.0,200,180,2.0,1,0.08735840000736061,0.007098322187342108,0.7819670921567181,0.9061923559359552,0.009866529583837418,0.6909909245185568,0.8794132295432745,expanded
synthetic,synthetic/paired_overlap/small/seed-00,paired_overlap,Family B: Paired subgroup overlap,small,Small,,0.0,100,90,0.5,1,0.033702200002153404,0.013968155992818474,0.6908198614318707,0.8703449769053118,0.016460513767130765,0.5017321016166282,0.8284076693610469,expanded
synthetic,synthetic/paired_overlap/small/seed-01,paired_overlap,Family B: Paired subgroup overlap,small,Small,,1.0,100,90,6.0,1,0.045538699996541254,0.013652083488586009,0.5948745910577972,0.856989503816794,0.01449854762819101,0.596782988004362,0.8517641312250092,expanded
synthetic,synthetic/paired_overlap/small/seed-02,paired_overlap,Family B: Paired subgroup overlap,small,Small,,2.0,100,90,4.0,1,0.033607100005610846,0.012249751630985193,0.6198188306340928,0.8642087565193521,0.012390032448166088,0.5923689267087565,0.8615895781864764,expanded
synthetic,synthetic/paired_overlap/small/seed-03,paired_overlap,Family B: Paired subgroup overlap,small,Small,,3.0,100,90,24.0,1,0.03168590000132099,0.006234586256475493,0.8459110473457676,0.9225131516021043,0.007076337718251541,0.8065997130559541,0.91357006217121,expanded
synthetic,synthetic/paired_overlap/small/seed-04,paired_overlap,Family B: Paired subgroup overlap,small,Small,,4.0,100,90,0.5,1,0.020815800002310425,0.012636321180905193,0.6234696924455061,0.8629690454862148,0.012558001543885491,0.5971931919976112,0.8585149795958994,expanded
synthetic,synthetic/paired_overlap/small/seed-05,paired_overlap,Family B: Paired subgroup overlap,small,Small,,5.0,100,90,0.25,1,0.030575500000850298,0.006602747373237558,0.8139259259259259,0.9169814814814815,0.01207588473914148,0.6447407407407407,0.8684814814814814,expanded
synthetic,synthetic/paired_overlap/small/seed-06,paired_overlap,Family B: Paired subgroup overlap,small,Small,,6.0,100,90,24.0,1,0.03444459999445826,0.007241023425679145,0.7571227080394922,0.9065996708979784,0.00634555600395045,0.7960507757404796,0.9157498824635638,expanded
synthetic,synthetic/paired_overlap/small/seed-07,paired_overlap,Family B: Paired subgroup overlap,small,Small,,7.0,100,90,12.0,1,0.03621640001074411,0.015292331449828458,0.6259977194982896,0.8529432725199544,0.014396959411705233,0.5744013683010262,0.8471529361459521,expanded
synthetic,synthetic/paired_overlap/small/seed-08,paired_overlap,Family B: Paired subgroup overlap,small,Small,,8.0,100,90,6.0,1,0.022646900004474446,0.008695970619362992,0.7617905675459632,0.8991251443289814,0.009346673278478263,0.73994138022915,0.8943234301447731,expanded
synthetic,synthetic/paired_overlap/small/seed-09,paired_overlap,Family B: Paired subgroup overlap,small,Small,,9.0,100,90,0.5,1,0.03507019999960903,0.009365174241473442,0.7315968289920725,0.892836919592299,0.01159685778774607,0.6540203850509626,0.8719092110230277,expanded
synthetic,synthetic/paired_overlap/small/seed-10,paired_overlap,Family B: Paired subgroup overlap,small,Small,,10.0,100,90,0.5,1,0.031546300000627525,0.008168888189828024,0.793761763915031,0.9097987810343283,0.007723965177055461,0.7918795375100833,0.9081070180155957,expanded
synthetic,synthetic/paired_overlap/small/seed-11,paired_overlap,Family B: Paired subgroup overlap,small,Small,,11.0,100,90,24.0,1,0.03968390000227373,0.006870382658111592,0.8031407739764442,0.9172450458029539,0.006858996745864558,0.8037016264722378,0.9166841933071602,expanded
synthetic,synthetic/paired_overlap/small/seed-12,paired_overlap,Family B: Paired subgroup overlap,small,Small,,12.0,100,90,6.0,1,0.030946799990488216,0.010296917699204607,0.7089994079336885,0.8843743832642589,0.01299441596809135,0.7030787448194198,0.8733779850009867,expanded
synthetic,synthetic/paired_overlap/small/seed-13,paired_overlap,Family B: Paired subgroup overlap,small,Small,,13.0,100,90,0.25,1,0.028861799990409054,0.00913475874582508,0.7586015538290788,0.8977178135405106,0.01633536257137112,0.5288568257491676,0.8323159452460229,expanded
synthetic,synthetic/paired_overlap/small/seed-14,paired_overlap,Family B: Paired subgroup overlap,small,Small,,14.0,100,90,2.0,1,0.04482599999755621,0.008644148042235634,0.7728723404255319,0.9017231826241134,0.009163877440851727,0.7420212765957447,0.8963984929078015,expanded
synthetic,synthetic/paired_overlap/small/seed-15,paired_overlap,Family B: Paired subgroup overlap,small,Small,,15.0,100,90,0.05,1,0.05083430001104716,0.01157076652173525,0.7159904534606205,0.8818615751789978,0.012800881377319981,0.6452863961813843,0.8653478023070804,expanded
synthetic,synthetic/paired_overlap/small/seed-16,paired_overlap,Family B: Paired subgroup overlap,small,Small,,16.0,100,90,2.0,1,0.024288400003570132,0.012580025540033239,0.6296191819464034,0.8618770568876352,0.013435919188937568,0.6143864598025388,0.8590503055947344,expanded
synthetic,synthetic/paired_overlap/small/seed-17,paired_overlap,Family B: Paired subgroup overlap,small,Small,,17.0,100,90,24.0,1,0.024906799997552298,0.009665207512756138,0.6989364603217889,0.8862319334605946,0.009598170820271673,0.6932097082083447,0.8860330879010998,expanded
synthetic,synthetic/paired_overlap/small/seed-18,paired_overlap,Family B: Paired subgroup overlap,small,Small,,18.0,100,90,6.0,1,0.0286921000079019,0.007747269586086962,0.8170800450958287,0.9136074314167606,0.008539815811849634,0.7787485907553551,0.9027973506200676,expanded
synthetic,synthetic/paired_overlap/small/seed-19,paired_overlap,Family B: Paired subgroup overlap,small,Small,,19.0,100,90,1.0,1,0.038613600001554005,0.00913713394092659,0.772165797419709,0.9025985909049319,0.012227477117534866,0.6038978863573977,0.8629792295726966,expanded
synthetic,synthetic/shared_super/large/seed-00,shared_super,Family C: Shared super-prototype,large,Large,,0.0,400,360,0.75,1,0.2939759000000777,0.01065239284894469,0.6685646186440678,0.8718689309675142,0.012677660860802919,0.630614406779661,0.8564756576624294,expanded
synthetic,synthetic/shared_super/large/seed-01,shared_super,Family C: Shared super-prototype,large,Large,,1.0,400,360,2.0,1,0.24440839998715091,0.010685112962141308,0.6358216970998926,0.8659875134264232,0.011098332424835499,0.6351772287862514,0.8620502148227712,expanded
synthetic,synthetic/shared_super/large/seed-02,shared_super,Family C: Shared super-prototype,large,Large,,2.0,400,360,8.0,1,0.25826649999362417,0.007385504233492834,0.7639440920217946,0.9003848499205952,0.01025277230312747,0.7153536363875654,0.8805934300229002,expanded
synthetic,synthetic/shared_super/large/seed-03,shared_super,Family C: Shared super-prototype,large,Large,,3.0,400,360,12.0,1,0.2145042000047397,0.008153556872882283,0.7420897125973677,0.8930421255260096,0.013287431975793504,0.6184528605962933,0.8501348598800251,expanded
synthetic,synthetic/shared_super/large/seed-04,shared_super,Family C: Shared super-prototype,large,Large,,4.0,400,360,8.0,1,0.24997409999195952,0.008938717029417273,0.7107433688565369,0.884707239052831,0.00814592792943426,0.7317168966510434,0.8931232707531443,expanded
synthetic,synthetic/shared_super/large/seed-05,shared_super,Family C: Shared super-prototype,large,Large,,5.0,400,360,6.0,1,0.24002709999331273,0.012498536184545697,0.5966871295512278,0.8505388045088907,0.013458394880557356,0.5763653683319221,0.8430620237087214,expanded
synthetic,synthetic/shared_super/large/seed-06,shared_super,Family C: Shared super-prototype,large,Large,,6.0,400,360,6.0,1,0.25223600000026636,0.007420626997156344,0.7469777081063846,0.8958554746658874,0.008487497928103997,0.7281664319685416,0.8864155175315072,expanded
synthetic,synthetic/shared_super/large/seed-07,shared_super,Family C: Shared super-prototype,large,Large,,7.0,400,360,4.0,1,0.2580247000005329,0.009818121771754043,0.6747268679128049,0.8759066647681183,0.01262330467255415,0.6210583544762596,0.854305282279639,expanded
synthetic,synthetic/shared_super/large/seed-08,shared_super,Family C: Shared super-prototype,large,Large,,8.0,400,360,12.0,1,0.2360637000092538,0.006360454942880105,0.8126407289103,0.9118698835768271,0.006611503874464634,0.7980572864847882,0.9068963711577736,expanded
synthetic,synthetic/shared_super/large/seed-09,shared_super,Family C: Shared super-prototype,large,Large,,9.0,400,360,8.0,1,0.2235406999971019,0.008053550023582483,0.7499121502905798,0.8956221561472272,0.010923301283356265,0.6210839302608461,0.8601533991079876,expanded
synthetic,synthetic/shared_super/large/seed-10,shared_super,Family C: Shared super-prototype,large,Large,,10.0,400,360,8.0,1,0.2089031000068644,0.007910242941281113,0.7355998727060571,0.893353753403345,0.007987706444463843,0.7447491248541424,0.8931885585728935,expanded
synthetic,synthetic/shared_super/large/seed-11,shared_super,Family C: Shared super-prototype,large,Large,,11.0,400,360,4.0,1,0.21480530001281295,0.008901922218296755,0.6957832947385427,0.8824513750516093,0.010127700032760806,0.6614788087673004,0.8711354722027752,expanded
synthetic,synthetic/shared_super/large/seed-12,shared_super,Family C: Shared super-prototype,large,Large,,12.0,400,360,2.0,1,0.24991250000311993,0.011065513634619268,0.6248720021557531,0.8609460612593193,0.007698402203827084,0.7631905146860685,0.8959669451181174,expanded
synthetic,synthetic/shared_super/large/seed-13,shared_super,Family C: Shared super-prototype,large,Large,,13.0,400,360,2.0,1,0.20865990000311285,0.009208332215039857,0.687414920592553,0.879162218070199,0.01105604471397276,0.6123048178299746,0.8592325058943904,expanded
synthetic,synthetic/shared_super/large/seed-14,shared_super,Family C: Shared super-prototype,large,Large,,14.0,400,360,4.0,1,0.1881573999999091,0.00872167128579741,0.7236831415030467,0.8853413450688333,0.013198653392500832,0.5721597833446175,0.8454491085533741,expanded
synthetic,synthetic/shared_super/large/seed-15,shared_super,Family C: Shared super-prototype,large,Large,,15.0,400,360,4.0,1,0.28654739999910817,0.008896391236600916,0.692731393632722,0.8813338955653947,0.009644137488287146,0.6821368332279149,0.8760931680019679,expanded
synthetic,synthetic/shared_super/large/seed-16,shared_super,Family C: Shared super-prototype,large,Large,,16.0,400,360,12.0,1,0.1829264999978477,0.008549527557982214,0.7353202248702154,0.8920888587029616,0.01076814371949727,0.6418484546897275,0.8659907335180353,expanded
synthetic,synthetic/shared_super/large/seed-17,shared_super,Family C: Shared super-prototype,large,Large,,17.0,400,360,8.0,1,0.19395130001066718,0.011122498085483096,0.6616770433169956,0.8667925111493796,0.011935610572411982,0.6211153795204662,0.8566664458868725,expanded
synthetic,synthetic/shared_super/large/seed-18,shared_super,Family C: Shared super-prototype,large,Large,,18.0,400,360,8.0,1,0.22911599998769816,0.008516308906319821,0.7435531600084548,0.8913125088071585,0.022470835641089683,0.46285140562248994,0.7895364352145424,expanded
synthetic,synthetic/shared_super/large/seed-19,shared_super,Family C: Shared super-prototype,large,Large,,19.0,400,360,12.0,1,0.20189699999173172,0.01007824444480087,0.662911232862618,0.8733323473176086,0.011911476472196272,0.6428479563752347,0.8602403091802351,expanded
synthetic,synthetic/shared_super/medium/seed-00,shared_super,Family C: Shared super-prototype,medium,Medium,,0.0,200,180,0.5,1,0.07500729999446776,0.008403277134245156,0.7638559413413846,0.8968127740636905,0.01640480277915795,0.6379124433901229,0.8458391740349364,expanded
synthetic,synthetic/shared_super/medium/seed-01,shared_super,Family C: Shared super-prototype,medium,Medium,,1.0,200,180,0.75,1,0.07921439998608548,0.010602055304790726,0.6453537044788614,0.8680475617413144,0.01172047425132016,0.62316868982838,0.8608313276126692,expanded
synthetic,synthetic/shared_super/medium/seed-02,shared_super,Family C: Shared super-prototype,medium,Medium,,2.0,200,180,24.0,1,0.08221119998779614,0.00946885077445431,0.6939303071037122,0.8809822321028504,0.010018388037053651,0.6777996070726916,0.8750323131010237,expanded
synthetic,synthetic/shared_super/medium/seed-03,shared_super,Family C: Shared super-prototype,medium,Medium,,3.0,200,180,12.0,1,0.11032209999393672,0.006980751858133621,0.811311158580002,0.913023853117689,0.007284938737994337,0.799613467602482,0.9093598480995491,expanded
synthetic,synthetic/shared_super/medium/seed-04,shared_super,Family C: Shared super-prototype,medium,Medium,,4.0,200,180,24.0,1,0.05732459999853745,0.011949797409361584,0.6715970211005379,0.8666627878913253,0.008997629360953495,0.7317956143980141,0.8907284340091022,expanded
synthetic,synthetic/shared_super/medium/seed-05,shared_super,Family C: Shared super-prototype,medium,Medium,,5.0,200,180,2.0,1,0.10355210000125226,0.006955924898358797,0.7942905121746432,0.9083884340890009,0.007402718690208925,0.7715155331654072,0.9018353799328296,expanded
synthetic,synthetic/shared_super/medium/seed-06,shared_super,Family C: Shared super-prototype,medium,Medium,,6.0,200,180,4.0,1,0.08157899999059737,0.006444719638592688,0.8336124519751749,0.9171900141201196,0.007483999261604781,0.8021869766525466,0.905114028174564,expanded
synthetic,synthetic/shared_super/medium/seed-07,shared_super,Family C: Shared super-prototype,medium,Medium,,7.0,200,180,12.0,1,0.1224417000048561,0.007054332250613371,0.774585974238397,0.9073425679820079,0.008684124620008796,0.7297076262523001,0.8905302255844068,expanded
synthetic,synthetic/shared_super/medium/seed-08,shared_super,Family C: Shared super-prototype,medium,Medium,,8.0,200,180,6.0,1,0.0693018000019947,0.006265743933741381,0.8481294236602629,0.9227018031681835,0.009688610191029377,0.701314459049545,0.8824991573980451,expanded
synthetic,synthetic/shared_super/medium/seed-09,shared_super,Family C: Shared super-prototype,medium,Medium,,9.0,200,180,24.0,1,0.09290030000556726,0.00839783496906881,0.7576316328621184,0.8964159496004918,0.008451814747533164,0.7567096906371645,0.8955366898859524,expanded
synthetic,synthetic/shared_super/medium/seed-10,shared_super,Family C: Shared super-prototype,medium,Medium,,10.0,200,180,2.0,1,0.09841340000275522,0.006136905952183903,0.8340368578194173,0.9197102680256701,0.006411141894280408,0.8146813548852054,0.9144531384055733,expanded
synthetic,synthetic/shared_super/medium/seed-11,shared_super,Family C: Shared super-prototype,medium,Medium,,11.0,200,180,4.0,1,0.0956278000085149,0.009073538226763518,0.7108882225209389,0.8852346361975667,0.015750184698740566,0.5694343914796816,0.8349748388653363,expanded
synthetic,synthetic/shared_super/medium/seed-12,shared_super,Family C: Shared super-prototype,medium,Medium,,12.0,200,180,1.0,1,0.06941930000903085,0.012211309173489324,0.5981500513874615,0.8592347550531004,0.012720643327516434,0.5904419321685509,0.8555327166837959,expanded
synthetic,synthetic/shared_super/medium/seed-13,shared_super,Family C: Shared super-prototype,medium,Medium,,13.0,200,180,0.5,1,0.08785150000767317,0.006088377675983559,0.8349644586380962,0.9187935682153773,0.013130750262840923,0.555063356340785,0.8474683218296075,expanded
synthetic,synthetic/shared_super/medium/seed-14,shared_super,Family C: Shared super-prototype,medium,Medium,,14.0,200,180,4.0,1,0.08657769999990705,0.00805158988909268,0.73,0.8946628006872852,0.009883435771341488,0.6810309278350516,0.8796069587628866,expanded
synthetic,synthetic/shared_super/medium/seed-15,shared_super,Family C: Shared super-prototype,medium,Medium,,15.0,200,180,24.0,1,0.12390940000477713,0.00875525160331653,0.75188127090301,0.8933706974637681,0.00806152261898351,0.768185618729097,0.9000422414994426,expanded
synthetic,synthetic/shared_super/medium/seed-16,shared_super,Family C: Shared super-prototype,medium,Medium,,16.0,200,180,4.0,1,0.060101499999291264,0.00558575659666059,0.8577418695029658,0.927428495943274,0.011715497979413018,0.6238494579668644,0.860358287311652,expanded
synthetic,synthetic/shared_super/medium/seed-17,shared_super,Family C: Shared super-prototype,medium,Medium,,17.0,200,180,24.0,1,0.05113010000786744,0.007054518954335702,0.8119502578101304,0.9118411518889227,0.006145321010800773,0.8281265797189364,0.9183369561554274,expanded
synthetic,synthetic/shared_super/medium/seed-18,shared_super,Family C: Shared super-prototype,medium,Medium,,18.0,200,180,0.5,1,0.09552109999640379,0.009174025673447455,0.717501290655653,0.8854155911202891,0.011660390988467415,0.6238513164687661,0.8610738255033556,expanded
synthetic,synthetic/shared_super/medium/seed-19,shared_super,Family C: Shared super-prototype,medium,Medium,,19.0,200,180,24.0,1,0.11371400000643916,0.00936346220266203,0.670276008492569,0.8807147912243454,0.009136108523587889,0.6768577494692144,0.8826455237084218,expanded
synthetic,synthetic/shared_super/small/seed-00,shared_super,Family C: Shared super-prototype,small,Small,,0.0,100,90,1.0,1,0.04507600000943057,0.010136673379859679,0.777055449330784,0.8996335245379223,0.01045788055997419,0.7131931166347992,0.8871096239643086,expanded
synthetic,synthetic/shared_super/small/seed-01,shared_super,Family C: Shared super-prototype,small,Small,,1.0,100,90,2.0,1,0.019393199996557087,0.006945302985455369,0.8418928833455612,0.9194561628760088,0.007171844260128859,0.8312545854732208,0.9168653705062362,expanded
synthetic,synthetic/shared_super/small/seed-02,shared_super,Family C: Shared super-prototype,small,Small,,2.0,100,90,2.0,1,0.03828880000219215,0.004323561073310305,0.8980089394555059,0.9437982527427875,0.004405519137225549,0.909792767167818,0.9428585940674523,expanded
synthetic,synthetic/shared_super/small/seed-03,shared_super,Family C: Shared super-prototype,small,Small,,3.0,100,90,4.0,1,0.045540799997979775,0.007357591211341447,0.7752032520325203,0.906444783197832,0.009832627721602741,0.6707317073170732,0.8813346883468836,expanded
synthetic,synthetic/shared_super/small/seed-04,shared_super,Family C: Shared super-prototype,small,Small,,4.0,100,90,6.0,1,0.0196799999976065,0.008640807431762012,0.7784245246410555,0.9079517526839995,0.011186968701202234,0.7089639115250291,0.8823244082266202,expanded
synthetic,synthetic/shared_super/small/seed-05,shared_super,Family C: Shared super-prototype,small,Small,,5.0,100,90,1.0,1,0.04228239999793004,0.013042846006772012,0.7508460236886633,0.8803052735476594,0.01262428269007131,0.7330795262267343,0.8830372250423013,expanded
synthetic,synthetic/shared_super/small/seed-06,shared_super,Family C: Shared super-prototype,small,Small,,6.0,100,90,2.0,1,0.046117800011415966,0.012201989658133626,0.719188767550702,0.8811021190847634,0.012762557934515056,0.6540561622464899,0.8681178497139886,expanded
synthetic,synthetic/shared_super/small/seed-07,shared_super,Family C: Shared super-prototype,small,Small,,7.0,100,90,0.5,1,0.04380200000014156,0.008610405964912662,0.7664380798709157,0.900564743848326,0.00957061615756413,0.7204517950786608,0.8905136479763346,expanded
synthetic,synthetic/shared_super/small/seed-08,shared_super,Family C: Shared super-prototype,small,Small,,8.0,100,90,12.0,1,0.03877980000106618,0.007597518360134626,0.7621434078643022,0.9052782061166794,0.007718999552675703,0.7532767925983038,0.9034872140837832,expanded
synthetic,synthetic/shared_super/small/seed-09,shared_super,Family C: Shared super-prototype,small,Small,,9.0,100,90,24.0,1,0.02716280000458937,0.007820863356050194,0.747981747981748,0.9006815256815256,0.00788592901513781,0.7448227448227448,0.9000745875745877,expanded
synthetic,synthetic/shared_super/small/seed-10,shared_super,Family C: Shared super-prototype,small,Small,,10.0,100,90,0.1,1,0.041722900001332164,0.010844192107370264,0.6996336996336996,0.88592965676299,0.01495917775307502,0.5592185592185592,0.8467304300637635,expanded
synthetic,synthetic/shared_super/small/seed-11,shared_super,Family C: Shared super-prototype,small,Small,,11.0,100,90,2.0,1,0.0182111000031,0.009956275043611584,0.7486296006264683,0.8957191333855391,0.011127730564301688,0.6726703210649961,0.8787278125815715,expanded
synthetic,synthetic/shared_super/small/seed-12,shared_super,Family C: Shared super-prototype,small,Small,,12.0,100,90,0.75,1,0.023064599998178892,0.006341695327004754,0.82166392092257,0.9160746155958265,0.0066559180504289555,0.8056013179571664,0.9110979544206479,expanded
synthetic,synthetic/shared_super/small/seed-13,shared_super,Family C: Shared super-prototype,small,Small,,13.0,100,90,24.0,1,0.04420459999528248,0.007798481185139984,0.814142910033321,0.9136970874984575,0.007763742929429781,0.8159940762680489,0.9143449956806121,expanded
synthetic,synthetic/shared_super/small/seed-14,shared_super,Family C: Shared super-prototype,small,Small,,14.0,100,90,24.0,1,0.04083050000190269,0.008151405679688094,0.7494089834515366,0.9017927501970056,0.00803778004969861,0.7431048069345941,0.9026792750197006,expanded
synthetic,synthetic/shared_super/small/seed-15,shared_super,Family C: Shared super-prototype,small,Small,,15.0,100,90,4.0,1,0.041513700009090826,0.01111788368525972,0.718878812860676,0.8863097691673536,0.012832609344078698,0.6479802143446002,0.86798399285518,expanded
synthetic,synthetic/shared_super/small/seed-16,shared_super,Family C: Shared super-prototype,small,Small,,16.0,100,90,1.0,1,0.046479399999952875,0.011139500331546828,0.7263157894736842,0.892738791423002,0.012701633047542713,0.5953216374269006,0.8642137751786875,expanded
synthetic,synthetic/shared_super/small/seed-17,shared_super,Family C: Shared super-prototype,small,Small,,17.0,100,90,2.0,1,0.03175130000454374,0.007536132974210088,0.8199713672154617,0.912095860176569,0.01425450291584253,0.5586972083035076,0.8480300047721309,expanded
synthetic,synthetic/shared_super/small/seed-18,shared_super,Family C: Shared super-prototype,small,Small,,18.0,100,90,0.5,1,0.03752640000311658,0.010745574989351513,0.6440195280716029,0.8769917954976946,0.011741266723253662,0.5768917819365338,0.863184838622186,expanded
synthetic,synthetic/shared_super/small/seed-19,shared_super,Family C: Shared super-prototype,small,Small,,19.0,100,90,24.0,1,0.0388189999939641,0.006936122055376034,0.837741808132649,0.9210011185682327,0.0068835580536504015,0.8326095538886695,0.9217906961442295,expanded
synthetic,synthetic/shared_super_noisy/large/seed-00,shared_super_noisy,Family D: Shared prototype with noise,large,Large,,0.0,400,360,0.05,1,0.18932519998634234,0.008425780588514491,0.7304813130753022,0.8900953291930059,0.013243716635393877,0.585006099589664,0.8452286884033863,expanded
synthetic,synthetic/shared_super_noisy/large/seed-01,shared_super_noisy,Family D: Shared prototype with noise,large,Large,,1.0,400,360,1.0,1,0.22625320000224747,0.01210837249498783,0.6277782390877135,0.857640330482438,0.012218124188999148,0.6153782280162751,0.8562973419321506,expanded
synthetic,synthetic/shared_super_noisy/large/seed-02,shared_super_noisy,Family D: Shared prototype with noise,large,Large,,2.0,400,360,6.0,1,0.21797560001141392,0.008427737161129222,0.7332210205967067,0.8901124033114144,0.013221342884066081,0.5899679365251889,0.846159855442639,expanded
synthetic,synthetic/shared_super_noisy/large/seed-03,shared_super_noisy,Family D: Shared prototype with noise,large,Large,,3.0,400,360,12.0,1,0.23349589999997988,0.010035500426591602,0.6827000249079789,0.8745306691021135,0.01420864970097886,0.5773392743475493,0.8389491600476019,expanded
synthetic,synthetic/shared_super_noisy/large/seed-04,shared_super_noisy,Family D: Shared prototype with noise,large,Large,,4.0,400,360,12.0,1,0.2919772000022931,0.0076068788801291,0.7545907079646018,0.8975185518067847,0.01391827089514423,0.5795630530973451,0.8416562960914455,expanded
synthetic,synthetic/shared_super_noisy/large/seed-05,shared_super_noisy,Family D: Shared prototype with noise,large,Large,,5.0,400,360,1.0,1,0.2002570999902673,0.010186514257026684,0.6839874453416316,0.8755247874024197,0.012753937805705629,0.5892641575234059,0.8499454534073737,expanded
synthetic,synthetic/shared_super_noisy/large/seed-06,shared_super_noisy,Family D: Shared prototype with noise,large,Large,,6.0,400,360,0.5,1,0.2485753999935696,0.009255434966425951,0.7061629153269025,0.8823435825294749,0.010381015011738187,0.6679528403001072,0.8697045819935691,expanded
synthetic,synthetic/shared_super_noisy/large/seed-07,shared_super_noisy,Family D: Shared prototype with noise,large,Large,,7.0,400,360,2.0,1,0.20802890000049956,0.00986202808001205,0.6904296620547695,0.876664321634227,0.010872790314926974,0.6633575653352094,0.8676082623309623,expanded
synthetic,synthetic/shared_super_noisy/large/seed-08,shared_super_noisy,Family D: Shared prototype with noise,large,Large,,8.0,400,360,8.0,1,0.3179048000019975,0.008445121912757793,0.7250949853143273,0.8884281839167184,0.008430746886563355,0.7373285548759128,0.8893258288198469,expanded
synthetic,synthetic/shared_super_noisy/large/seed-09,shared_super_noisy,Family D: Shared prototype with noise,large,Large,,9.0,400,360,0.75,1,0.17771979999088217,0.007762705780870556,0.764648493543759,0.8989263510282163,0.010833847378079853,0.6291822094691535,0.8632340985174558,expanded
synthetic,synthetic/shared_super_noisy/large/seed-10,shared_super_noisy,Family D: Shared prototype with noise,large,Large,,10.0,400,360,6.0,1,0.18678930000169203,0.008583918959293068,0.7257876628829951,0.8881717371477077,0.009868256019295736,0.6833906753718202,0.8753713687138226,expanded
synthetic,synthetic/shared_super_noisy/large/seed-11,shared_super_noisy,Family D: Shared prototype with noise,large,Large,,11.0,400,360,24.0,1,0.1927280000090832,0.010869166327609672,0.688109107976036,0.8731525450245253,0.012553054422018445,0.6547306810966014,0.8593466727404913,expanded
synthetic,synthetic/shared_super_noisy/large/seed-12,shared_super_noisy,Family D: Shared prototype with noise,large,Large,,12.0,400,360,8.0,1,0.2274265000014566,0.008252840842414852,0.7507481226356502,0.8928326087365668,0.012955134806508325,0.6234825814465587,0.8512482826115597,expanded
synthetic,synthetic/shared_super_noisy/large/seed-13,shared_super_noisy,Family D: Shared prototype with noise,large,Large,,13.0,400,360,0.05,1,0.2507770999945933,0.01050979453037098,0.6661560764791159,0.8710754077883238,0.011734163354309405,0.6287097568314232,0.8601056967276639,expanded
synthetic,synthetic/shared_super_noisy/large/seed-14,shared_super_noisy,Family D: Shared prototype with noise,large,Large,,14.0,400,360,6.0,1,0.2041486999951303,0.006204684045109903,0.8087175893482831,0.9112561317449194,0.018913480814835536,0.49252978276103715,0.8079070310675076,expanded
synthetic,synthetic/shared_super_noisy/large/seed-15,shared_super_noisy,Family D: Shared prototype with noise,large,Large,,15.0,400,360,12.0,1,0.2541672000079416,0.011535070708015748,0.6214022534308752,0.8597563010626368,0.01388194750020849,0.5792171730656271,0.8420523620085082,expanded
synthetic,synthetic/shared_super_noisy/large/seed-16,shared_super_noisy,Family D: Shared prototype with noise,large,Large,,16.0,400,360,6.0,1,0.24776920001022518,0.00838362184415546,0.718921938276777,0.8877432155657964,0.013582719659697734,0.5850579527998883,0.8442954894567798,expanded
synthetic,synthetic/shared_super_noisy/large/seed-17,shared_super_noisy,Family D: Shared prototype with noise,large,Large,,17.0,400,360,0.75,1,0.2423970000090776,0.008495707108560204,0.7201851389928217,0.8879130752104063,0.010599463586949815,0.6655857653612705,0.8699026726901508,expanded
synthetic,synthetic/shared_super_noisy/large/seed-18,shared_super_noisy,Family D: Shared prototype with noise,large,Large,,18.0,400,360,24.0,1,0.25059899999178015,0.009489958265000436,0.6898620597294763,0.8777638275077005,0.010390575057564471,0.6598366144368555,0.8695822731128074,expanded
synthetic,synthetic/shared_super_noisy/large/seed-19,shared_super_noisy,Family D: Shared prototype with noise,large,Large,,19.0,400,360,4.0,1,0.255655899993144,0.009529072338175114,0.7096337601169369,0.8828758718385982,0.010584777522667295,0.6576347345911269,0.8686005016737497,expanded
synthetic,synthetic/shared_super_noisy/medium/seed-00,shared_super_noisy,Family D: Shared prototype with noise,medium,Medium,,0.0,200,180,24.0,1,0.07572819999768399,0.009385709180011482,0.6899656946826758,0.8832279159519726,0.013595762856601227,0.6010934819897084,0.8524581010577473,expanded
synthetic,synthetic/shared_super_noisy/medium/seed-01,shared_super_noisy,Family D: Shared prototype with noise,medium,Medium,,1.0,200,180,24.0,1,0.10860370000591502,0.013203874706682939,0.6172670937926689,0.8554511080768826,0.011758234684165403,0.6505619157651508,0.8658338584882541,expanded
synthetic,synthetic/shared_super_noisy/medium/seed-02,shared_super_noisy,Family D: Shared prototype with noise,medium,Medium,,2.0,200,180,12.0,1,0.09135869999590795,0.01101795630931178,0.6516580146201928,0.8694467987428047,0.02300267088989304,0.43754635024896704,0.7878195960024014,expanded
synthetic,synthetic/shared_super_noisy/medium/seed-03,shared_super_noisy,Family D: Shared prototype with noise,medium,Medium,,3.0,200,180,0.25,1,0.07176869999966584,0.008889442491837195,0.7204223165303799,0.8896292654314598,0.009829960165900173,0.6647344995342097,0.877201721698927,expanded
synthetic,synthetic/shared_super_noisy/medium/seed-04,shared_super_noisy,Family D: Shared prototype with noise,medium,Medium,,4.0,200,180,0.5,1,0.059801199997309595,0.010048937952818384,0.696082896834434,0.8820812457299022,0.01195073533370395,0.6102254611705762,0.8583300121460564,expanded
synthetic,synthetic/shared_super_noisy/medium/seed-05,shared_super_noisy,Family D: Shared prototype with noise,medium,Medium,,5.0,200,180,24.0,1,0.06678939999255817,0.008698717856181716,0.7549094898518924,0.8950356555128909,0.007246350888411443,0.8092155787164015,0.9097869811665753,expanded
synthetic,synthetic/shared_super_noisy/medium/seed-06,shared_super_noisy,Family D: Shared prototype with noise,medium,Medium,,6.0,200,180,24.0,1,0.09657759999390692,0.009591711860100213,0.6983328090594526,0.8827243018419489,0.010061129468210648,0.6895250078641082,0.8781565656565656,expanded
synthetic,synthetic/shared_super_noisy/medium/seed-07,shared_super_noisy,Family D: Shared prototype with noise,medium,Medium,,7.0,200,180,0.25,1,0.05849369999486953,0.008812700645928836,0.7352428664778915,0.8917469868583461,0.008562797512164719,0.746133739925942,0.8943539896899733,expanded
synthetic,synthetic/shared_super_noisy/medium/seed-08,shared_super_noisy,Family D: Shared prototype with noise,medium,Medium,,8.0,200,180,24.0,1,0.05498020000231918,0.010859454182364163,0.6460258780036968,0.8700601595125625,0.00962217022971445,0.685356336003286,0.8806330013007462,expanded
synthetic,synthetic/shared_super_noisy/medium/seed-09,shared_super_noisy,Family D: Shared prototype with noise,medium,Medium,,9.0,200,180,0.1,1,0.06104380000033416,0.009672961611640727,0.6875199829478845,0.8806551742513057,0.016300408795984392,0.5540871789406373,0.8336108742761733,expanded
synthetic,synthetic/shared_super_noisy/medium/seed-10,shared_super_noisy,Family D: Shared prototype with noise,medium,Medium,,10.0,200,180,8.0,1,0.05398620000050869,0.01042745169658946,0.6761625471302891,0.878019829632733,0.015118649723747296,0.514453288646837,0.8296370967741936,expanded
synthetic,synthetic/shared_super_noisy/medium/seed-11,shared_super_noisy,Family D: Shared prototype with noise,medium,Medium,,11.0,200,180,24.0,1,0.09739409999747295,0.011843514966838331,0.6191553544494721,0.8602178050707464,0.01139915514760951,0.6340228399051928,0.8637820512820513,expanded
synthetic,synthetic/shared_super_noisy/medium/seed-12,shared_super_noisy,Family D: Shared prototype with noise,medium,Medium,,12.0,200,180,8.0,1,0.07267470000078902,0.009976973328161432,0.7049373460426261,0.8833850987112206,0.010433411075920919,0.6866231123487202,0.8767359251722538,expanded
synthetic,synthetic/shared_super_noisy/medium/seed-13,shared_super_noisy,Family D: Shared prototype with noise,medium,Medium,,13.0,200,180,4.0,1,0.08630429999902844,0.013179351527560838,0.5990471969864835,0.8519300723834847,0.011903650851535013,0.6472413029027254,0.8626098677893492,expanded
synthetic,synthetic/shared_super_noisy/medium/seed-14,shared_super_noisy,Family D: Shared prototype with noise,medium,Medium,,14.0,200,180,24.0,1,0.05863820000377018,0.010063879505043827,0.6841489361702128,0.8774955673758865,0.010940728606359867,0.648936170212766,0.8691356382978723,expanded
synthetic,synthetic/shared_super_noisy/medium/seed-15,shared_super_noisy,Family D: Shared prototype with noise,medium,Medium,,15.0,200,180,12.0,1,0.09752680000383407,0.007726056971854935,0.7766481164383562,0.9024485409531963,0.01603528600721902,0.5691352739726028,0.8365261130136987,expanded
synthetic,synthetic/shared_super_noisy/medium/seed-16,shared_super_noisy,Family D: Shared prototype with noise,medium,Medium,,16.0,200,180,4.0,1,0.06439640000462532,0.008844087267064411,0.7226722894240373,0.8894638034994266,0.009591392498312331,0.7003662190655865,0.8819336551622091,expanded
synthetic,synthetic/shared_super_noisy/medium/seed-17,shared_super_noisy,Family D: Shared prototype with noise,medium,Medium,,17.0,200,180,0.75,1,0.12101509999774862,0.006365989470417144,0.8009180187873612,0.9115406169940222,0.011001872417343917,0.6178479931682322,0.8651326323654996,expanded
synthetic,synthetic/shared_super_noisy/medium/seed-18,shared_super_noisy,Family D: Shared prototype with noise,medium,Medium,,18.0,200,180,24.0,1,0.07066949999716599,0.007621436420048888,0.7701876675603218,0.901733690795353,0.007697207144803973,0.7698659517426274,0.9008355674709562,expanded
synthetic,synthetic/shared_super_noisy/medium/seed-19,shared_super_noisy,Family D: Shared prototype with noise,medium,Medium,,19.0,200,180,4.0,1,0.09888649999629706,0.010273935080571613,0.6863636363636364,0.8780257936507936,0.007414722016120769,0.783008658008658,0.9049738455988456,expanded
synthetic,synthetic/shared_super_noisy/small/seed-00,shared_super_noisy,Family D: Shared prototype with noise,small,Small,,0.0,100,90,24.0,1,0.04631819999485742,0.015444711896068502,0.6194519490544191,0.8508699987134954,0.01499135981329957,0.6055576997298341,0.8526469831467901,expanded
synthetic,synthetic/shared_super_noisy/small/seed-01,shared_super_noisy,Family D: Shared prototype with noise,small,Small,,1.0,100,90,0.75,1,0.03813819999049883,0.007133689375068078,0.8316618911174785,0.9189872851002865,0.011044633823150634,0.6980659025787965,0.882073782234957,expanded
synthetic,synthetic/shared_super_noisy/small/seed-02,shared_super_noisy,Family D: Shared prototype with noise,small,Small,,2.0,100,90,24.0,1,0.04356809999444522,0.011095721449585523,0.6724890829694323,0.8761165144898768,0.011011358229040176,0.6581976974990076,0.8776713642980019,expanded
synthetic,synthetic/shared_super_noisy/small/seed-03,shared_super_noisy,Family D: Shared prototype with noise,small,Small,,3.0,100,90,0.5,1,0.028494800004409626,0.009983434434465786,0.7180094786729858,0.8890616771985256,0.01341733974426607,0.5904423380726699,0.8566679831490258,expanded
synthetic,synthetic/shared_super_noisy/small/seed-04,shared_super_noisy,Family D: Shared prototype with noise,small,Small,,4.0,100,90,8.0,1,0.04410680000728462,0.007946114601815782,0.7455596860801321,0.8999466473908855,0.008109140359123128,0.7393638992152003,0.8978899903621094,expanded
synthetic,synthetic/shared_super_noisy/small/seed-05,shared_super_noisy,Family D: Shared prototype with noise,small,Small,,5.0,100,90,24.0,1,0.023617799990461208,0.008292206348711884,0.7839052287581699,0.9055861928104576,0.010276795120766387,0.7745098039215687,0.8972715822440088,expanded
synthetic,synthetic/shared_super_noisy/small/seed-06,shared_super_noisy,Family D: Shared prototype with noise,small,Small,,6.0,100,90,24.0,1,0.043033800000557676,0.008629777060402976,0.7700237906423474,0.9004675522072428,0.008485015463270474,0.7684377478191912,0.9015496960084589,expanded
synthetic,synthetic/shared_super_noisy/small/seed-07,shared_super_noisy,Family D: Shared prototype with noise,small,Small,,7.0,100,90,4.0,1,0.02159659999597352,0.011572344045908034,0.6923747276688453,0.8767973856209151,0.011556218868598296,0.6710239651416122,0.8720225127087874,expanded
synthetic,synthetic/shared_super_noisy/small/seed-08,shared_super_noisy,Family D: Shared prototype with noise,small,Small,,8.0,100,90,0.1,1,0.04550030000973493,0.007421921608947077,0.8294573643410853,0.915059754521964,0.009852717273154657,0.6988372093023256,0.8858365633074935,expanded
synthetic,synthetic/shared_super_noisy/small/seed-09,shared_super_noisy,Family D: Shared prototype with noise,small,Small,,9.0,100,90,8.0,1,0.03676820000691805,0.008863348452363714,0.7635524798154556,0.9049884659746252,0.007647319966178836,0.8089196462898885,0.9117086377034475,expanded
synthetic,synthetic/shared_super_noisy/small/seed-10,shared_super_noisy,Family D: Shared prototype with noise,small,Small,,10.0,100,90,0.25,1,0.04358169999613892,0.009906290208552104,0.6855773072313224,0.884771607404448,0.01071190207949839,0.668797443068318,0.8782544280197098,expanded
synthetic,synthetic/shared_super_noisy/small/seed-11,shared_super_noisy,Family D: Shared prototype with noise,small,Small,,11.0,100,90,24.0,1,0.017886400004499592,0.009960809930962754,0.7328413284132841,0.889798585485855,0.009308318795568796,0.7236162361623616,0.8927890528905289,expanded
synthetic,synthetic/shared_super_noisy/small/seed-12,shared_super_noisy,Family D: Shared prototype with noise,small,Small,,12.0,100,90,4.0,1,0.03836640001100022,0.011936796939312882,0.7380465876583572,0.884058711347228,0.013167335141924993,0.6722517368205967,0.8706834899877401,expanded
synthetic,synthetic/shared_super_noisy/small/seed-13,shared_super_noisy,Family D: Shared prototype with noise,small,Small,,13.0,100,90,8.0,1,0.020138299994869158,0.006910498541295048,0.8318548387096775,0.9217741935483872,0.013545525485902812,0.6064516129032258,0.8601982526881721,expanded
synthetic,synthetic/shared_super_noisy/small/seed-14,shared_super_noisy,Family D: Shared prototype with noise,small,Small,,14.0,100,90,12.0,1,0.04541530000278726,0.010780976832795741,0.699657403882756,0.8802341073467834,0.010516162423362979,0.7167872097449562,0.8827559954320517,expanded
synthetic,synthetic/shared_super_noisy/small/seed-15,shared_super_noisy,Family D: Shared prototype with noise,small,Small,,15.0,100,90,4.0,1,0.04384419998677913,0.008821624451456084,0.6990637539010254,0.8934277009956904,0.011886244930192637,0.6255015604101649,0.866231980977857,expanded
synthetic,synthetic/shared_super_noisy/small/seed-16,shared_super_noisy,Family D: Shared prototype with noise,small,Small,,16.0,100,90,4.0,1,0.01920619999873452,0.006501211409269037,0.8624379059992358,0.9264584129410267,0.008307861711134087,0.7795185326709974,0.9049961788307223,expanded
synthetic,synthetic/shared_super_noisy/small/seed-17,shared_super_noisy,Family D: Shared prototype with noise,small,Small,,17.0,100,90,24.0,1,0.024378199988859706,0.008309158893889473,0.7246932515337423,0.8966800869120654,0.008124375859269572,0.7312116564417178,0.898357617586912,expanded
synthetic,synthetic/shared_super_noisy/small/seed-18,shared_super_noisy,Family D: Shared prototype with noise,small,Small,,18.0,100,90,8.0,1,0.034969400003319606,0.01230663580221601,0.6503667481662592,0.867452798152676,0.012500430974578012,0.6177669111654441,0.8661114506927465,expanded
synthetic,synthetic/shared_super_noisy/small/seed-19,shared_super_noisy,Family D: Shared prototype with noise,small,Small,,19.0,100,90,0.25,1,0.02071779999823775,0.005566618704249849,0.8836085380587998,0.9321049805343,0.005823322249213877,0.8674989931534434,0.9278594442207009,expanded
