instance_id,suite,method,solver,repeat_index,phase,wall_s,cpu_s,rss_peak_mb,uss_peak_mb,n_matvec
SIC->NAICS,real,One-walk,dense,-1,load,0.11217480499908561,0.11344958999999999,223.858688,0.0,
SIC->NAICS,real,One-walk,dense,-1,reorder,0.8539968900004169,0.862646518,235.487232,0.0,
SIC->NAICS,real,One-walk,dense,-1,total,0.8540089939997415,0.8626561759999999,0.0,0.0,
SIC->NAICS,real,One-walk,dense,0,load,0.11033469900212367,0.1113980670000001,229.45792,0.0,
SIC->NAICS,real,One-walk,dense,0,reorder,0.8415929030015832,0.8467957190000001,234.74176,0.0,
SIC->NAICS,real,One-walk,dense,0,total,0.8416054660010559,0.8468050460000001,0.0,0.0,
SIC->NAICS,real,One-walk,dense,1,load,0.1049713949978468,0.10633535799999994,217.55904,0.0,
SIC->NAICS,real,One-walk,dense,1,reorder,0.8031451269998797,0.8109774960000001,234.176512,0.0,
SIC->NAICS,real,One-walk,dense,1,total,0.8031578509981045,0.8109867019999999,0.0,0.0,
SIC->NAICS,real,One-walk,matrix_free,-1,load,0.10955368199938675,0.11087445100000004,234.82368,0.0,
SIC->NAICS,real,One-walk,matrix_free,-1,reorder,0.20499973599726218,0.21366769899999993,202.326016,0.0,
SIC->NAICS,real,One-walk,matrix_free,-1,total,0.20501261999743292,0.21367728699999988,0.0,0.0,
SIC->NAICS,real,One-walk,matrix_free,0,load,0.10436272199876839,0.10572014499999993,218.353664,0.0,
SIC->NAICS,real,One-walk,matrix_free,0,reorder,0.21208336100244196,0.21851909700000005,201.85088,0.0,
SIC->NAICS,real,One-walk,matrix_free,0,total,0.21209585399992648,0.21852813400000004,0.0,0.0,
SIC->NAICS,real,One-walk,matrix_free,1,load,0.10359381699890946,0.10490953999999997,222.69952,0.0,
SIC->NAICS,real,One-walk,matrix_free,1,reorder,0.20866355699763517,0.21483443200000008,202.6496,0.0,
SIC->NAICS,real,One-walk,matrix_free,1,total,0.20867629100030172,0.2148434480000001,0.0,0.0,
SIC->NAICS,real,Two-walk,dense,-1,load,0.10710844999994151,0.10846823299999997,222.294016,0.0,
SIC->NAICS,real,Two-walk,dense,-1,reorder,0.8314801979977346,0.840024317,237.11744,0.0,
SIC->NAICS,real,Two-walk,dense,-1,total,0.8314934730005916,0.8400341459999999,0.0,0.0,
SIC->NAICS,real,Two-walk,dense,0,load,0.10485740099829854,0.106160704,226.451456,0.0,
SIC->NAICS,real,Two-walk,dense,0,reorder,0.8286808699995163,0.8359426289999999,236.855296,0.0,
SIC->NAICS,real,Two-walk,dense,0,total,0.8286935239993909,0.835952317,0.0,0.0,
SIC->NAICS,real,Two-walk,dense,1,load,0.10537311000007321,0.10670810400000008,217.194496,0.0,
SIC->NAICS,real,Two-walk,dense,1,reorder,0.821474603999377,0.829419661,235.102208,0.0,
SIC->NAICS,real,Two-walk,dense,1,total,0.8214888209986384,0.8294304009999999,0.0,0.0,
SIC->NAICS,real,Two-walk,matrix_free,-1,load,0.11311969999951543,0.11445432200000005,238.952448,0.0,
SIC->NAICS,real,Two-walk,matrix_free,-1,reorder,0.22685618800096563,0.234776471,203.431936,0.0,
SIC->NAICS,real,Two-walk,matrix_free,-1,total,0.22686971300208825,0.234787062,0.0,0.0,
SIC->NAICS,real,Two-walk,matrix_free,0,load,0.10554646599848638,0.10690226400000002,235.474944,0.0,
SIC->NAICS,real,Two-walk,matrix_free,0,reorder,0.2308563309998135,0.23948493799999993,204.988416,0.0,
SIC->NAICS,real,Two-walk,matrix_free,0,total,0.23086885500015342,0.23949476599999997,0.0,0.0,
SIC->NAICS,real,Two-walk,matrix_free,1,load,0.11276234799879603,0.11377524800000005,222.990336,0.0,
SIC->NAICS,real,Two-walk,matrix_free,1,reorder,0.22163734499918064,0.22970258200000004,202.416128,0.0,
SIC->NAICS,real,Two-walk,matrix_free,1,total,0.22165061099804007,0.2297123590000001,0.0,0.0,
SIC->NAICS,real,Two-walk-Auto,dense,-1,load,0.10582774299837183,0.10715569399999991,230.682624,0.0,
SIC->NAICS,real,Two-walk-Auto,dense,-1,reorder,0.8322936760014272,0.8389785130000001,236.695552,0.0,
SIC->NAICS,real,Two-walk-Auto,dense,-1,score,0.04265120099807973,0.04312632800000005,226.26304,0.0,
SIC->NAICS,real,Two-walk-Auto,dense,-1,reorder,0.28666629799772636,0.294086973,260.624384,0.0,
SIC->NAICS,real,Two-walk-Auto,dense,-1,score,0.04280209400167223,0.04328767499999975,237.203456,0.0,
SIC->NAICS,real,Two-walk-Auto,dense,-1,reorder,0.2897883619989443,0.29522572999999985,271.437824,0.0,
SIC->NAICS,real,Two-walk-Auto,dense,-1,score,0.043052273998910096,0.043767003999999776,248.274944,0.0,
SIC->NAICS,real,Two-walk-Auto,dense,-1,reorder,0.29485294400001294,0.3009956269999998,282.505216,0.0,
SIC->NAICS,real,Two-walk-Auto,dense,-1,score,0.043491227999766124,0.044035195000000193,259.346432,0.0,
SIC->NAICS,real,Two-walk-Auto,dense,-1,reorder,0.3023243690004165,0.310255937,293.5808,0.0,
SIC->NAICS,real,Two-walk-Auto,dense,-1,score,0.04413511800157721,0.04398496400000029,270.11072,0.0,
SIC->NAICS,real,Two-walk-Auto,dense,-1,reorder,0.8620634719991358,0.8694654280000003,304.340992,0.0,
SIC->NAICS,real,Two-walk-Auto,dense,-1,score,0.04720967200046289,0.04771049400000038,281.182208,0.0,
SIC->NAICS,real,Two-walk-Auto,dense,-1,total,3.1314882340011536,3.175056412,0.0,0.0,
SIC->NAICS,real,Two-walk-Auto,dense,0,load,0.11396846400020877,0.11487079200000005,217.391104,0.0,
SIC->NAICS,real,Two-walk-Auto,dense,0,reorder,0.8182242590009992,0.8248143849999999,235.261952,0.0,
SIC->NAICS,real,Two-walk-Auto,dense,0,score,0.043024260998208774,0.04332385400000005,224.82944,0.0,
SIC->NAICS,real,Two-walk-Auto,dense,0,reorder,0.2850767729978543,0.29004188100000006,259.19488,0.0,
SIC->NAICS,real,Two-walk-Auto,dense,0,score,0.04301109600055497,0.043536614000000196,235.773952,0.0,
SIC->NAICS,real,Two-walk-Auto,dense,0,reorder,0.28849426200031303,0.2962213170000001,270.004224,0.0,
SIC->NAICS,real,Two-walk-Auto,dense,0,score,0.043658732996846084,0.04414764300000007,246.841344,0.0,
SIC->NAICS,real,Two-walk-Auto,dense,0,reorder,0.28527516499889316,0.29170958299999983,281.075712,0.0,
SIC->NAICS,real,Two-walk-Auto,dense,0,score,0.0428979239986802,0.04335977299999971,257.912832,0.0,
SIC->NAICS,real,Two-walk-Auto,dense,0,reorder,0.3000946499996644,0.3064126730000001,292.1472,0.0,
SIC->NAICS,real,Two-walk-Auto,dense,0,score,0.04273743300291244,0.04329355799999979,268.67712,0.0,
SIC->NAICS,real,Two-walk-Auto,dense,0,reorder,0.8699691710025945,0.8786133069999997,302.911488,0.0,
SIC->NAICS,real,Two-walk-Auto,dense,0,score,0.04327266799737117,0.043854695999999915,279.748608,0.0,
SIC->NAICS,real,Two-walk-Auto,dense,0,total,3.105885245000536,3.149458976,0.0,0.0,
SIC->NAICS,real,Two-walk-Auto,dense,1,load,0.10693833899858873,0.10832073099999995,218.13248,0.0,
SIC->NAICS,real,Two-walk-Auto,dense,1,reorder,0.8221105789998546,0.829871387,237.252608,0.0,
SIC->NAICS,real,Two-walk-Auto,dense,1,score,0.04379250399870216,0.044467344000000075,226.820096,0.0,
SIC->NAICS,real,Two-walk-Auto,dense,1,reorder,0.2762532890010334,0.2801503380000001,262.352896,0.0,
SIC->NAICS,real,Two-walk-Auto,dense,1,score,0.042490158000873635,0.043157401000000206,237.764608,0.0,
SIC->NAICS,real,Two-walk-Auto,dense,1,reorder,0.2869499000007636,0.29189882099999975,271.99488,0.0,
SIC->NAICS,real,Two-walk-Auto,dense,1,score,0.0435619410018262,0.044120235999999924,248.836096,0.0,
SIC->NAICS,real,Two-walk-Auto,dense,1,reorder,0.28969609799969476,0.29573499599999975,283.066368,0.0,
SIC->NAICS,real,Two-walk-Auto,dense,1,score,0.04681199599872343,0.04757162000000026,259.903488,0.0,
SIC->NAICS,real,Two-walk-Auto,dense,1,reorder,0.28872764999687206,0.2939759890000002,294.137856,0.0,
SIC->NAICS,real,Two-walk-Auto,dense,1,score,0.043524239998077974,0.04418346299999998,270.671872,0.0,
SIC->NAICS,real,Two-walk-Auto,dense,1,reorder,0.8635971319999953,0.870883541,304.902144,0.0,
SIC->NAICS,real,Two-walk-Auto,dense,1,score,0.042695043001003796,0.04315947700000011,281.74336,0.0,
SIC->NAICS,real,Two-walk-Auto,dense,1,total,3.0903516590005893,3.129293974,0.0,0.0,
SIC->NAICS,real,Two-walk-Auto,matrix_free,-1,load,0.11089365900261328,0.11238523599999994,216.113152,0.0,
SIC->NAICS,real,Two-walk-Auto,matrix_free,-1,reorder,0.2261098460003268,0.23416402300000005,202.555392,0.0,
SIC->NAICS,real,Two-walk-Auto,matrix_free,-1,score,0.042670756996813,0.043484307999999805,211.746816,0.0,
SIC->NAICS,real,Two-walk-Auto,matrix_free,-1,reorder,0.2139567790000001,0.22034586599999995,202.87488,0.0,
SIC->NAICS,real,Two-walk-Auto,matrix_free,-1,score,0.04437160199813661,0.04506829500000009,211.3536,0.0,
SIC->NAICS,real,Two-walk-Auto,matrix_free,-1,reorder,0.22311198500028695,0.22975911399999993,211.3536,0.0,
SIC->NAICS,real,Two-walk-Auto,matrix_free,-1,score,0.04305956700045499,0.0435766070000001,212.545536,0.0,
SIC->NAICS,real,Two-walk-Auto,matrix_free,-1,reorder,0.22005386100136093,0.22810201600000002,212.545536,0.0,
SIC->NAICS,real,Two-walk-Auto,matrix_free,-1,score,0.04264076099934755,0.04309266099999998,212.668416,0.0,
SIC->NAICS,real,Two-walk-Auto,matrix_free,-1,reorder,0.21060038499854272,0.2146705820000001,212.668416,0.0,
SIC->NAICS,real,Two-walk-Auto,matrix_free,-1,score,0.042684873998950934,0.043084294000000245,212.799488,0.0,
SIC->NAICS,real,Two-walk-Auto,matrix_free,-1,reorder,0.21567673000026844,0.2236446700000001,212.799488,0.0,
SIC->NAICS,real,Two-walk-Auto,matrix_free,-1,score,0.043051772998296656,0.0435331170000004,212.922368,0.0,
SIC->NAICS,real,Two-walk-Auto,matrix_free,-1,total,1.5681213320021925,1.6126396179999998,0.0,0.0,
SIC->NAICS,real,Two-walk-Auto,matrix_free,0,load,0.10655491900251945,0.10789399200000005,221.720576,0.0,
SIC->NAICS,real,Two-walk-Auto,matrix_free,0,reorder,0.22895576199880452,0.23711981699999995,202.502144,0.0,
SIC->NAICS,real,Two-walk-Auto,matrix_free,0,score,0.04348834299889859,0.044009352,210.509824,0.0,
SIC->NAICS,real,Two-walk-Auto,matrix_free,0,reorder,0.22051792400088743,0.2294651940000001,202.788864,0.0,
SIC->NAICS,real,Two-walk-Auto,matrix_free,0,score,0.04367018400080269,0.044187889000000036,211.324928,0.0,
SIC->NAICS,real,Two-walk-Auto,matrix_free,0,reorder,0.22723357699942426,0.234900353,211.324928,0.0,
SIC->NAICS,real,Two-walk-Auto,matrix_free,0,score,0.04395673299950431,0.04455018899999996,212.43904,0.0,
SIC->NAICS,real,Two-walk-Auto,matrix_free,0,reorder,0.21721594100017683,0.2244981370000001,212.43904,0.0,
SIC->NAICS,real,Two-walk-Auto,matrix_free,0,score,0.04985323800065089,0.05045327699999991,212.56192,0.0,
SIC->NAICS,real,Two-walk-Auto,matrix_free,0,reorder,0.21343691299989587,0.22119968099999987,212.566016,0.0,
SIC->NAICS,real,Two-walk-Auto,matrix_free,0,score,0.04352129499966395,0.04442610700000005,212.697088,0.0,
SIC->NAICS,real,Two-walk-Auto,matrix_free,0,reorder,0.2223609850007051,0.2294809400000002,212.697088,0.0,
SIC->NAICS,real,Two-walk-Auto,matrix_free,0,score,0.04785995400015963,0.048651997999999974,212.811776,0.0,
SIC->NAICS,real,Two-walk-Auto,matrix_free,0,total,1.602213997997751,1.653065533,0.0,0.0,
SIC->NAICS,real,Two-walk-Auto,matrix_free,1,load,0.11124616999950376,0.11252458700000001,238.669824,0.0,
SIC->NAICS,real,Two-walk-Auto,matrix_free,1,reorder,0.22407916100200964,0.23163103299999988,204.087296,0.0,
SIC->NAICS,real,Two-walk-Auto,matrix_free,1,score,0.044369747996825026,0.04505570900000011,212.127744,0.0,
SIC->NAICS,real,Two-walk-Auto,matrix_free,1,reorder,0.22170791800090228,0.2285801540000001,204.406784,0.0,
SIC->NAICS,real,Two-walk-Auto,matrix_free,1,score,0.044047804000001634,0.04479730999999987,212.926464,0.0,
SIC->NAICS,real,Two-walk-Auto,matrix_free,1,reorder,0.22334888000114006,0.2308134100000001,212.926464,0.0,
SIC->NAICS,real,Two-walk-Auto,matrix_free,1,score,0.0432450259977486,0.04389641000000011,214.081536,0.0,
SIC->NAICS,real,Two-walk-Auto,matrix_free,1,reorder,0.219778894999763,0.22816847299999998,214.081536,0.0,
SIC->NAICS,real,Two-walk-Auto,matrix_free,1,score,0.043219398001383524,0.043882484999999916,214.212608,0.0,
SIC->NAICS,real,Two-walk-Auto,matrix_free,1,reorder,0.20918986600008793,0.21714309399999987,214.212608,0.0,
SIC->NAICS,real,Two-walk-Auto,matrix_free,1,score,0.04407869200076675,0.044711040000000146,214.3232,0.0,
SIC->NAICS,real,Two-walk-Auto,matrix_free,1,reorder,0.2227971849970345,0.23158979199999985,214.3232,0.0,
SIC->NAICS,real,Two-walk-Auto,matrix_free,1,score,0.043266286000289256,0.044036651999999954,214.450176,0.0,
SIC->NAICS,real,Two-walk-Auto,matrix_free,1,total,1.583268713002326,1.634426789,0.0,0.0,
CIP->SOC,real,One-walk,dense,-1,load,0.1715594159977627,0.173794177,266.223616,0.0,
CIP->SOC,real,One-walk,dense,-1,reorder,8.858898993999901,8.896273347,321.134592,0.0,
CIP->SOC,real,One-walk,dense,-1,total,8.858910996001214,8.896282183,0.0,0.0,
CIP->SOC,real,One-walk,dense,0,load,0.17288204999931622,0.17512487399999999,273.850368,0.0,
CIP->SOC,real,One-walk,dense,0,reorder,8.854684418998659,8.892080304,322.633728,0.0,
CIP->SOC,real,One-walk,dense,0,total,8.85469785299938,8.892089892000001,0.0,0.0,
CIP->SOC,real,One-walk,dense,1,load,0.17164300200238358,0.17357883399999996,261.402624,0.0,
CIP->SOC,real,One-walk,dense,1,reorder,9.202191401000164,9.243187844,321.867776,0.0,
CIP->SOC,real,One-walk,dense,1,total,9.202203764998558,9.243196861000001,0.0,0.0,
CIP->SOC,real,One-walk,matrix_free,-1,load,0.17435917400143808,0.17666398100000003,274.817024,0.0,
CIP->SOC,real,One-walk,matrix_free,-1,reorder,0.7851207320018148,0.793127184,225.062912,0.0,
CIP->SOC,real,One-walk,matrix_free,-1,total,0.7851329350014566,0.7931361299999999,0.0,0.0,
CIP->SOC,real,One-walk,matrix_free,0,load,0.17892491000020527,0.181242727,266.01472,0.0,
CIP->SOC,real,One-walk,matrix_free,0,reorder,0.7729836359976616,0.78157583,224.432128,0.0,
CIP->SOC,real,One-walk,matrix_free,0,total,0.7729958490017452,0.7815847370000001,0.0,0.0,
CIP->SOC,real,One-walk,matrix_free,1,load,0.17365924899786478,0.17601484600000006,273.57184,0.0,
CIP->SOC,real,One-walk,matrix_free,1,reorder,0.7666622220021964,0.776321631,225.193984,0.0,
CIP->SOC,real,One-walk,matrix_free,1,total,0.7666749360032554,0.776330869,0.0,0.0,
CIP->SOC,real,Two-walk,dense,-1,load,0.18751011600033962,0.18957844599999996,267.042816,0.0,
CIP->SOC,real,Two-walk,dense,-1,reorder,5.414024885001709,5.435371652,349.372416,0.0,
CIP->SOC,real,Two-walk,dense,-1,total,5.4140377289986645,5.435381328999999,0.0,0.0,
CIP->SOC,real,Two-walk,dense,0,load,0.19595336500060512,0.19862571299999998,267.886592,0.0,
CIP->SOC,real,Two-walk,dense,0,reorder,6.080081172000064,6.097115157,370.180096,0.0,
CIP->SOC,real,Two-walk,dense,0,total,6.0800959900007,6.097125977999999,0.0,0.0,
CIP->SOC,real,Two-walk,dense,1,load,0.18733583799985354,0.18970609199999988,261.71392,0.0,
CIP->SOC,real,Two-walk,dense,1,reorder,5.748886045999825,5.765992236000001,327.39328,0.0,
CIP->SOC,real,Two-walk,dense,1,total,5.748903779996908,5.76600479,0.0,0.0,
CIP->SOC,real,Two-walk,matrix_free,-1,load,0.18742668900085846,0.18968978999999997,265.07264,0.0,
CIP->SOC,real,Two-walk,matrix_free,-1,reorder,0.3892404299986083,0.3937127789999999,223.555584,0.0,
CIP->SOC,real,Two-walk,matrix_free,-1,total,0.389259937001043,0.39372647399999994,0.0,0.0,
CIP->SOC,real,Two-walk,matrix_free,0,load,0.19381515799977933,0.19583115299999998,259.309568,0.0,
CIP->SOC,real,Two-walk,matrix_free,0,reorder,0.3689988110018021,0.3718512129999998,223.674368,0.0,
CIP->SOC,real,Two-walk,matrix_free,0,total,0.36901196600229014,0.3718611519999999,0.0,0.0,
CIP->SOC,real,Two-walk,matrix_free,1,load,0.19509925000238582,0.19556153200000004,270.630912,0.0,
CIP->SOC,real,Two-walk,matrix_free,1,reorder,0.3875556659986614,0.3901167379999999,225.5872,0.0,
CIP->SOC,real,Two-walk,matrix_free,1,total,0.38757249799891724,0.390128641,0.0,0.0,
CIP->SOC,real,Two-walk-Auto,dense,-1,load,0.19152758099880884,0.19395515000000008,260.636672,0.0,
CIP->SOC,real,Two-walk-Auto,dense,-1,reorder,5.486959395999293,5.506597617000001,326.377472,0.0,
CIP->SOC,real,Two-walk-Auto,dense,-1,score,0.09724508299768786,0.09927453400000008,279.740416,0.0,
CIP->SOC,real,Two-walk-Auto,dense,-1,reorder,5.463036931996612,5.483969359,420.683776,0.0,
CIP->SOC,real,Two-walk-Auto,dense,-1,score,0.09540510700026061,0.09723492,372.158464,0.0,
CIP->SOC,real,Two-walk-Auto,dense,-1,reorder,7.791231241000787,7.818435226,484.27008,0.0,
CIP->SOC,real,Two-walk-Auto,dense,-1,score,0.0970007039977645,0.09863583499999962,420.691968,0.0,
CIP->SOC,real,Two-walk-Auto,dense,-1,reorder,7.5074411050009076,7.530864344000001,564.28544,0.0,
CIP->SOC,real,Two-walk-Auto,dense,-1,score,0.09561633399789571,0.09731014099999769,469.225472,0.0,
CIP->SOC,real,Two-walk-Auto,dense,-1,reorder,9.076296605999232,9.106556042999998,566.29248,0.0,
CIP->SOC,real,Two-walk-Auto,dense,-1,score,0.11886278699967079,0.12109340500000343,517.758976,0.0,
CIP->SOC,real,Two-walk-Auto,dense,-1,reorder,9.12649932000204,9.155040823,660.987904,0.0,
CIP->SOC,real,Two-walk-Auto,dense,-1,score,0.10808485300003667,0.10984570800000171,566.29248,0.0,
CIP->SOC,real,Two-walk-Auto,dense,-1,total,45.06384082099976,45.224994419,0.0,0.0,
CIP->SOC,real,Two-walk-Auto,dense,0,load,0.1720150110013492,0.17427432499999995,270.020608,0.0,
CIP->SOC,real,Two-walk-Auto,dense,0,reorder,5.314011843001936,5.335908491,367.816704,0.0,
CIP->SOC,real,Two-walk-Auto,dense,0,score,0.09773524400225142,0.09882926000000047,281.792512,0.0,
CIP->SOC,real,Two-walk-Auto,dense,0,reorder,5.978289218001009,5.99154578,431.628288,0.0,
CIP->SOC,real,Two-walk-Auto,dense,0,score,0.09938364999834448,0.10115397799999926,374.206464,0.0,
CIP->SOC,real,Two-walk-Auto,dense,0,reorder,7.1409076349991665,7.165828138000002,482.123776,0.0,
CIP->SOC,real,Two-walk-Auto,dense,0,score,0.11133391600014875,0.11375161500000175,422.739968,0.0,
CIP->SOC,real,Two-walk-Auto,dense,0,reorder,8.140618206001818,8.155774493,537.686016,0.0,
CIP->SOC,real,Two-walk-Auto,dense,0,score,0.12426274899917189,0.1266761719999998,471.273472,0.0,
CIP->SOC,real,Two-walk-Auto,dense,0,reorder,8.96140359600031,8.993240518,614.760448,0.0,
CIP->SOC,real,Two-walk-Auto,dense,0,score,0.11883951300114859,0.12112729500000086,519.819264,0.0,
CIP->SOC,real,Two-walk-Auto,dense,0,reorder,9.749241882000206,9.767871387,663.207936,0.0,
CIP->SOC,real,Two-walk-Auto,dense,0,score,0.10740594800154213,0.10950033900000022,568.352768,0.0,
CIP->SOC,real,Two-walk-Auto,dense,0,total,45.94359138599975,46.081342692,0.0,0.0,
CIP->SOC,real,Two-walk-Auto,dense,1,load,0.1914045299999998,0.19382312999999995,263.979008,0.0,
CIP->SOC,real,Two-walk-Auto,dense,1,reorder,5.671644866000861,5.692357771999999,371.3024,0.0,
CIP->SOC,real,Two-walk-Auto,dense,1,score,0.10306787900117342,0.10468355599999946,280.051712,0.0,
CIP->SOC,real,Two-walk-Auto,dense,1,reorder,5.629277378000552,5.651551810999999,467.050496,0.0,
CIP->SOC,real,Two-walk-Auto,dense,1,score,0.10332144600033644,0.10518699200000015,372.461568,0.0,
CIP->SOC,real,Two-walk-Auto,dense,1,reorder,7.200239796999085,7.2269555709999995,481.71008,0.0,
CIP->SOC,real,Two-walk-Auto,dense,1,score,0.11080113500065636,0.11268127499999991,420.995072,0.0,
CIP->SOC,real,Two-walk-Auto,dense,1,reorder,7.3691561179985,7.3968050850000004,559.90272,0.0,
CIP->SOC,real,Two-walk-Auto,dense,1,score,0.10452838299897849,0.10643691200000305,469.532672,0.0,
CIP->SOC,real,Two-walk-Auto,dense,1,reorder,9.009865543997876,9.046306059000003,573.095936,0.0,
CIP->SOC,real,Two-walk-Auto,dense,1,score,0.12289060200055246,0.12514588200000532,518.070272,0.0,
CIP->SOC,real,Two-walk-Auto,dense,1,reorder,8.943411321000895,8.976251686000005,640.802816,0.0,
CIP->SOC,real,Two-walk-Auto,dense,1,score,0.11335493200022029,0.11571902100000386,566.603776,0.0,
CIP->SOC,real,Two-walk-Auto,dense,1,total,44.481745139997656,44.660239747,0.0,0.0,
CIP->SOC,real,Two-walk-Auto,matrix_free,-1,load,0.17494068599989987,0.177294167,272.822272,0.0,
CIP->SOC,real,Two-walk-Auto,matrix_free,-1,reorder,0.3751649920013733,0.37937185800000006,223.39584,0.0,
CIP->SOC,real,Two-walk-Auto,matrix_free,-1,score,0.11889478699959,0.12132894300000019,224.13312,0.0,
CIP->SOC,real,Two-walk-Auto,matrix_free,-1,reorder,0.3630416519990831,0.36726105499999995,224.13312,0.0,
CIP->SOC,real,Two-walk-Auto,matrix_free,-1,score,0.09878680899782921,0.10044930799999996,224.13312,0.0,
CIP->SOC,real,Two-walk-Auto,matrix_free,-1,reorder,0.3565998619997117,0.36086031800000007,224.141312,0.0,
CIP->SOC,real,Two-walk-Auto,matrix_free,-1,score,0.0994773560014437,0.10095706199999999,224.141312,0.0,
CIP->SOC,real,Two-walk-Auto,matrix_free,-1,reorder,0.37842221000028076,0.383049647,224.141312,0.0,
CIP->SOC,real,Two-walk-Auto,matrix_free,-1,score,0.10150962300031097,0.10305448700000008,224.141312,0.0,
CIP->SOC,real,Two-walk-Auto,matrix_free,-1,reorder,0.3842475129968079,0.38832083500000003,224.141312,0.0,
CIP->SOC,real,Two-walk-Auto,matrix_free,-1,score,0.10571955999694183,0.10726408599999981,224.141312,0.0,
CIP->SOC,real,Two-walk-Auto,matrix_free,-1,reorder,0.4043512419993931,0.409118136,224.141312,0.0,
CIP->SOC,real,Two-walk-Auto,matrix_free,-1,score,0.10040685199783184,0.10205553099999998,224.141312,0.0,
CIP->SOC,real,Two-walk-Auto,matrix_free,-1,total,2.8867884409992257,2.923236476,0.0,0.0,
CIP->SOC,real,Two-walk-Auto,matrix_free,0,load,0.17283493099967018,0.17517250500000003,251.830272,0.0,
CIP->SOC,real,Two-walk-Auto,matrix_free,0,reorder,0.3714291360010975,0.376160885,222.580736,0.0,
CIP->SOC,real,Two-walk-Auto,matrix_free,0,score,0.09800781599915354,0.09982577599999987,224.325632,0.0,
CIP->SOC,real,Two-walk-Auto,matrix_free,0,reorder,0.3566970339998079,0.361474163,224.33792,0.0,
CIP->SOC,real,Two-walk-Auto,matrix_free,0,score,0.0996034329982649,0.10036267900000007,224.33792,0.0,
CIP->SOC,real,Two-walk-Auto,matrix_free,0,reorder,0.3623802000001888,0.36645660699999993,224.33792,0.0,
CIP->SOC,real,Two-walk-Auto,matrix_free,0,score,0.10102366000137408,0.10297968599999985,224.33792,0.0,
CIP->SOC,real,Two-walk-Auto,matrix_free,0,reorder,0.42113749199779704,0.4257633460000001,224.33792,0.0,
CIP->SOC,real,Two-walk-Auto,matrix_free,0,score,0.13654164299805416,0.13951491700000007,224.33792,0.0,
CIP->SOC,real,Two-walk-Auto,matrix_free,0,reorder,0.43003542500082403,0.4336795339999999,224.33792,0.0,
CIP->SOC,real,Two-walk-Auto,matrix_free,0,score,0.12145474600038142,0.12457595700000024,224.33792,0.0,
CIP->SOC,real,Two-walk-Auto,matrix_free,0,reorder,0.5158998609986156,0.5213252880000003,224.33792,0.0,
CIP->SOC,real,Two-walk-Auto,matrix_free,0,score,0.1464316579986189,0.14788564100000023,224.33792,0.0,
CIP->SOC,real,Two-walk-Auto,matrix_free,0,total,3.160815028997604,3.200152585,0.0,0.0,
CIP->SOC,real,Two-walk-Auto,matrix_free,1,load,0.2182165200028976,0.22063766900000015,259.469312,0.0,
CIP->SOC,real,Two-walk-Auto,matrix_free,1,reorder,0.433128503998887,0.4391431570000002,222.408704,0.0,
CIP->SOC,real,Two-walk-Auto,matrix_free,1,score,0.11919434000083129,0.12173653499999992,224.178176,0.0,
CIP->SOC,real,Two-walk-Auto,matrix_free,1,reorder,0.3819060050009284,0.3860263399999999,224.178176,0.0,
CIP->SOC,real,Two-walk-Auto,matrix_free,1,score,0.12469138500091503,0.12677227000000002,224.178176,0.0,
CIP->SOC,real,Two-walk-Auto,matrix_free,1,reorder,0.38114392300121835,0.38592265700000006,224.178176,0.0,
CIP->SOC,real,Two-walk-Auto,matrix_free,1,score,0.1387572439998621,0.1417472649999998,224.182272,0.0,
CIP->SOC,real,Two-walk-Auto,matrix_free,1,reorder,0.4057447699997283,0.40966238599999993,224.182272,0.0,
CIP->SOC,real,Two-walk-Auto,matrix_free,1,score,0.1192825959988113,0.12160973300000011,224.182272,0.0,
CIP->SOC,real,Two-walk-Auto,matrix_free,1,reorder,0.40892556400285685,0.412533099,224.182272,0.0,
CIP->SOC,real,Two-walk-Auto,matrix_free,1,score,0.13756985399959376,0.13915078899999989,224.182272,0.0,
CIP->SOC,real,Two-walk-Auto,matrix_free,1,reorder,0.43454079699949943,0.4391766579999996,224.182272,0.0,
CIP->SOC,real,Two-walk-Auto,matrix_free,1,score,0.12249194299874944,0.12494026599999941,224.182272,0.0,
CIP->SOC,real,Two-walk-Auto,matrix_free,1,total,3.2075703680020524,3.2485848499999994,0.0,0.0,
ACS,real,One-walk,dense,-1,load,0.00013554500037571415,0.00013574400000004871,0.0,0.0,
ACS,real,One-walk,dense,-1,reorder,0.0011898150005436037,0.0011903460000000088,0.0,0.0,
ACS,real,One-walk,dense,-1,total,0.0011979899973084684,0.0011972580000000344,0.0,0.0,
ACS,real,One-walk,dense,0,load,0.0001553210022393614,0.00015555099999997601,0.0,0.0,
ACS,real,One-walk,dense,0,reorder,0.0014808310006628744,0.001481569999999932,0.0,0.0,
ACS,real,One-walk,dense,0,total,0.0014907099975971505,0.0014900860000000016,0.0,0.0,
ACS,real,One-walk,dense,1,load,0.00011881300088134594,0.00011905200000006388,0.0,0.0,
ACS,real,One-walk,dense,1,reorder,0.0012113960001443047,0.001212097000000023,0.0,0.0,
ACS,real,One-walk,dense,1,total,0.0012203619990032166,0.001219540000000019,0.0,0.0,
ACS,real,One-walk,matrix_free,-1,load,0.00014658599684480578,0.00014622300000000088,0.0,0.0,
ACS,real,One-walk,matrix_free,-1,reorder,0.004642601001251023,0.004740019000000095,187.564032,0.0,
ACS,real,One-walk,matrix_free,-1,total,0.004652589002944296,0.004747842999999974,0.0,0.0,
ACS,real,One-walk,matrix_free,0,load,0.00012407300164340995,0.00012436199999998898,0.0,0.0,
ACS,real,One-walk,matrix_free,0,reorder,0.004912947999400785,0.005017099000000025,187.78112,0.0,
ACS,real,One-walk,matrix_free,0,total,0.0049244889996771235,0.00502574499999997,0.0,0.0,
ACS,real,One-walk,matrix_free,1,load,0.0001454029988963157,0.0001455620000000435,0.0,0.0,
ACS,real,One-walk,matrix_free,1,reorder,0.004929989998345263,0.00540575100000007,187.670528,0.0,
ACS,real,One-walk,matrix_free,1,total,0.004940250000800006,0.00541411600000008,0.0,0.0,
ACS,real,Two-walk,dense,-1,load,0.00019489599799271673,0.00019525499999994977,0.0,0.0,
ACS,real,Two-walk,dense,-1,reorder,0.0012894920000690036,0.0012902119999999018,0.0,0.0,
ACS,real,Two-walk,dense,-1,total,0.001299199997447431,0.0012984879999999865,0.0,0.0,
ACS,real,Two-walk,dense,0,load,0.00014286800069385208,0.0001430070000000283,0.0,0.0,
ACS,real,Two-walk,dense,0,reorder,0.0013286549983604345,0.0013293260000000195,0.0,0.0,
ACS,real,Two-walk,dense,0,total,0.0013377020004554652,0.0013369789999999604,0.0,0.0,
ACS,real,Two-walk,dense,1,load,0.00012434400196070783,0.00012472299999999326,0.0,0.0,
ACS,real,Two-walk,dense,1,reorder,0.0013621780017274432,0.0013628180000000434,0.0,0.0,
ACS,real,Two-walk,dense,1,total,0.0013707639991480391,0.0013700620000000052,0.0,0.0,
ACS,real,Two-walk,matrix_free,-1,load,0.000134482001158176,0.00013475199999990473,0.0,0.0,
ACS,real,Two-walk,matrix_free,-1,reorder,0.004518887999438448,0.00459442099999996,187.559936,0.0,
ACS,real,Two-walk,matrix_free,-1,total,0.00452836499971454,0.004602826000000171,0.0,0.0,
ACS,real,Two-walk,matrix_free,0,load,0.00013301900253281929,0.00013345899999994693,0.0,0.0,
ACS,real,Two-walk,matrix_free,0,reorder,0.005002335998142371,0.005081090999999982,187.445248,0.0,
ACS,real,Two-walk,matrix_free,0,total,0.005014959999243729,0.00509081900000008,0.0,0.0,
ACS,real,Two-walk,matrix_free,1,load,0.00012417400284903124,0.00012421200000001242,0.0,0.0,
ACS,real,Two-walk,matrix_free,1,reorder,0.0043550999980652705,0.0045627220000000746,188.0064,0.0,
ACS,real,Two-walk,matrix_free,1,total,0.004364517000794876,0.004570485999999985,0.0,0.0,
ACS,real,Two-walk-Auto,dense,-1,load,0.00013331000081961975,0.0001337399999999933,0.0,0.0,
ACS,real,Two-walk-Auto,dense,-1,reorder,0.00146963999941363,0.0014701889999999551,0.0,0.0,
ACS,real,Two-walk-Auto,dense,-1,score,0.000976504001300782,0.0009769270000000718,0.0,0.0,
ACS,real,Two-walk-Auto,dense,-1,reorder,0.0011387190024834126,0.001268079000000033,0.0,0.0,
ACS,real,Two-walk-Auto,dense,-1,score,0.0009463070018682629,0.0009500969999999276,0.0,0.0,
ACS,real,Two-walk-Auto,dense,-1,reorder,0.0010029340010078158,0.0011454749999999514,0.0,0.0,
ACS,real,Two-walk-Auto,dense,-1,score,0.0009173929975077044,0.0009211820000000204,0.0,0.0,
ACS,real,Two-walk-Auto,dense,-1,reorder,0.0010011310005211271,0.0011355739999999725,188.121088,0.0,
ACS,real,Two-walk-Auto,dense,-1,score,0.0009139770008914638,0.0009140489999999168,0.0,0.0,
ACS,real,Two-walk-Auto,dense,-1,reorder,0.0009062319986696821,0.0009068250000000555,0.0,0.0,
ACS,real,Two-walk-Auto,dense,-1,score,0.0009148579993052408,0.000914880999999923,0.0,0.0,
ACS,real,Two-walk-Auto,dense,-1,reorder,0.0009460170003876556,0.0009466299999999483,0.0,0.0,
ACS,real,Two-walk-Auto,dense,-1,score,0.0009276819982915185,0.000927814999999943,0.0,0.0,
ACS,real,Two-walk-Auto,dense,-1,total,0.012127940000937087,0.012539348000000006,0.0,0.0,
ACS,real,Two-walk-Auto,dense,0,load,0.00011711000115610659,0.00011735899999998356,0.0,0.0,
ACS,real,Two-walk-Auto,dense,0,reorder,0.001242573001945857,0.001243133999999979,0.0,0.0,
ACS,real,Two-walk-Auto,dense,0,score,0.000961786001425935,0.000961888999999938,0.0,0.0,
ACS,real,Two-walk-Auto,dense,0,reorder,0.001039922997733811,0.0010405949999999775,0.0,0.0,
ACS,real,Two-walk-Auto,dense,0,score,0.0009333930029242765,0.0009407679999999807,0.0,0.0,
ACS,real,Two-walk-Auto,dense,0,reorder,0.0010483580008440185,0.00122135000000001,0.0,0.0,
ACS,real,Two-walk-Auto,dense,0,score,0.0009217699989676476,0.0009257109999999402,0.0,0.0,
ACS,real,Two-walk-Auto,dense,0,reorder,0.0010448220018588472,0.0012067850000000435,0.0,0.0,
ACS,real,Two-walk-Auto,dense,0,score,0.0009333929992862977,0.0009372319999999545,0.0,0.0,
ACS,real,Two-walk-Auto,dense,0,reorder,0.0010866410011658445,0.0011872469999999469,188.383232,0.0,
ACS,real,Two-walk-Auto,dense,0,score,0.0009282930004701484,0.0009283660000000138,0.0,0.0,
ACS,real,Two-walk-Auto,dense,0,reorder,0.0009294449992012233,0.0009300089999999539,0.0,0.0,
ACS,real,Two-walk-Auto,dense,0,score,0.0009269900001527276,0.0009270430000000163,0.0,0.0,
ACS,real,Two-walk-Auto,dense,0,total,0.01206431099853944,0.012511495000000039,0.0,0.0,
ACS,real,Two-walk-Auto,dense,1,load,0.00015225600145640783,0.00015247500000004077,0.0,0.0,
ACS,real,Two-walk-Auto,dense,1,reorder,0.0014330800004245248,0.001433650000000064,0.0,0.0,
ACS,real,Two-walk-Auto,dense,1,score,0.0009597919997759163,0.0009598940000000722,0.0,0.0,
ACS,real,Two-walk-Auto,dense,1,reorder,0.0009696209999674466,0.0010150780000000026,0.0,0.0,
ACS,real,Two-walk-Auto,dense,1,score,0.000926479999179719,0.0009315809999999036,0.0,0.0,
ACS,real,Two-walk-Auto,dense,1,reorder,0.0010662919994501863,0.0012423899999999266,0.0,0.0,
ACS,real,Two-walk-Auto,dense,1,score,0.0009269910005968995,0.0009300500000000156,0.0,0.0,
ACS,real,Two-walk-Auto,dense,1,reorder,0.0010012800012191292,0.0011229380000000733,188.387328,0.0,
ACS,real,Two-walk-Auto,dense,1,score,0.0009153989994956646,0.0009154310000000221,0.0,0.0,
ACS,real,Two-walk-Auto,dense,1,reorder,0.0008961329986050259,0.0008967570000000258,0.0,0.0,
ACS,real,Two-walk-Auto,dense,1,score,0.0009097280017158482,0.0009097409999999639,0.0,0.0,
ACS,real,Two-walk-Auto,dense,1,reorder,0.000909357000637101,0.0009099510000000199,0.0,0.0,
ACS,real,Two-walk-Auto,dense,1,score,0.0009338630006823223,0.0009338859999999949,0.0,0.0,
ACS,real,Two-walk-Auto,dense,1,total,0.011927043000468984,0.012275908000000002,0.0,0.0,
ACS,real,Two-walk-Auto,matrix_free,-1,load,0.00013085599857731722,0.00013093499999994318,0.0,0.0,
ACS,real,Two-walk-Auto,matrix_free,-1,reorder,0.004268033000698779,0.004365481999999976,187.531264,0.0,
ACS,real,Two-walk-Auto,matrix_free,-1,score,0.0009548529997118749,0.0009550059999999805,0.0,0.0,
ACS,real,Two-walk-Auto,matrix_free,-1,reorder,0.004474781999306288,0.004551831000000006,188.039168,0.0,
ACS,real,Two-walk-Auto,matrix_free,-1,score,0.0009212600016326178,0.0009213329999999686,0.0,0.0,
ACS,real,Two-walk-Auto,matrix_free,-1,reorder,0.004533341998467222,0.004698242999999991,188.039168,0.0,
ACS,real,Two-walk-Auto,matrix_free,-1,score,0.000922320999961812,0.0009224150000000098,0.0,0.0,
ACS,real,Two-walk-Auto,matrix_free,-1,reorder,0.005193500001041684,0.005468501999999931,188.039168,0.0,
ACS,real,Two-walk-Auto,matrix_free,-1,score,0.0009288340006605722,0.0009288970000000951,0.0,0.0,
ACS,real,Two-walk-Auto,matrix_free,-1,reorder,0.004778581998834852,0.004901281999999951,188.039168,0.0,
ACS,real,Two-walk-Auto,matrix_free,-1,score,0.0009259580001526047,0.0009260720000000555,0.0,0.0,
ACS,real,Two-walk-Auto,matrix_free,-1,reorder,0.005048569000791758,0.005153714999999948,188.039168,0.0,
ACS,real,Two-walk-Auto,matrix_free,-1,score,0.0009198269981425256,0.0009199300000000132,0.0,0.0,
ACS,real,Two-walk-Auto,matrix_free,-1,total,0.03393401100038318,0.034772328000000075,0.0,0.0,
ACS,real,Two-walk-Auto,matrix_free,0,load,0.00011650899978121743,0.00011518600000004486,0.0,0.0,
ACS,real,Two-walk-Auto,matrix_free,0,reorder,0.004388659999676747,0.004535479000000064,187.322368,0.0,
ACS,real,Two-walk-Auto,matrix_free,0,score,0.0009649320018070284,0.0009650549999999924,0.0,0.0,
ACS,real,Two-walk-Auto,matrix_free,0,reorder,0.004515568001806969,0.004631728999999973,187.830272,0.0,
ACS,real,Two-walk-Auto,matrix_free,0,score,0.0009198469997500069,0.0009199599999999419,0.0,0.0,
ACS,real,Two-walk-Auto,matrix_free,0,reorder,0.004585389000567375,0.00468094199999991,187.830272,0.0,
ACS,real,Two-walk-Auto,matrix_free,0,score,0.0009169320001092274,0.0009170149999999655,0.0,0.0,
ACS,real,Two-walk-Auto,matrix_free,0,reorder,0.004809518999536522,0.0049435620000000124,187.830272,0.0,
ACS,real,Two-walk-Auto,matrix_free,0,score,0.0009067020000657067,0.0009067360000000191,0.0,0.0,
ACS,real,Two-walk-Auto,matrix_free,0,reorder,0.005039511997892987,0.00511207800000002,187.830272,0.0,
ACS,real,Two-walk-Auto,matrix_free,0,score,0.000930366000829963,0.0009304500000000271,0.0,0.0,
ACS,real,Two-walk-Auto,matrix_free,0,reorder,0.005414715997176245,0.005799122999999962,187.830272,0.0,
ACS,real,Two-walk-Auto,matrix_free,0,score,0.0009284730003855657,0.0009285660000000195,0.0,0.0,
ACS,real,Two-walk-Auto,matrix_free,0,total,0.03439686999990954,0.03534018499999991,0.0,0.0,
ACS,real,Two-walk-Auto,matrix_free,1,load,0.00011351300054229796,0.00011374200000002777,0.0,0.0,
ACS,real,Two-walk-Auto,matrix_free,1,reorder,0.004238698998960899,0.004334846999999975,187.768832,0.0,
ACS,real,Two-walk-Auto,matrix_free,1,score,0.0009374299988849089,0.0009375130000000009,0.0,0.0,
ACS,real,Two-walk-Auto,matrix_free,1,reorder,0.0044995280004513916,0.004600062000000071,188.276736,0.0,
ACS,real,Two-walk-Auto,matrix_free,1,score,0.0009232129996235017,0.0009232759999999729,0.0,0.0,
ACS,real,Two-walk-Auto,matrix_free,1,reorder,0.004545002997474512,0.004680692000000097,188.276736,0.0,
ACS,real,Two-walk-Auto,matrix_free,1,score,0.0009050399967236444,0.0009050919999999962,0.0,0.0,
ACS,real,Two-walk-Auto,matrix_free,1,reorder,0.004716586001450196,0.0048203330000000655,188.276736,0.0,
ACS,real,Two-walk-Auto,matrix_free,1,score,0.0009103989978029858,0.0009104930000000122,0.0,0.0,
ACS,real,Two-walk-Auto,matrix_free,1,reorder,0.004781297000590712,0.004882640000000049,188.276736,0.0,
ACS,real,Two-walk-Auto,matrix_free,1,score,0.0009153190003416967,0.0009154120000000043,0.0,0.0,
ACS,real,Two-walk-Auto,matrix_free,1,reorder,0.005063567001343472,0.0051894620000000335,188.276736,0.0,
ACS,real,Two-walk-Auto,matrix_free,1,score,0.000914126998395659,0.0009141899999999259,0.0,0.0,
ACS,real,Two-walk-Auto,matrix_free,1,total,0.03341171099964413,0.03407141800000002,0.0,0.0,
LODES,real,One-walk,dense,-1,load,0.0013352160021895543,0.0013355769999999767,0.0,0.0,
LODES,real,One-walk,dense,-1,reorder,0.004698841999925207,0.00481668600000007,0.0,0.0,
LODES,real,One-walk,dense,-1,total,0.00471012300113216,0.004826785,0.0,0.0,
LODES,real,One-walk,dense,0,load,0.001419685999280773,0.0014200349999999862,0.0,0.0,
LODES,real,One-walk,dense,0,reorder,0.00476371400145581,0.004848365999999937,190.312448,0.0,
LODES,real,One-walk,dense,0,total,0.004772260002937401,0.004856020000000072,0.0,0.0,
LODES,real,One-walk,dense,1,load,0.0013621580001199618,0.0013629379999999802,0.0,0.0,
LODES,real,One-walk,dense,1,reorder,0.004766760001075454,0.004890163000000003,0.0,0.0,
LODES,real,One-walk,dense,1,total,0.004775296001753304,0.004897627000000071,0.0,0.0,
LODES,real,One-walk,matrix_free,-1,load,0.0012995200013392605,0.0012996800000000253,0.0,0.0,
LODES,real,One-walk,matrix_free,-1,reorder,0.022323663000861416,0.02258909500000006,188.555264,0.0,
LODES,real,One-walk,matrix_free,-1,total,0.022333000997605268,0.022596799999999972,0.0,0.0,
LODES,real,One-walk,matrix_free,0,load,0.001278490999538917,0.0012787410000000277,0.0,0.0,
LODES,real,One-walk,matrix_free,0,reorder,0.023323068999161478,0.02379772400000002,189.063168,0.0,
LODES,real,One-walk,matrix_free,0,total,0.023336465001193574,0.02380792400000009,0.0,0.0,
LODES,real,One-walk,matrix_free,1,load,0.001299960000324063,0.0013003509999999219,0.0,0.0,
LODES,real,One-walk,matrix_free,1,reorder,0.02223968600083026,0.022495576999999933,188.567552,0.0,
LODES,real,One-walk,matrix_free,1,total,0.02224890299839899,0.02250363199999994,0.0,0.0,
LODES,real,Two-walk,dense,-1,load,0.0012647439980355557,0.0012652559999999369,0.0,0.0,
LODES,real,Two-walk,dense,-1,reorder,0.00428097799886018,0.004314206999999959,190.30016,0.0,
LODES,real,Two-walk,dense,-1,total,0.004290304997994099,0.004322241999999976,0.0,0.0,
LODES,real,Two-walk,dense,0,load,0.0013653429996338673,0.001365783999999981,0.0,0.0,
LODES,real,Two-walk,dense,0,reorder,0.0045535299977927934,0.004624117000000094,188.780544,0.0,
LODES,real,Two-walk,dense,0,total,0.00456276600016281,0.004632061000000021,0.0,0.0,
LODES,real,Two-walk,dense,1,load,0.0013586109998868778,0.0013591009999999182,0.0,0.0,
LODES,real,Two-walk,dense,1,reorder,0.004542038001090987,0.004623143999999968,189.001728,0.0,
LODES,real,Two-walk,dense,1,total,0.004551665999315446,0.0046313590000000016,0.0,0.0,
LODES,real,Two-walk,matrix_free,-1,load,0.001281426000787178,0.0012820669999999978,0.0,0.0,
LODES,real,Two-walk,matrix_free,-1,reorder,0.0390761160015245,0.03951513900000003,188.7232,0.0,
LODES,real,Two-walk,matrix_free,-1,total,0.0390873169999395,0.039523555000000044,0.0,0.0,
LODES,real,Two-walk,matrix_free,0,load,0.0013883669998904224,0.0013889069999999393,0.0,0.0,
LODES,real,Two-walk,matrix_free,0,reorder,0.039236507000168785,0.039670510999999964,188.637184,0.0,
LODES,real,Two-walk,matrix_free,0,total,0.03924827999799163,0.03968041,0.0,0.0,
LODES,real,Two-walk,matrix_free,1,load,0.0012739420017169323,0.001272237999999981,0.0,0.0,
LODES,real,Two-walk,matrix_free,1,reorder,0.03908958099782467,0.03951111299999999,188.39552,0.0,
LODES,real,Two-walk,matrix_free,1,total,0.03909916900011012,0.039519027999999956,0.0,0.0,
LODES,real,Two-walk-Auto,dense,-1,load,0.0013524499991035555,0.0013528800000000007,0.0,0.0,
LODES,real,Two-walk-Auto,dense,-1,reorder,0.004350969000370242,0.004467642000000049,0.0,0.0,
LODES,real,Two-walk-Auto,dense,-1,score,0.0033171979994222056,0.0033280620000000205,190.296064,0.0,
LODES,real,Two-walk-Auto,dense,-1,reorder,0.004074259999470087,0.004144839000000067,0.0,0.0,
LODES,real,Two-walk-Auto,dense,-1,score,0.0033741750012268312,0.003425323000000091,191.01696,0.0,
LODES,real,Two-walk-Auto,dense,-1,reorder,0.003827246000582818,0.0039035990000000353,0.0,0.0,
LODES,real,Two-walk-Auto,dense,-1,score,0.003288703999714926,0.0033007309999999457,191.234048,0.0,
LODES,real,Two-walk-Auto,dense,-1,reorder,0.0036981530029152054,0.0037638449999999324,191.451136,0.0,
LODES,real,Two-walk-Auto,dense,-1,score,0.0032528770025237463,0.0032531230000000244,0.0,0.0,
LODES,real,Two-walk-Auto,dense,-1,reorder,0.0037513430033868644,0.003840563000000019,191.737856,0.0,
LODES,real,Two-walk-Auto,dense,-1,score,0.0032206270007009152,0.0032207819999999776,0.0,0.0,
LODES,real,Two-walk-Auto,dense,-1,reorder,0.003724062000401318,0.003790434999999981,0.0,0.0,
LODES,real,Two-walk-Auto,dense,-1,score,0.0033024500007741153,0.00331981800000003,192.028672,0.0,
LODES,real,Two-walk-Auto,dense,-1,total,0.043255492997559486,0.043827189000000044,0.0,0.0,
LODES,real,Two-walk-Auto,dense,0,load,0.0013763839997409377,0.0013769049999999838,0.0,0.0,
LODES,real,Two-walk-Auto,dense,0,reorder,0.004650481001590379,0.00467586199999992,188.645376,0.0,
LODES,real,Two-walk-Auto,dense,0,score,0.0034718480019364506,0.0036280360000000567,190.599168,0.0,
LODES,real,Two-walk-Auto,dense,0,reorder,0.004211406998365419,0.0042126660000000316,0.0,0.0,
LODES,real,Two-walk-Auto,dense,0,score,0.0034930179972434416,0.0035817270000000345,191.320064,0.0,
LODES,real,Two-walk-Auto,dense,0,reorder,0.003926240999135189,0.003991172000000098,191.537152,0.0,
LODES,real,Two-walk-Auto,dense,0,score,0.003385215997695923,0.0033868819999999245,0.0,0.0,
LODES,real,Two-walk-Auto,dense,0,reorder,0.0036860610016447026,0.003749718000000013,0.0,0.0,
LODES,real,Two-walk-Auto,dense,0,score,0.0033406229995307513,0.0033493829999999836,191.75424,0.0,
LODES,real,Two-walk-Auto,dense,0,reorder,0.004123792998143472,0.004200423000000009,192.04096,0.0,
LODES,real,Two-walk-Auto,dense,0,score,0.003276311999798054,0.0032765259999999463,0.0,0.0,
LODES,real,Two-walk-Auto,dense,0,reorder,0.003809132002061233,0.003865768999999908,0.0,0.0,
LODES,real,Two-walk-Auto,dense,0,score,0.0033611210019444115,0.003385551000000042,192.331776,0.0,
LODES,real,Two-walk-Auto,dense,0,total,0.04482908800127916,0.04538834600000008,0.0,0.0,
LODES,real,Two-walk-Auto,dense,1,load,0.0014466760003415402,0.0014493700000000054,0.0,0.0,
LODES,real,Two-walk-Auto,dense,1,reorder,0.005144478000147501,0.005277097000000008,188.301312,0.0,
LODES,real,Two-walk-Auto,dense,1,score,0.00346462400193559,0.003579570999999948,190.464,0.0,
LODES,real,Two-walk-Auto,dense,1,reorder,0.003979731998697389,0.0039740600000000015,0.0,0.0,
LODES,real,Two-walk-Auto,dense,1,score,0.0033432870004617143,0.003454225000000033,191.188992,0.0,
LODES,real,Two-walk-Auto,dense,1,reorder,0.0037792549992445856,0.0037947259999999705,0.0,0.0,
LODES,real,Two-walk-Auto,dense,1,score,0.003257354997913353,0.003279702000000051,191.401984,0.0,
LODES,real,Two-walk-Auto,dense,1,reorder,0.003766360998270102,0.0037796350000000034,0.0,0.0,
LODES,real,Two-walk-Auto,dense,1,score,0.0032981020012812223,0.0032885180000000735,191.619072,0.0,
LODES,real,Two-walk-Auto,dense,1,reorder,0.0037694269994972274,0.0038170360000000514,0.0,0.0,
LODES,real,Two-walk-Auto,dense,1,score,0.003363926000020001,0.0033475989999999234,191.909888,0.0,
LODES,real,Two-walk-Auto,dense,1,reorder,0.0037485570028366055,0.0038052670000000566,0.0,0.0,
LODES,real,Two-walk-Auto,dense,1,score,0.003335072000481887,0.003304741,192.196608,0.0,
LODES,real,Two-walk-Auto,dense,1,total,0.04433411799982423,0.04477961399999997,0.0,0.0,
LODES,real,Two-walk-Auto,matrix_free,-1,load,0.0013422600022749975,0.001343572000000015,0.0,0.0,
LODES,real,Two-walk-Auto,matrix_free,-1,reorder,0.039705337996565504,0.04014328499999997,188.903424,0.0,
LODES,real,Two-walk-Auto,matrix_free,-1,score,0.0033488570006738883,0.0034511019999999837,0.0,0.0,
LODES,real,Two-walk-Auto,matrix_free,-1,reorder,0.03948559499986004,0.03985772300000001,189.489152,0.0,
LODES,real,Two-walk-Auto,matrix_free,-1,score,0.0034657260002859402,0.0035569779999999884,189.489152,0.0,
LODES,real,Two-walk-Auto,matrix_free,-1,reorder,0.04205893600010313,0.04243802299999988,189.489152,0.0,
LODES,real,Two-walk-Auto,matrix_free,-1,score,0.003301558997918619,0.003301823000000148,0.0,0.0,
LODES,real,Two-walk-Auto,matrix_free,-1,reorder,0.033910877999005606,0.03423133200000006,189.489152,0.0,
LODES,real,Two-walk-Auto,matrix_free,-1,score,0.0034747540012176614,0.003547101000000108,189.489152,0.0,
LODES,real,Two-walk-Auto,matrix_free,-1,reorder,0.03990529300062917,0.040322098000000084,189.579264,0.0,
LODES,real,Two-walk-Auto,matrix_free,-1,score,0.0036961289988539647,0.003723744999999834,189.579264,0.0,
LODES,real,Two-walk-Auto,matrix_free,-1,reorder,0.03279723699961323,0.033012194999999966,189.579264,0.0,
LODES,real,Two-walk-Auto,matrix_free,-1,score,0.0033484560008218978,0.0035037220000000424,189.579264,0.0,
LODES,real,Two-walk-Auto,matrix_free,-1,total,0.2486509059999662,0.251223109,0.0,0.0,
LODES,real,Two-walk-Auto,matrix_free,0,load,0.001319217000855133,0.0013187550000000048,0.0,0.0,
LODES,real,Two-walk-Auto,matrix_free,0,reorder,0.04078984300213051,0.041099064999999935,188.604416,0.0,
LODES,real,Two-walk-Auto,matrix_free,0,score,0.003289495998615166,0.0033728370000000174,0.0,0.0,
LODES,real,Two-walk-Auto,matrix_free,0,reorder,0.04080639399762731,0.04134270200000012,189.190144,0.0,
LODES,real,Two-walk-Auto,matrix_free,0,score,0.0034001739986706525,0.0034784719999998437,189.190144,0.0,
LODES,real,Two-walk-Auto,matrix_free,0,reorder,0.04382728700147709,0.044219124000000054,189.190144,0.0,
LODES,real,Two-walk-Auto,matrix_free,0,score,0.0033887729987327475,0.0034207459999999745,189.190144,0.0,
LODES,real,Two-walk-Auto,matrix_free,0,reorder,0.03428881800209638,0.03459790500000004,189.190144,0.0,
LODES,real,Two-walk-Auto,matrix_free,0,score,0.003300817999843275,0.0033009819999998413,0.0,0.0,
LODES,real,Two-walk-Auto,matrix_free,0,reorder,0.04024885800026823,0.04074681400000002,189.280256,0.0,
LODES,real,Two-walk-Auto,matrix_free,0,score,0.0033730329996615183,0.003397301999999991,0.0,0.0,
LODES,real,Two-walk-Auto,matrix_free,0,reorder,0.03475220799737144,0.03507364600000007,189.280256,0.0,
LODES,real,Two-walk-Auto,matrix_free,0,score,0.0033845350008050445,0.0035227079999999855,189.280256,0.0,
LODES,real,Two-walk-Auto,matrix_free,0,total,0.25498388599953614,0.25769199600000015,0.0,0.0,
LODES,real,Two-walk-Auto,matrix_free,1,load,0.0012529129999165889,0.0012531529999999513,0.0,0.0,
LODES,real,Two-walk-Auto,matrix_free,1,reorder,0.03882931300177006,0.03918846399999998,188.358656,0.0,
LODES,real,Two-walk-Auto,matrix_free,1,score,0.0033793850016081706,0.003346818000000029,0.0,0.0,
LODES,real,Two-walk-Auto,matrix_free,1,reorder,0.03895768400252564,0.03928490300000009,188.944384,0.0,
LODES,real,Two-walk-Auto,matrix_free,1,score,0.003369106001628097,0.0034121380000000645,0.0,0.0,
LODES,real,Two-walk-Auto,matrix_free,1,reorder,0.040824397998221684,0.04122294599999987,188.944384,0.0,
LODES,real,Two-walk-Auto,matrix_free,1,score,0.003327938000438735,0.003388726000000064,188.944384,0.0,
LODES,real,Two-walk-Auto,matrix_free,1,reorder,0.03294996399927186,0.03321768699999983,188.944384,0.0,
LODES,real,Two-walk-Auto,matrix_free,1,score,0.003334531000291463,0.003365794000000033,188.944384,0.0,
LODES,real,Two-walk-Auto,matrix_free,1,reorder,0.0386327930027619,0.038965868000000015,189.038592,0.0,
LODES,real,Two-walk-Auto,matrix_free,1,score,0.003491014998871833,0.003545836999999885,189.038592,0.0,
LODES,real,Two-walk-Auto,matrix_free,1,reorder,0.03476445100022829,0.03511375800000005,189.038592,0.0,
LODES,real,Two-walk-Auto,matrix_free,1,score,0.0033481960017525125,0.0033665629999999336,0.0,0.0,
LODES,real,Two-walk-Auto,matrix_free,1,total,0.24531720699815196,0.24751733700000011,0.0,0.0,
20Newsgroups,real,One-walk,dense,-1,load,0.00044378399979905225,0.00044392000000004206,0.0,0.0,
20Newsgroups,real,One-walk,dense,-1,reorder,0.002328661998035386,0.0023294750000000253,0.0,0.0,
20Newsgroups,real,One-walk,dense,-1,total,0.002338420999876689,0.002337790999999978,0.0,0.0,
20Newsgroups,real,One-walk,dense,0,load,0.00037941199843771756,0.0003791290000000336,0.0,0.0,
20Newsgroups,real,One-walk,dense,0,reorder,0.002329803999600699,0.002330666999999953,0.0,0.0,
20Newsgroups,real,One-walk,dense,0,total,0.002339230999496067,0.00233873200000001,0.0,0.0,
20Newsgroups,real,One-walk,dense,1,load,0.00038289899748633616,0.00038206399999995977,0.0,0.0,
20Newsgroups,real,One-walk,dense,1,reorder,0.002106945998093579,0.0021075199999999183,0.0,0.0,
20Newsgroups,real,One-walk,dense,1,total,0.0021157720002520364,0.0021152449999999323,0.0,0.0,
20Newsgroups,real,One-walk,matrix_free,-1,load,0.0004134459995839279,0.00041302200000004063,0.0,0.0,
20Newsgroups,real,One-walk,matrix_free,-1,reorder,0.008602891997725237,0.008822200000000002,187.621376,0.0,
20Newsgroups,real,One-walk,matrix_free,-1,total,0.008611167999333702,0.008829332999999995,0.0,0.0,
20Newsgroups,real,One-walk,matrix_free,0,load,0.00037051500112283975,0.0003708239999999918,0.0,0.0,
20Newsgroups,real,One-walk,matrix_free,0,reorder,0.008290556001156801,0.008359801,187.613184,0.0,
20Newsgroups,real,One-walk,matrix_free,0,total,0.008298130996990949,0.008366373000000094,0.0,0.0,
20Newsgroups,real,One-walk,matrix_free,1,load,0.0004676989992731251,0.0004677539999999869,0.0,0.0,
20Newsgroups,real,One-walk,matrix_free,1,reorder,0.008784713998466032,0.008929935999999916,187.662336,0.0,
20Newsgroups,real,One-walk,matrix_free,1,total,0.008794582998234546,0.008938662000000042,0.0,0.0,
20Newsgroups,real,Two-walk,dense,-1,load,0.00042246299926773645,0.00042317099999999996,0.0,0.0,
20Newsgroups,real,Two-walk,dense,-1,reorder,0.0023349440016318113,0.002335495999999937,0.0,0.0,
20Newsgroups,real,Two-walk,dense,-1,total,0.002343579999433132,0.0023431609999999825,0.0,0.0,
20Newsgroups,real,Two-walk,dense,0,load,0.00037150799835217185,0.0003716049999999971,0.0,0.0,
20Newsgroups,real,Two-walk,dense,0,reorder,0.0020853950009041,0.002085900000000085,0.0,0.0,
20Newsgroups,real,Two-walk,dense,0,total,0.0020932099978381302,0.002092682999999984,0.0,0.0,
20Newsgroups,real,Two-walk,dense,1,load,0.0004243060029693879,0.0004246139999999343,0.0,0.0,
20Newsgroups,real,Two-walk,dense,1,reorder,0.002316459998837672,0.0023174129999999904,0.0,0.0,
20Newsgroups,real,Two-walk,dense,1,total,0.002327520000108052,0.0023267700000000335,0.0,0.0,
20Newsgroups,real,Two-walk,matrix_free,-1,load,0.0003837809999822639,0.0003838379999999697,0.0,0.0,
20Newsgroups,real,Two-walk,matrix_free,-1,reorder,0.010653110999555793,0.010765888000000001,187.588608,0.0,
20Newsgroups,real,Two-walk,matrix_free,-1,total,0.010661887998139719,0.010773351999999958,0.0,0.0,
20Newsgroups,real,Two-walk,matrix_free,0,load,0.00038549400051124394,0.0003859210000000113,0.0,0.0,
20Newsgroups,real,Two-walk,matrix_free,0,reorder,0.011328459000651492,0.011934019000000018,187.834368,0.0,
20Newsgroups,real,Two-walk,matrix_free,0,total,0.011339730001054704,0.011942805,0.0,0.0,
20Newsgroups,real,Two-walk,matrix_free,1,load,0.00044896300096297637,0.0004476070000000165,0.0,0.0,
20Newsgroups,real,Two-walk,matrix_free,1,reorder,0.011364497000613483,0.01152270199999994,187.731968,0.0,
20Newsgroups,real,Two-walk,matrix_free,1,total,0.011377601000276627,0.011533212000000015,0.0,0.0,
20Newsgroups,real,Two-walk-Auto,dense,-1,load,0.00043514699791558087,0.0004346429999999568,0.0,0.0,
20Newsgroups,real,Two-walk-Auto,dense,-1,reorder,0.002100033001624979,0.002100658000000033,0.0,0.0,
20Newsgroups,real,Two-walk-Auto,dense,-1,score,0.002339874001336284,0.0024577860000000173,188.837888,0.0,
20Newsgroups,real,Two-walk-Auto,dense,-1,reorder,0.0019352239978616126,0.0019359389999999976,0.0,0.0,
20Newsgroups,real,Two-walk-Auto,dense,-1,score,0.0020880599986412562,0.0020881140000000853,0.0,0.0,
20Newsgroups,real,Two-walk-Auto,dense,-1,reorder,0.0018189750007877592,0.0018906579999999895,188.88704,0.0,
20Newsgroups,real,Two-walk-Auto,dense,-1,score,0.0020807670007343404,0.002080831000000005,0.0,0.0,
20Newsgroups,real,Two-walk-Auto,dense,-1,reorder,0.0016977980012597982,0.0017117810000000233,0.0,0.0,
20Newsgroups,real,Two-walk-Auto,dense,-1,score,0.0021287970012053847,0.002180436999999924,189.07136,0.0,
20Newsgroups,real,Two-walk-Auto,dense,-1,reorder,0.0017341659986414015,0.0017347239999999653,0.0,0.0,
20Newsgroups,real,Two-walk-Auto,dense,-1,score,0.0021081680024508387,0.0021663790000000516,0.0,0.0,
20Newsgroups,real,Two-walk-Auto,dense,-1,reorder,0.0017444149998482317,0.0019131569999999432,189.202432,0.0,
20Newsgroups,real,Two-walk-Auto,dense,-1,score,0.002084053001453867,0.002084096999999896,0.0,0.0,
20Newsgroups,real,Two-walk-Auto,dense,-1,total,0.023933866003062576,0.024413047999999993,0.0,0.0,
20Newsgroups,real,Two-walk-Auto,dense,0,load,0.00038267800118774176,0.00038288499999994396,0.0,0.0,
20Newsgroups,real,Two-walk-Auto,dense,0,reorder,0.002129247997800121,0.002129921999999951,0.0,0.0,
20Newsgroups,real,Two-walk-Auto,dense,0,score,0.0021972559989080764,0.002342746000000062,0.0,0.0,
20Newsgroups,real,Two-walk-Auto,dense,0,reorder,0.0019269279982836451,0.0019795409999999736,188.878848,0.0,
20Newsgroups,real,Two-walk-Auto,dense,0,score,0.0021144000020285603,0.0021144839999999165,0.0,0.0,
20Newsgroups,real,Two-walk-Auto,dense,0,reorder,0.001973375998204574,0.002016860000000009,0.0,0.0,
20Newsgroups,real,Two-walk-Auto,dense,0,score,0.002220679001766257,0.002278829999999954,189.063168,0.0,
20Newsgroups,real,Two-walk-Auto,dense,0,reorder,0.0018661339963728096,0.001866931000000016,0.0,0.0,
20Newsgroups,real,Two-walk-Auto,dense,0,score,0.002173131000745343,0.002218997000000056,189.11232,0.0,
20Newsgroups,real,Two-walk-Auto,dense,0,reorder,0.0019416550021560397,0.00194208100000004,0.0,0.0,
20Newsgroups,real,Two-walk-Auto,dense,0,score,0.002115220999257872,0.0021153959999999916,0.0,0.0,
20Newsgroups,real,Two-walk-Auto,dense,0,reorder,0.0018821639969246462,0.002011912999999921,189.243392,0.0,
20Newsgroups,real,Two-walk-Auto,dense,0,score,0.002089632998831803,0.002089827000000044,0.0,0.0,
20Newsgroups,real,Two-walk-Auto,dense,0,total,0.024714621999009978,0.025186806000000006,0.0,0.0,
20Newsgroups,real,Two-walk-Auto,dense,1,load,0.00037415199767565355,0.00037432000000003907,0.0,0.0,
20Newsgroups,real,Two-walk-Auto,dense,1,reorder,0.0022777769991080277,0.0022782700000000267,0.0,0.0,
20Newsgroups,real,Two-walk-Auto,dense,1,score,0.002246688000013819,0.0023986360000000095,0.0,0.0,
20Newsgroups,real,Two-walk-Auto,dense,1,reorder,0.002180563998990692,0.002199963000000027,188.862464,0.0,
20Newsgroups,real,Two-walk-Auto,dense,1,score,0.0021810850012116134,0.0021812889999999197,0.0,0.0,
20Newsgroups,real,Two-walk-Auto,dense,1,reorder,0.0018354349995206576,0.0018817700000000048,188.940288,0.0,
20Newsgroups,real,Two-walk-Auto,dense,1,score,0.0021508179997908883,0.002150892000000071,0.0,0.0,
20Newsgroups,real,Two-walk-Auto,dense,1,reorder,0.0017577910002728458,0.0017582769999999748,0.0,0.0,
20Newsgroups,real,Two-walk-Auto,dense,1,score,0.002280271000927314,0.0023809919999999707,189.095936,0.0,
20Newsgroups,real,Two-walk-Auto,dense,1,reorder,0.0017761150011210702,0.00177666200000004,0.0,0.0,
20Newsgroups,real,Two-walk-Auto,dense,1,score,0.0022444140013249125,0.002273659999999955,189.231104,0.0,
20Newsgroups,real,Two-walk-Auto,dense,1,reorder,0.001777006000338588,0.0017775939999999935,0.0,0.0,
20Newsgroups,real,Two-walk-Auto,dense,1,score,0.0021486639998329338,0.0021486779999999595,0.0,0.0,
20Newsgroups,real,Two-walk-Auto,dense,1,total,0.024925498000811785,0.025270591000000064,0.0,0.0,
20Newsgroups,real,Two-walk-Auto,matrix_free,-1,load,0.0004013639991171658,0.0003997279999999881,0.0,0.0,
20Newsgroups,real,Two-walk-Auto,matrix_free,-1,reorder,0.010932896999293007,0.011273919999999937,187.564032,0.0,
20Newsgroups,real,Two-walk-Auto,matrix_free,-1,score,0.002139356998668518,0.002139340000000045,0.0,0.0,
20Newsgroups,real,Two-walk-Auto,matrix_free,-1,reorder,0.01072584799840115,0.010826851000000026,188.059648,0.0,
20Newsgroups,real,Two-walk-Auto,matrix_free,-1,score,0.002238151999335969,0.0024200629999999723,0.0,0.0,
20Newsgroups,real,Two-walk-Auto,matrix_free,-1,reorder,0.010957141999824671,0.011162008999999973,188.059648,0.0,
20Newsgroups,real,Two-walk-Auto,matrix_free,-1,score,0.002223204999609152,0.0023007609999999845,188.059648,0.0,
20Newsgroups,real,Two-walk-Auto,matrix_free,-1,reorder,0.012240612002642592,0.012541911000000017,188.059648,0.0,
20Newsgroups,real,Two-walk-Auto,matrix_free,-1,score,0.0021031889991718344,0.002103231999999955,0.0,0.0,
20Newsgroups,real,Two-walk-Auto,matrix_free,-1,reorder,0.011699345999659272,0.011950394999999947,188.059648,0.0,
20Newsgroups,real,Two-walk-Auto,matrix_free,-1,score,0.0022232539995457046,0.0023019440000000557,188.059648,0.0,
20Newsgroups,real,Two-walk-Auto,matrix_free,-1,reorder,0.011773234000429511,0.01205316199999995,188.059648,0.0,
20Newsgroups,real,Two-walk-Auto,matrix_free,-1,score,0.0021099709992995486,0.002110005000000026,0.0,0.0,
20Newsgroups,real,Two-walk-Auto,matrix_free,-1,total,0.08146361899707699,0.08327276099999992,0.0,0.0,
20Newsgroups,real,Two-walk-Auto,matrix_free,0,load,0.0003813259972957894,0.00038160399999997985,0.0,0.0,
20Newsgroups,real,Two-walk-Auto,matrix_free,0,reorder,0.010946632999548456,0.011286230999999924,187.383808,0.0,
20Newsgroups,real,Two-walk-Auto,matrix_free,0,score,0.002174471999751404,0.0021745859999999784,0.0,0.0,
20Newsgroups,real,Two-walk-Auto,matrix_free,0,reorder,0.01069554100104142,0.010852063000000078,187.879424,0.0,
20Newsgroups,real,Two-walk-Auto,matrix_free,0,score,0.0021792910010844935,0.002229378000000004,187.879424,0.0,
20Newsgroups,real,Two-walk-Auto,matrix_free,0,reorder,0.011117082998680416,0.011278036999999963,187.879424,0.0,
20Newsgroups,real,Two-walk-Auto,matrix_free,0,score,0.0021224340016487986,0.0021224990000000554,0.0,0.0,
20Newsgroups,real,Two-walk-Auto,matrix_free,0,reorder,0.011230595999222714,0.011383833999999982,187.879424,0.0,
20Newsgroups,real,Two-walk-Auto,matrix_free,0,score,0.002185403001931263,0.002217334999999987,187.879424,0.0,
20Newsgroups,real,Two-walk-Auto,matrix_free,0,reorder,0.01137209200169309,0.011518058999999914,187.879424,0.0,
20Newsgroups,real,Two-walk-Auto,matrix_free,0,score,0.0021419709992187563,0.0021420650000000263,0.0,0.0,
20Newsgroups,real,Two-walk-Auto,matrix_free,0,reorder,0.010738070999650517,0.010918138999999938,187.879424,0.0,
20Newsgroups,real,Two-walk-Auto,matrix_free,0,score,0.002198517002398148,0.0022575710000000138,187.879424,0.0,
20Newsgroups,real,Two-walk-Auto,matrix_free,0,total,0.07917813799940632,0.08045056899999992,0.0,0.0,
20Newsgroups,real,Two-walk-Auto,matrix_free,1,load,0.0004948289970343467,0.0004954360000000158,0.0,0.0,
20Newsgroups,real,Two-walk-Auto,matrix_free,1,reorder,0.011123485001007793,0.011271902000000056,187.645952,0.0,
20Newsgroups,real,Two-walk-Auto,matrix_free,1,score,0.002151479002350243,0.0021901149999999925,0.0,0.0,
20Newsgroups,real,Two-walk-Auto,matrix_free,1,reorder,0.011067339000874199,0.011254301999999994,188.141568,0.0,
20Newsgroups,real,Two-walk-Auto,matrix_free,1,score,0.002138053998351097,0.002138267999999943,0.0,0.0,
20Newsgroups,real,Two-walk-Auto,matrix_free,1,reorder,0.010811839998495998,0.011042467,188.141568,0.0,
20Newsgroups,real,Two-walk-Auto,matrix_free,1,score,0.0021412399983091746,0.002141444000000048,0.0,0.0,
20Newsgroups,real,Two-walk-Auto,matrix_free,1,reorder,0.011041571000532713,0.011413645999999944,188.141568,0.0,
20Newsgroups,real,Two-walk-Auto,matrix_free,1,score,0.0022282429999904707,0.0023057629999999607,188.141568,0.0,
20Newsgroups,real,Two-walk-Auto,matrix_free,1,reorder,0.011012176000804175,0.011246234999999993,188.141568,0.0,
20Newsgroups,real,Two-walk-Auto,matrix_free,1,score,0.002167418999306392,0.00216771299999996,0.0,0.0,
20Newsgroups,real,Two-walk-Auto,matrix_free,1,reorder,0.01135643199813785,0.011501725000000018,188.141568,0.0,
20Newsgroups,real,Two-walk-Auto,matrix_free,1,score,0.002150796997739235,0.0022102129999999054,188.141568,0.0,
20Newsgroups,real,Two-walk-Auto,matrix_free,1,total,0.07948112699887133,0.08096937100000012,0.0,0.0,
MBTA,real,One-walk,dense,-1,load,0.0002474040011293255,0.00024641100000000193,0.0,0.0,
MBTA,real,One-walk,dense,-1,reorder,0.007029747997876257,0.00708109899999998,0.0,0.0,
MBTA,real,One-walk,dense,-1,total,0.007038464002107503,0.007088403000000021,0.0,0.0,
MBTA,real,One-walk,dense,0,load,0.00023122400307329372,0.0002299299999999338,0.0,0.0,
MBTA,real,One-walk,dense,0,reorder,0.0070295590012392495,0.007135973000000018,188.973056,0.0,
MBTA,real,One-walk,dense,0,total,0.007037172999844188,0.00714264600000003,0.0,0.0,
MBTA,real,One-walk,dense,1,load,0.0002043130007223226,0.00020456299999993544,0.0,0.0,
MBTA,real,One-walk,dense,1,reorder,0.006873163998534437,0.006974050999999926,188.665856,0.0,
MBTA,real,One-walk,dense,1,total,0.006881469998916145,0.006981334000000006,0.0,0.0,
MBTA,real,One-walk,matrix_free,-1,load,0.0001980419983738102,0.0001982910000000171,0.0,0.0,
MBTA,real,One-walk,matrix_free,-1,reorder,0.006737589999829652,0.007085398999999937,187.604992,0.0,
MBTA,real,One-walk,matrix_free,-1,total,0.006749282001692336,0.0070944460000000875,0.0,0.0,
MBTA,real,One-walk,matrix_free,0,load,0.00021516400011023507,0.00021536300000002395,0.0,0.0,
MBTA,real,One-walk,matrix_free,0,reorder,0.006743180001649307,0.007281462000000016,187.768832,0.0,
MBTA,real,One-walk,matrix_free,0,total,0.006751236000127392,0.0072884550000000825,0.0,0.0,
MBTA,real,One-walk,matrix_free,1,load,0.00020910300008836202,0.0002093020000000223,0.0,0.0,
MBTA,real,One-walk,matrix_free,1,reorder,0.006704978997731814,0.007086990000000015,187.650048,0.0,
MBTA,real,One-walk,matrix_free,1,total,0.00671506799699273,0.007095104000000019,0.0,0.0,
MBTA,real,Two-walk,dense,-1,load,0.00028776000181096606,0.0002877580000000268,0.0,0.0,
MBTA,real,Two-walk,dense,-1,reorder,0.005534891999559477,0.005609737999999975,189.079552,0.0,
MBTA,real,Two-walk,dense,-1,total,0.005542767001315951,0.0056167019999999734,0.0,0.0,
MBTA,real,Two-walk,dense,0,load,0.00023305799913941883,0.00023168299999998254,0.0,0.0,
MBTA,real,Two-walk,dense,0,reorder,0.005693699997209478,0.0057752969999999015,188.788736,0.0,
MBTA,real,Two-walk,dense,0,total,0.00570376900213887,0.00578442400000001,0.0,0.0,
MBTA,real,Two-walk,dense,1,load,0.00020142799985478632,0.0002015370000000294,0.0,0.0,
MBTA,real,Two-walk,dense,1,reorder,0.005288117998134112,0.005376120999999956,0.0,0.0,
MBTA,real,Two-walk,dense,1,total,0.005296784998790827,0.005383885000000088,0.0,0.0,
MBTA,real,Two-walk,matrix_free,-1,load,0.00021974300034344196,0.00021991099999996155,0.0,0.0,
MBTA,real,Two-walk,matrix_free,-1,reorder,0.006273087998124538,0.006362245000000044,187.838464,0.0,
MBTA,real,Two-walk,matrix_free,-1,total,0.006285711999225896,0.0063715430000000906,0.0,0.0,
MBTA,real,Two-walk,matrix_free,0,load,0.000231794998398982,0.00023198299999993566,0.0,0.0,
MBTA,real,Two-walk,matrix_free,0,reorder,0.0058572570014803205,0.005928866999999949,187.359232,0.0,
MBTA,real,Two-walk,matrix_free,0,total,0.005866915002116002,0.005936671999999921,0.0,0.0,
MBTA,real,Two-walk,matrix_free,1,load,0.000258976000623079,0.00025913500000007694,0.0,0.0,
MBTA,real,Two-walk,matrix_free,1,reorder,0.005885620001208736,0.005947799999999948,187.940864,0.0,
MBTA,real,Two-walk,matrix_free,1,total,0.005895730002521304,0.005956156999999962,0.0,0.0,
MBTA,real,Two-walk-Auto,dense,-1,load,0.00020194900207570754,0.0002021279999999681,0.0,0.0,
MBTA,real,Two-walk-Auto,dense,-1,reorder,0.0053629890026059,0.0054523760000000365,0.0,0.0,
MBTA,real,Two-walk-Auto,dense,-1,score,0.00048758499906398356,0.0005054749999999775,188.612608,0.0,
MBTA,real,Two-walk-Auto,dense,-1,reorder,0.004972606999217533,0.0050220809999999005,0.0,0.0,
MBTA,real,Two-walk-Auto,dense,-1,score,0.0005227409965300467,0.0006185269999999798,188.772352,0.0,
MBTA,real,Two-walk-Auto,dense,-1,reorder,0.004877718001807807,0.004904170999999957,0.0,0.0,
MBTA,real,Two-walk-Auto,dense,-1,score,0.0004540629997791257,0.00047808399999993423,188.915712,0.0,
MBTA,real,Two-walk-Auto,dense,-1,reorder,0.0048870859973249026,0.004945117999999971,189.059072,0.0,
MBTA,real,Two-walk-Auto,dense,-1,score,0.00042755300091812387,0.0004276699999999911,0.0,0.0,
MBTA,real,Two-walk-Auto,dense,-1,reorder,0.0048105619971465785,0.004859296999999985,0.0,0.0,
MBTA,real,Two-walk-Auto,dense,-1,score,0.0005102479990455322,0.0006271239999999789,189.202432,0.0,
MBTA,real,Two-walk-Auto,dense,-1,reorder,0.004974620002030861,0.0050042279999999995,0.0,0.0,
MBTA,real,Two-walk-Auto,dense,-1,score,0.00045748900083708577,0.00048440700000007553,189.341696,0.0,
MBTA,real,Two-walk-Auto,dense,-1,total,0.032820349999383325,0.033398174,0.0,0.0,
MBTA,real,Two-walk-Auto,dense,0,load,0.00020017600036226213,0.0002002239999999711,0.0,0.0,
MBTA,real,Two-walk-Auto,dense,0,reorder,0.005429073000414064,0.005511486000000065,189.00992,0.0,
MBTA,real,Two-walk-Auto,dense,0,score,0.0004639120015781373,0.00046400800000001574,0.0,0.0,
MBTA,real,Two-walk-Auto,dense,0,reorder,0.004970482001226628,0.005024907000000023,0.0,0.0,
MBTA,real,Two-walk-Auto,dense,0,score,0.0005129130004206672,0.0005491069999999931,189.231104,0.0,
MBTA,real,Two-walk-Auto,dense,0,reorder,0.004901172000245424,0.004926049000000043,189.374464,0.0,
MBTA,real,Two-walk-Auto,dense,0,score,0.000439183997514192,0.0004392519999999456,0.0,0.0,
MBTA,real,Two-walk-Auto,dense,0,reorder,0.004908767001325032,0.004959402999999973,0.0,0.0,
MBTA,real,Two-walk-Auto,dense,0,score,0.00048238599993055686,0.000517980000000029,189.52192,0.0,
MBTA,real,Two-walk-Auto,dense,0,reorder,0.004979848999937531,0.005030567000000041,0.0,0.0,
MBTA,real,Two-walk-Auto,dense,0,score,0.000541517001693137,0.0006775999999999449,189.661184,0.0,
MBTA,real,Two-walk-Auto,dense,0,reorder,0.004873210000368999,0.0048785009999999795,0.0,0.0,
MBTA,real,Two-walk-Auto,dense,0,score,0.0005517460012924857,0.0007183760000000206,189.804544,0.0,
MBTA,real,Two-walk-Auto,dense,0,total,0.03312546400047722,0.033763569999999965,0.0,0.0,
MBTA,real,Two-walk-Auto,dense,1,load,0.00028215999918757007,0.00028325000000006817,0.0,0.0,
MBTA,real,Two-walk-Auto,dense,1,reorder,0.005774983001174405,0.00588222599999999,0.0,0.0,
MBTA,real,Two-walk-Auto,dense,1,score,0.0005262179984129034,0.0005465900000000135,188.882944,0.0,
MBTA,real,Two-walk-Auto,dense,1,reorder,0.005835896998178214,0.005937109999999968,0.0,0.0,
MBTA,real,Two-walk-Auto,dense,1,score,0.0006605599992326461,0.0007140939999999985,189.038592,0.0,
MBTA,real,Two-walk-Auto,dense,1,reorder,0.005165878999832785,0.005242381999999934,0.0,0.0,
MBTA,real,Two-walk-Auto,dense,1,score,0.000532900001417147,0.0005892530000000118,189.181952,0.0,
MBTA,real,Two-walk-Auto,dense,1,reorder,0.00522504999753437,0.0052906709999999135,0.0,0.0,
MBTA,real,Two-walk-Auto,dense,1,score,0.00048758499906398356,0.000509683000000094,189.325312,0.0,
MBTA,real,Two-walk-Auto,dense,1,reorder,0.004922381998767378,0.004980752000000033,0.0,0.0,
MBTA,real,Two-walk-Auto,dense,1,score,0.0005165099973964971,0.0006138380000000332,189.468672,0.0,
MBTA,real,Two-walk-Auto,dense,1,reorder,0.005070800998510094,0.005128208000000023,0.0,0.0,
MBTA,real,Two-walk-Auto,dense,1,score,0.0004936670011375099,0.0005328279999999852,189.612032,0.0,
MBTA,real,Two-walk-Auto,dense,1,total,0.035331235001649475,0.03607117100000001,0.0,0.0,
MBTA,real,Two-walk-Auto,matrix_free,-1,load,0.0002256439984194003,0.00022590199999994454,0.0,0.0,
MBTA,real,Two-walk-Auto,matrix_free,-1,reorder,0.006129417997726705,0.006215209000000055,187.45344,0.0,
MBTA,real,Two-walk-Auto,matrix_free,-1,score,0.0004842490016017109,0.00048434600000002437,0.0,0.0,
MBTA,real,Two-walk-Auto,matrix_free,-1,reorder,0.005722283000068273,0.00581965299999998,187.957248,0.0,
MBTA,real,Two-walk-Auto,matrix_free,-1,score,0.00043938499948126264,0.0004394620000000016,0.0,0.0,
MBTA,real,Two-walk-Auto,matrix_free,-1,reorder,0.00668236599813099,0.006966567999999951,187.957248,0.0,
MBTA,real,Two-walk-Auto,matrix_free,-1,score,0.00043629900028463453,0.00043641599999999503,0.0,0.0,
MBTA,real,Two-walk-Auto,matrix_free,-1,reorder,0.006795477998821298,0.006863632999999925,187.957248,0.0,
MBTA,real,Two-walk-Auto,matrix_free,-1,score,0.00045899200267740525,0.0004590179999999222,0.0,0.0,
MBTA,real,Two-walk-Auto,matrix_free,-1,reorder,0.007271743001183495,0.007357266999999945,187.957248,0.0,
MBTA,real,Two-walk-Auto,matrix_free,-1,score,0.0004391040019982029,0.0004391809999999552,0.0,0.0,
MBTA,real,Two-walk-Auto,matrix_free,-1,reorder,0.007634543999301968,0.007963551999999985,187.957248,0.0,
MBTA,real,Two-walk-Auto,matrix_free,-1,score,0.000430377996963216,0.00043042500000001205,0.0,0.0,
MBTA,real,Two-walk-Auto,matrix_free,-1,total,0.04299546399852261,0.04394014199999996,0.0,0.0,
MBTA,real,Two-walk-Auto,matrix_free,0,load,0.00020827100161113776,0.00020858000000001375,0.0,0.0,
MBTA,real,Two-walk-Auto,matrix_free,0,reorder,0.006053585999325151,0.006164965000000078,187.51488,0.0,
MBTA,real,Two-walk-Auto,matrix_free,0,score,0.000467857997136889,0.00046795499999996437,0.0,0.0,
MBTA,real,Two-walk-Auto,matrix_free,0,reorder,0.005839092998940032,0.005949702000000001,188.039168,0.0,
MBTA,real,Two-walk-Auto,matrix_free,0,score,0.000585067999054445,0.000585665000000013,0.0,0.0,
MBTA,real,Two-walk-Auto,matrix_free,0,reorder,0.006951822000701213,0.007450990999999907,188.039168,0.0,
MBTA,real,Two-walk-Auto,matrix_free,0,score,0.00046862999806762673,0.00046875700000004183,0.0,0.0,
MBTA,real,Two-walk-Auto,matrix_free,0,reorder,0.007003168997471221,0.00732273299999997,188.039168,0.0,
MBTA,real,Two-walk-Auto,matrix_free,0,score,0.0004962220009474549,0.0004964979999999564,0.0,0.0,
MBTA,real,Two-walk-Auto,matrix_free,0,reorder,0.007577897002192913,0.00770661100000003,188.039168,0.0,
MBTA,real,Two-walk-Auto,matrix_free,0,score,0.0004657749996113125,0.0004658209999999219,0.0,0.0,
MBTA,real,Two-walk-Auto,matrix_free,0,reorder,0.007926541999040637,0.008134812999999963,188.039168,0.0,
MBTA,real,Two-walk-Auto,matrix_free,0,score,0.0004677379984059371,0.0004678249999999773,0.0,0.0,
MBTA,real,Two-walk-Auto,matrix_free,0,total,0.04440474099828862,0.045770140999999986,0.0,0.0,
MBTA,real,Two-walk-Auto,matrix_free,1,load,0.00022453199926530942,0.00022465999999998765,0.0,0.0,
MBTA,real,Two-walk-Auto,matrix_free,1,reorder,0.006137783002486685,0.00621482799999995,187.785216,0.0,
MBTA,real,Two-walk-Auto,matrix_free,1,score,0.0005544609994103666,0.0005546570000000139,0.0,0.0,
MBTA,real,Two-walk-Auto,matrix_free,1,reorder,0.005796091998490738,0.0058940410000000165,188.289024,0.0,
MBTA,real,Two-walk-Auto,matrix_free,1,score,0.00044873200022266246,0.0004488400000000059,0.0,0.0,
MBTA,real,Two-walk-Auto,matrix_free,1,reorder,0.00659483200070099,0.006989166999999963,188.289024,0.0,
MBTA,real,Two-walk-Auto,matrix_free,1,score,0.00043507599912118167,0.00043515400000004867,0.0,0.0,
MBTA,real,Two-walk-Auto,matrix_free,1,reorder,0.006943968000996392,0.007340977000000026,188.289024,0.0,
MBTA,real,Two-walk-Auto,matrix_free,1,score,0.0004875960003118962,0.0004877409999999305,0.0,0.0,
MBTA,real,Two-walk-Auto,matrix_free,1,reorder,0.0076432999994722195,0.007830334999999966,188.289024,0.0,
MBTA,real,Two-walk-Auto,matrix_free,1,score,0.00047008299952722155,0.0004700989999999461,0.0,0.0,
MBTA,real,Two-walk-Auto,matrix_free,1,reorder,0.008424366998951882,0.008992027999999985,188.289024,0.0,
MBTA,real,Two-walk-Auto,matrix_free,1,score,0.000581552001676755,0.0007001229999999969,188.289024,0.0,
MBTA,real,Two-walk-Auto,matrix_free,1,total,0.04460974500034354,0.046440924999999966,0.0,0.0,
OpenAlex,real,One-walk,dense,-1,load,0.00018931500017060898,0.00018989499999999548,0.0,0.0,
OpenAlex,real,One-walk,dense,-1,reorder,0.0022599830008402932,0.002260465999999961,0.0,0.0,
OpenAlex,real,One-walk,dense,-1,total,0.002268680000270251,0.002268100999999967,0.0,0.0,
OpenAlex,real,One-walk,dense,0,load,0.00017975699665839784,0.0001799460000000419,0.0,0.0,
OpenAlex,real,One-walk,dense,0,reorder,0.0021628510003210977,0.0021636459999999635,0.0,0.0,
OpenAlex,real,One-walk,dense,0,total,0.0021710159999202006,0.0021706679999999867,0.0,0.0,
OpenAlex,real,One-walk,dense,1,load,0.0001646189994062297,0.0001649180000000694,0.0,0.0,
OpenAlex,real,One-walk,dense,1,reorder,0.0021370120011852123,0.002138167999999996,0.0,0.0,
OpenAlex,real,One-walk,dense,1,total,0.0021464599994942546,0.0021455110000000444,0.0,0.0,
OpenAlex,real,One-walk,matrix_free,-1,load,0.00018414599981042556,0.00018432400000001348,0.0,0.0,
OpenAlex,real,One-walk,matrix_free,-1,reorder,0.004219551999995019,0.004352132000000064,0.0,0.0,
OpenAlex,real,One-walk,matrix_free,-1,total,0.004227646997605916,0.004359145000000009,0.0,0.0,
OpenAlex,real,One-walk,matrix_free,0,load,0.00018051900042337365,0.00018048800000003418,0.0,0.0,
OpenAlex,real,One-walk,matrix_free,0,reorder,0.0045259180005814414,0.004671251999999959,0.0,0.0,
OpenAlex,real,One-walk,matrix_free,0,total,0.004536797998298425,0.004679547999999922,0.0,0.0,
OpenAlex,real,One-walk,matrix_free,1,load,0.00016428799790446647,0.00016457800000002631,0.0,0.0,
OpenAlex,real,One-walk,matrix_free,1,reorder,0.004618702001607744,0.004772358999999948,0.0,0.0,
OpenAlex,real,One-walk,matrix_free,1,total,0.004628991999197751,0.004780164000000031,0.0,0.0,
OpenAlex,real,Two-walk,dense,-1,load,0.00017038999794749543,0.00017057899999994852,0.0,0.0,
OpenAlex,real,Two-walk,dense,-1,reorder,0.002206072000262793,0.002206645999999979,0.0,0.0,
OpenAlex,real,Two-walk,dense,-1,total,0.002215800999692874,0.00221507200000004,0.0,0.0,
OpenAlex,real,Two-walk,dense,0,load,0.00016482999853906222,0.00016505899999996743,0.0,0.0,
OpenAlex,real,Two-walk,dense,0,reorder,0.0022539609999512322,0.002254966999999941,0.0,0.0,
OpenAlex,real,Two-walk,dense,0,total,0.0022640200004389044,0.0022632219999999537,0.0,0.0,
OpenAlex,real,Two-walk,dense,1,load,0.00017922600090969354,0.00017953599999998016,0.0,0.0,
OpenAlex,real,Two-walk,dense,1,reorder,0.00232046699966304,0.002321099999999965,0.0,0.0,
OpenAlex,real,Two-walk,dense,1,total,0.002329423998162383,0.0023288339999999463,0.0,0.0,
OpenAlex,real,Two-walk,matrix_free,-1,load,0.00021909099814365618,0.00021983100000000366,0.0,0.0,
OpenAlex,real,Two-walk,matrix_free,-1,reorder,0.005025866001233226,0.0051944540000000705,188.153856,0.0,
OpenAlex,real,Two-walk,matrix_free,-1,total,0.005035875001340173,0.005202590000000007,0.0,0.0,
OpenAlex,real,Two-walk,matrix_free,0,load,0.00015883900050539523,0.0001593779999999878,0.0,0.0,
OpenAlex,real,Two-walk,matrix_free,0,reorder,0.005309317999490304,0.005524740000000028,0.0,0.0,
OpenAlex,real,Two-walk,matrix_free,0,total,0.005319677999068517,0.005533537000000033,0.0,0.0,
OpenAlex,real,Two-walk,matrix_free,1,load,0.0002704479993553832,0.0002705359999999324,0.0,0.0,
OpenAlex,real,Two-walk,matrix_free,1,reorder,0.005531525999685982,0.005736037999999999,187.604992,0.0,
OpenAlex,real,Two-walk,matrix_free,1,total,0.0055423060002794955,0.005745234999999904,0.0,0.0,
OpenAlex,real,Two-walk-Auto,dense,-1,load,0.00018461700165062211,0.00018358299999998717,0.0,0.0,
OpenAlex,real,Two-walk-Auto,dense,-1,reorder,0.00219167499744799,0.002192379000000022,0.0,0.0,
OpenAlex,real,Two-walk-Auto,dense,-1,score,0.0020635839973692782,0.002076472999999912,0.0,0.0,
OpenAlex,real,Two-walk-Auto,dense,-1,reorder,0.002064044998405734,0.002281305999999983,0.0,0.0,
OpenAlex,real,Two-walk-Auto,dense,-1,score,0.00206026899832068,0.002063488000000002,0.0,0.0,
OpenAlex,real,Two-walk-Auto,dense,-1,reorder,0.0019220289977965876,0.002099546000000063,0.0,0.0,
OpenAlex,real,Two-walk-Auto,dense,-1,score,0.0020620710020011757,0.0020657920000000107,0.0,0.0,
OpenAlex,real,Two-walk-Auto,dense,-1,reorder,0.0018815330004144926,0.001963598000000011,188.39552,0.0,
OpenAlex,real,Two-walk-Auto,dense,-1,score,0.0020503699997789226,0.0020504230000000234,0.0,0.0,
OpenAlex,real,Two-walk-Auto,dense,-1,reorder,0.001815828996768687,0.001816517000000073,0.0,0.0,
OpenAlex,real,Two-walk-Auto,dense,-1,score,0.002062221999949543,0.002068356999999965,0.0,0.0,
OpenAlex,real,Two-walk-Auto,dense,-1,reorder,0.0019059289988945238,0.002090134999999993,0.0,0.0,
OpenAlex,real,Two-walk-Auto,dense,-1,score,0.0020672709979407955,0.002071323000000014,0.0,0.0,
OpenAlex,real,Two-walk-Auto,dense,-1,total,0.024216908001108095,0.024904539000000003,0.0,0.0,
OpenAlex,real,Two-walk-Auto,dense,0,load,0.0001601999974809587,0.00016027900000004092,0.0,0.0,
OpenAlex,real,Two-walk-Auto,dense,0,reorder,0.0021658670011674985,0.0021664409999999634,0.0,0.0,
OpenAlex,real,Two-walk-Auto,dense,0,score,0.002099843000905821,0.0021078420000000264,0.0,0.0,
OpenAlex,real,Two-walk-Auto,dense,0,reorder,0.002213015002780594,0.002462986000000056,0.0,0.0,
OpenAlex,real,Two-walk-Auto,dense,0,score,0.0020461519998207223,0.002049201000000056,0.0,0.0,
OpenAlex,real,Two-walk-Auto,dense,0,reorder,0.0018549630003690254,0.002021436000000043,0.0,0.0,
OpenAlex,real,Two-walk-Auto,dense,0,score,0.002057451998553006,0.002060492000000025,0.0,0.0,
OpenAlex,real,Two-walk-Auto,dense,0,reorder,0.0018184340005973354,0.001983409000000047,0.0,0.0,
OpenAlex,real,Two-walk-Auto,dense,0,score,0.0020579240008373745,0.002061764999999993,0.0,0.0,
OpenAlex,real,Two-walk-Auto,dense,0,reorder,0.0018301759992027655,0.002018080000000033,0.0,0.0,
OpenAlex,real,Two-walk-Auto,dense,0,score,0.002064765998511575,0.0020686780000001015,0.0,0.0,
OpenAlex,real,Two-walk-Auto,dense,0,reorder,0.0020329969993326813,0.0022289309999999896,0.0,0.0,
OpenAlex,real,Two-walk-Auto,dense,0,score,0.002093781000439776,0.002096859999999978,0.0,0.0,
OpenAlex,real,Two-walk-Auto,dense,0,total,0.02440126400324516,0.025387995999999968,0.0,0.0,
OpenAlex,real,Two-walk-Auto,dense,1,load,0.00018785200154525228,0.00018817100000001474,0.0,0.0,
OpenAlex,real,Two-walk-Auto,dense,1,reorder,0.0023868019998189993,0.002387354000000008,0.0,0.0,
OpenAlex,real,Two-walk-Auto,dense,1,score,0.0021081070008222014,0.002115446000000021,0.0,0.0,
OpenAlex,real,Two-walk-Auto,dense,1,reorder,0.002265905000967905,0.0024031749999999796,188.12928,0.0,
OpenAlex,real,Two-walk-Auto,dense,1,score,0.00209915100276703,0.002099184999999948,0.0,0.0,
OpenAlex,real,Two-walk-Auto,dense,1,reorder,0.0018507749991840683,0.0018514110000000805,0.0,0.0,
OpenAlex,real,Two-walk-Auto,dense,1,score,0.0020807269975193776,0.002089928000000074,0.0,0.0,
OpenAlex,real,Two-walk-Auto,dense,1,reorder,0.0018754709999484476,0.0020514369999999893,0.0,0.0,
OpenAlex,real,Two-walk-Auto,dense,1,score,0.002066519999061711,0.0020698000000000105,0.0,0.0,
OpenAlex,real,Two-walk-Auto,dense,1,reorder,0.002050479997706134,0.002231419999999984,0.0,0.0,
OpenAlex,real,Two-walk-Auto,dense,1,score,0.0020780709965038113,0.0020812500000000345,0.0,0.0,
OpenAlex,real,Two-walk-Auto,dense,1,reorder,0.0018960900015372317,0.001996701999999906,188.141568,0.0,
OpenAlex,real,Two-walk-Auto,dense,1,score,0.0020642150011553895,0.0020643200000000084,0.0,0.0,
OpenAlex,real,Two-walk-Auto,dense,1,total,0.02489663400046993,0.025509914999999994,0.0,0.0,
OpenAlex,real,Two-walk-Auto,matrix_free,-1,load,0.00017459800073993392,0.00017374500000000292,0.0,0.0,
OpenAlex,real,Two-walk-Auto,matrix_free,-1,reorder,0.0048320620007871184,0.00499049099999993,0.0,0.0,
OpenAlex,real,Two-walk-Auto,matrix_free,-1,score,0.0021230760030448437,0.00212720700000002,0.0,0.0,
OpenAlex,real,Two-walk-Auto,matrix_free,-1,reorder,0.004520137001236435,0.0046163799999999755,188.55936,0.0,
OpenAlex,real,Two-walk-Auto,matrix_free,-1,score,0.0020777509998879395,0.0020778150000000384,0.0,0.0,
OpenAlex,real,Two-walk-Auto,matrix_free,-1,reorder,0.004367559999082005,0.004541209999999962,0.0,0.0,
OpenAlex,real,Two-walk-Auto,matrix_free,-1,score,0.0020808670014957897,0.002085219000000027,0.0,0.0,
OpenAlex,real,Two-walk-Auto,matrix_free,-1,reorder,0.004569889999402221,0.004759527000000041,188.575744,0.0,
OpenAlex,real,Two-walk-Auto,matrix_free,-1,score,0.0020576640017679892,0.0020580379999999288,0.0,0.0,
OpenAlex,real,Two-walk-Auto,matrix_free,-1,reorder,0.004537609001999954,0.00465114600000005,188.57984,0.0,
OpenAlex,real,Two-walk-Auto,matrix_free,-1,score,0.0020598369992512744,0.002059941000000065,0.0,0.0,
OpenAlex,real,Two-walk-Auto,matrix_free,-1,reorder,0.004571893998218002,0.004745791000000055,0.0,0.0,
OpenAlex,real,Two-walk-Auto,matrix_free,-1,score,0.002070336999167921,0.002074217999999961,0.0,0.0,
OpenAlex,real,Two-walk-Auto,matrix_free,-1,total,0.039948683999682544,0.04086111300000006,0.0,0.0,
OpenAlex,real,Two-walk-Auto,matrix_free,0,load,0.00015983000048436224,0.00016059099999998772,0.0,0.0,
OpenAlex,real,Two-walk-Auto,matrix_free,0,reorder,0.005009855998650892,0.005199310999999929,0.0,0.0,
OpenAlex,real,Two-walk-Auto,matrix_free,0,score,0.0021177960006752983,0.00212213799999994,0.0,0.0,
OpenAlex,real,Two-walk-Auto,matrix_free,0,reorder,0.004786286001035478,0.004891274000000001,188.035072,0.0,
OpenAlex,real,Two-walk-Auto,matrix_free,0,score,0.002084324001771165,0.002094576999999931,0.0,0.0,
OpenAlex,real,Two-walk-Auto,matrix_free,0,reorder,0.004568737997033168,0.004844648999999923,188.227584,0.0,
OpenAlex,real,Two-walk-Auto,matrix_free,0,score,0.002127874999132473,0.002128089000000055,0.0,0.0,
OpenAlex,real,Two-walk-Auto,matrix_free,0,reorder,0.004550514000584371,0.004709022000000007,0.0,0.0,
OpenAlex,real,Two-walk-Auto,matrix_free,0,score,0.002121743997122394,0.002125664999999999,0.0,0.0,
OpenAlex,real,Two-walk-Auto,matrix_free,0,reorder,0.004427511998073896,0.004663166999999913,0.0,0.0,
OpenAlex,real,Two-walk-Auto,matrix_free,0,score,0.002118988999427529,0.0021228400000000702,0.0,0.0,
OpenAlex,real,Two-walk-Auto,matrix_free,0,reorder,0.004413344999193214,0.0045095420000000885,188.235776,0.0,
OpenAlex,real,Two-walk-Auto,matrix_free,0,score,0.0021447260005516,0.002144939999999984,0.0,0.0,
OpenAlex,real,Two-walk-Auto,matrix_free,0,total,0.04055040399907739,0.04162712800000001,0.0,0.0,
OpenAlex,real,Two-walk-Auto,matrix_free,1,load,0.00016928799959714524,0.00016942699999999977,0.0,0.0,
OpenAlex,real,Two-walk-Auto,matrix_free,1,reorder,0.005267099000775488,0.005432809000000094,187.994112,0.0,
OpenAlex,real,Two-walk-Auto,matrix_free,1,score,0.0021238170011201873,0.002124082000000027,0.0,0.0,
OpenAlex,real,Two-walk-Auto,matrix_free,1,reorder,0.004889380001259269,0.005098142999999999,0.0,0.0,
OpenAlex,real,Two-walk-Auto,matrix_free,1,score,0.00212734399974579,0.002131525000000023,0.0,0.0,
OpenAlex,real,Two-walk-Auto,matrix_free,1,reorder,0.004548539000097662,0.004806165000000084,0.0,0.0,
OpenAlex,real,Two-walk-Auto,matrix_free,1,score,0.0021335059973353054,0.002137576999999946,0.0,0.0,
OpenAlex,real,Two-walk-Auto,matrix_free,1,reorder,0.0045858999983465765,0.004764509000000028,188.420096,0.0,
OpenAlex,real,Two-walk-Auto,matrix_free,1,score,0.0020814179988519754,0.0020816620000000396,0.0,0.0,
OpenAlex,real,Two-walk-Auto,matrix_free,1,reorder,0.004685145999246743,0.004923737000000039,0.0,0.0,
OpenAlex,real,Two-walk-Auto,matrix_free,1,score,0.002074915999401128,0.002084526999999947,0.0,0.0,
OpenAlex,real,Two-walk-Auto,matrix_free,1,reorder,0.004509055997914402,0.00464656699999999,188.428288,0.0,
OpenAlex,real,Two-walk-Auto,matrix_free,1,score,0.002088029999868013,0.0020884250000000604,0.0,0.0,
OpenAlex,real,Two-walk-Auto,matrix_free,1,total,0.04120666699964204,0.04240171199999998,0.0,0.0,
clean_block/small/s0,synthetic,One-walk,dense,-1,load,0.0020281770011933986,0.0020276710000000087,0.0,0.0,
clean_block/small/s0,synthetic,One-walk,dense,-1,reorder,0.004644830001780065,0.0047838439999999816,189.710336,0.0,
clean_block/small/s0,synthetic,One-walk,dense,-1,total,0.004654038002627203,0.004791908999999928,0.0,0.0,
clean_block/small/s0,synthetic,One-walk,dense,0,load,0.0023388910012727138,0.0023393340000000817,0.0,0.0,
clean_block/small/s0,synthetic,One-walk,dense,0,reorder,0.004798608999408316,0.004877440999999982,188.19072,0.0,
clean_block/small/s0,synthetic,One-walk,dense,0,total,0.004808989000594011,0.0048860560000000275,0.0,0.0,
clean_block/small/s0,synthetic,One-walk,dense,1,load,0.0021099810001032893,0.0021112979999999837,0.0,0.0,
clean_block/small/s0,synthetic,One-walk,dense,1,reorder,0.004719521002698457,0.00480705799999992,187.703296,0.0,
clean_block/small/s0,synthetic,One-walk,dense,1,total,0.004729119002149673,0.00481540299999994,0.0,0.0,
clean_block/small/s0,synthetic,One-walk,matrix_free,-1,load,0.002278608000779059,0.0022795120000000946,0.0,0.0,
clean_block/small/s0,synthetic,One-walk,matrix_free,-1,reorder,0.011891176000062842,0.011686650999999992,187.613184,0.0,
clean_block/small/s0,synthetic,One-walk,matrix_free,-1,total,0.011904691000381717,0.01169751100000005,0.0,0.0,
clean_block/small/s0,synthetic,One-walk,matrix_free,0,load,0.0024962659990706015,0.002496186999999983,0.0,0.0,
clean_block/small/s0,synthetic,One-walk,matrix_free,0,reorder,0.01056945500022266,0.010743418000000005,187.568128,0.0,
clean_block/small/s0,synthetic,One-walk,matrix_free,0,total,0.010588299999653827,0.010756341999999974,0.0,0.0,
clean_block/small/s0,synthetic,One-walk,matrix_free,1,load,0.0022234749994822778,0.002224168999999998,0.0,0.0,
clean_block/small/s0,synthetic,One-walk,matrix_free,1,reorder,0.01015429499966558,0.010261697999999986,187.899904,0.0,
clean_block/small/s0,synthetic,One-walk,matrix_free,1,total,0.010164674000407103,0.010270082999999985,0.0,0.0,
clean_block/small/s0,synthetic,Two-walk,dense,-1,load,0.0020732529992528725,0.0020735969999999826,0.0,0.0,
clean_block/small/s0,synthetic,Two-walk,dense,-1,reorder,0.00471915000161971,0.004814352000000022,0.0,0.0,
clean_block/small/s0,synthetic,Two-walk,dense,-1,total,0.004728326999611454,0.0048224759999999645,0.0,0.0,
clean_block/small/s0,synthetic,Two-walk,dense,0,load,0.0022992060003161896,0.002299840000000053,0.0,0.0,
clean_block/small/s0,synthetic,Two-walk,dense,0,reorder,0.004616848000296159,0.004692103000000003,187.543552,0.0,
clean_block/small/s0,synthetic,Two-walk,dense,0,total,0.004629531998944003,0.0047027330000000145,0.0,0.0,
clean_block/small/s0,synthetic,Two-walk,dense,1,load,0.0020573129986587446,0.0020575569999999876,0.0,0.0,
clean_block/small/s0,synthetic,Two-walk,dense,1,reorder,0.004491582996706711,0.004591112000000064,189.878272,0.0,
clean_block/small/s0,synthetic,Two-walk,dense,1,total,0.0044996479991823435,0.0045982259999999275,0.0,0.0,
clean_block/small/s0,synthetic,Two-walk,matrix_free,-1,load,0.0022718260006513447,0.0022724090000000308,0.0,0.0,
clean_block/small/s0,synthetic,Two-walk,matrix_free,-1,reorder,0.010461722002219176,0.010673654999999949,187.805696,0.0,
clean_block/small/s0,synthetic,Two-walk,matrix_free,-1,total,0.010470990000612801,0.010681769999999924,0.0,0.0,
clean_block/small/s0,synthetic,Two-walk,matrix_free,0,load,0.0020758179998665582,0.0020764020000000327,0.0,0.0,
clean_block/small/s0,synthetic,Two-walk,matrix_free,0,reorder,0.010847155997907976,0.011049496000000048,187.609088,0.0,
clean_block/small/s0,synthetic,Two-walk,matrix_free,0,total,0.010859187997994013,0.011058963999999949,0.0,0.0,
clean_block/small/s0,synthetic,Two-walk,matrix_free,1,load,0.0022608050021517556,0.002261247999999938,0.0,0.0,
clean_block/small/s0,synthetic,Two-walk,matrix_free,1,reorder,0.01073688899850822,0.010882166999999998,187.613184,0.0,
clean_block/small/s0,synthetic,Two-walk,matrix_free,1,total,0.010747328997240402,0.010891034000000022,0.0,0.0,
clean_block/small/s0,synthetic,Two-walk-Auto,dense,-1,load,0.002269180000439519,0.0022703149999999672,0.0,0.0,
clean_block/small/s0,synthetic,Two-walk-Auto,dense,-1,reorder,0.004928312999254558,0.00500333399999997,187.949056,0.0,
clean_block/small/s0,synthetic,Two-walk-Auto,dense,-1,score,0.00349430099959136,0.003647021000000028,189.960192,0.0,
clean_block/small/s0,synthetic,Two-walk-Auto,dense,-1,reorder,0.003579700998670887,0.0035803840000000475,0.0,0.0,
clean_block/small/s0,synthetic,Two-walk-Auto,dense,-1,score,0.003478520997305168,0.003557253999999954,190.042112,0.0,
clean_block/small/s0,synthetic,Two-walk-Auto,dense,-1,reorder,0.0037434080004459247,0.0037898069999999784,0.0,0.0,
clean_block/small/s0,synthetic,Two-walk-Auto,dense,-1,score,0.003472980999504216,0.003538735000000015,190.308352,0.0,
clean_block/small/s0,synthetic,Two-walk-Auto,dense,-1,reorder,0.00358274700192851,0.003629808999999984,0.0,0.0,
clean_block/small/s0,synthetic,Two-walk-Auto,dense,-1,score,0.0034273950004717335,0.0034584759999999326,190.578688,0.0,
clean_block/small/s0,synthetic,Two-walk-Auto,dense,-1,reorder,0.003460206000454491,0.0034986129999999838,0.0,0.0,
clean_block/small/s0,synthetic,Two-walk-Auto,dense,-1,score,0.003460357002040837,0.003504021000000024,190.844928,0.0,
clean_block/small/s0,synthetic,Two-walk-Auto,dense,-1,reorder,0.003535858002578607,0.003578059000000078,0.0,0.0,
clean_block/small/s0,synthetic,Two-walk-Auto,dense,-1,score,0.003445378999458626,0.003493883999999947,191.111168,0.0,
clean_block/small/s0,synthetic,Two-walk-Auto,dense,-1,total,0.043678388003172586,0.04434359700000001,0.0,0.0,
clean_block/small/s0,synthetic,Two-walk-Auto,dense,0,load,0.0020106049996684305,0.0020116020000000567,0.0,0.0,
clean_block/small/s0,synthetic,Two-walk-Auto,dense,0,reorder,0.0051931109992438,0.005270374000000078,188.3136,0.0,
clean_block/small/s0,synthetic,Two-walk-Auto,dense,0,score,0.0035057120003330056,0.003592798000000008,190.070784,0.0,
clean_block/small/s0,synthetic,Two-walk-Auto,dense,0,reorder,0.0038282170025922824,0.0038338980000000022,0.0,0.0,
clean_block/small/s0,synthetic,Two-walk-Auto,dense,0,score,0.003471988999081077,0.0034913279999999602,190.152704,0.0,
clean_block/small/s0,synthetic,Two-walk-Auto,dense,0,reorder,0.0037766610003018286,0.003833417000000061,0.0,0.0,
clean_block/small/s0,synthetic,Two-walk-Auto,dense,0,score,0.0034138199989683926,0.0034261369999999403,190.418944,0.0,
clean_block/small/s0,synthetic,Two-walk-Auto,dense,0,reorder,0.003832315000181552,0.003845399999999999,0.0,0.0,
clean_block/small/s0,synthetic,Two-walk-Auto,dense,0,score,0.0034393280002404936,0.0034568839999999934,190.68928,0.0,
clean_block/small/s0,synthetic,Two-walk-Auto,dense,0,reorder,0.0041746970018721186,0.004262420999999961,0.0,0.0,
clean_block/small/s0,synthetic,Two-walk-Auto,dense,0,score,0.0035103699992760085,0.003555233999999907,190.95552,0.0,
clean_block/small/s0,synthetic,Two-walk-Auto,dense,0,reorder,0.004048340997542255,0.004107899999999942,0.0,0.0,
clean_block/small/s0,synthetic,Two-walk-Auto,dense,0,score,0.0034783009978127666,0.003502369000000005,191.22176,0.0,
clean_block/small/s0,synthetic,Two-walk-Auto,dense,0,total,0.04576923199783778,0.04626581699999999,0.0,0.0,
clean_block/small/s0,synthetic,Two-walk-Auto,dense,1,load,0.002266254999994999,0.0022670590000000157,0.0,0.0,
clean_block/small/s0,synthetic,Two-walk-Auto,dense,1,reorder,0.004944743999658385,0.005087552999999967,188.530688,0.0,
clean_block/small/s0,synthetic,Two-walk-Auto,dense,1,score,0.00362961499922676,0.0036944070000000107,190.038016,0.0,
clean_block/small/s0,synthetic,Two-walk-Auto,dense,1,reorder,0.0040644609980518,0.004122565999999939,0.0,0.0,
clean_block/small/s0,synthetic,Two-walk-Auto,dense,1,score,0.003564443002687767,0.003588519999999984,190.11584,0.0,
clean_block/small/s0,synthetic,Two-walk-Auto,dense,1,reorder,0.004306154001824325,0.004444860999999967,190.386176,0.0,
clean_block/small/s0,synthetic,Two-walk-Auto,dense,1,score,0.0034925979998661205,0.003492790999999995,0.0,0.0,
clean_block/small/s0,synthetic,Two-walk-Auto,dense,1,reorder,0.004004597998573445,0.004073748000000044,0.0,0.0,
clean_block/small/s0,synthetic,Two-walk-Auto,dense,1,score,0.0035724480003409553,0.0035974369999999256,190.652416,0.0,
clean_block/small/s0,synthetic,Two-walk-Auto,dense,1,reorder,0.0042227889971400145,0.004310209999999981,0.0,0.0,
clean_block/small/s0,synthetic,Two-walk-Auto,dense,1,score,0.0035302980031701736,0.0035384659999999624,190.922752,0.0,
clean_block/small/s0,synthetic,Two-walk-Auto,dense,1,reorder,0.003796899000008125,0.003879716000000033,0.0,0.0,
clean_block/small/s0,synthetic,Two-walk-Auto,dense,1,score,0.0035573490022215992,0.003574662999999978,191.188992,0.0,
clean_block/small/s0,synthetic,Two-walk-Auto,dense,1,total,0.046796481001365464,0.04750515299999991,0.0,0.0,
clean_block/small/s0,synthetic,Two-walk-Auto,matrix_free,-1,load,0.0023746680017211474,0.002374320000000041,0.0,0.0,
clean_block/small/s0,synthetic,Two-walk-Auto,matrix_free,-1,reorder,0.010738521999883233,0.010877228000000017,187.71968,0.0,
clean_block/small/s0,synthetic,Two-walk-Auto,matrix_free,-1,score,0.0035984559981443454,0.0037356349999999594,188.194816,0.0,
clean_block/small/s0,synthetic,Two-walk-Auto,matrix_free,-1,reorder,0.0119420609989902,0.012122298999999948,188.194816,0.0,
clean_block/small/s0,synthetic,Two-walk-Auto,matrix_free,-1,score,0.003536388998327311,0.003564635000000038,188.194816,0.0,
clean_block/small/s0,synthetic,Two-walk-Auto,matrix_free,-1,reorder,0.011273296000581468,0.011523705999999967,188.194816,0.0,
clean_block/small/s0,synthetic,Two-walk-Auto,matrix_free,-1,score,0.003629804999945918,0.0036397360000000045,0.0,0.0,
clean_block/small/s0,synthetic,Two-walk-Auto,matrix_free,-1,reorder,0.012724760999844875,0.01299182199999993,188.194816,0.0,
clean_block/small/s0,synthetic,Two-walk-Auto,matrix_free,-1,score,0.003503798998281127,0.003529388999999994,0.0,0.0,
clean_block/small/s0,synthetic,Two-walk-Auto,matrix_free,-1,reorder,0.011780436998378718,0.012043848999999995,188.194816,0.0,
clean_block/small/s0,synthetic,Two-walk-Auto,matrix_free,-1,score,0.0034889399976236746,0.003489044000000052,0.0,0.0,
clean_block/small/s0,synthetic,Two-walk-Auto,matrix_free,-1,reorder,0.012165250998805277,0.012562030999999863,188.198912,0.0,
clean_block/small/s0,synthetic,Two-walk-Auto,matrix_free,-1,score,0.003478059999906691,0.0034781440000000163,0.0,0.0,
clean_block/small/s0,synthetic,Two-walk-Auto,matrix_free,-1,total,0.09197610599949257,0.0936636420000001,0.0,0.0,
clean_block/small/s0,synthetic,Two-walk-Auto,matrix_free,0,load,0.002011806001974037,0.0020123129999999323,0.0,0.0,
clean_block/small/s0,synthetic,Two-walk-Auto,matrix_free,0,reorder,0.010949247000098694,0.011136823000000073,187.707392,0.0,
clean_block/small/s0,synthetic,Two-walk-Auto,matrix_free,0,score,0.0036045380002178717,0.003731409000000019,188.182528,0.0,
clean_block/small/s0,synthetic,Two-walk-Auto,matrix_free,0,reorder,0.012534833997051464,0.012643608999999945,188.182528,0.0,
clean_block/small/s0,synthetic,Two-walk-Auto,matrix_free,0,score,0.003565745002561016,0.0036739230000000234,188.182528,0.0,
clean_block/small/s0,synthetic,Two-walk-Auto,matrix_free,0,reorder,0.011707642002875218,0.011948222000000008,188.182528,0.0,
clean_block/small/s0,synthetic,Two-walk-Auto,matrix_free,0,score,0.003458944000158226,0.0034589970000000747,0.0,0.0,
clean_block/small/s0,synthetic,Two-walk-Auto,matrix_free,0,reorder,0.013018101002671756,0.013311740000000016,188.182528,0.0,
clean_block/small/s0,synthetic,Two-walk-Auto,matrix_free,0,score,0.0034797939988493454,0.0034799070000000043,0.0,0.0,
clean_block/small/s0,synthetic,Two-walk-Auto,matrix_free,0,reorder,0.012517743001808412,0.012693706000000082,188.182528,0.0,
clean_block/small/s0,synthetic,Two-walk-Auto,matrix_free,0,score,0.0035279840012663044,0.0035591249999999963,0.0,0.0,
clean_block/small/s0,synthetic,Two-walk-Auto,matrix_free,0,reorder,0.012552688000141643,0.012723409000000019,188.182528,0.0,
clean_block/small/s0,synthetic,Two-walk-Auto,matrix_free,0,score,0.003518776000419166,0.0035504980000000685,0.0,0.0,
clean_block/small/s0,synthetic,Two-walk-Auto,matrix_free,0,total,0.0945367249987612,0.09600452100000001,0.0,0.0,
clean_block/small/s0,synthetic,Two-walk-Auto,matrix_free,1,load,0.0022405170020647347,0.0022410909999999173,0.0,0.0,
clean_block/small/s0,synthetic,Two-walk-Auto,matrix_free,1,reorder,0.010473914997419342,0.010660204000000006,187.568128,0.0,
clean_block/small/s0,synthetic,Two-walk-Auto,matrix_free,1,score,0.0035691709999809973,0.0036685509999999644,188.043264,0.0,
clean_block/small/s0,synthetic,Two-walk-Auto,matrix_free,1,reorder,0.012227857998368563,0.012334073000000001,188.043264,0.0,
clean_block/small/s0,synthetic,Two-walk-Auto,matrix_free,1,score,0.0035043390016653575,0.0035896519999999432,188.043264,0.0,
clean_block/small/s0,synthetic,Two-walk-Auto,matrix_free,1,reorder,0.010904463000770193,0.011107206000000036,188.043264,0.0,
clean_block/small/s0,synthetic,Two-walk-Auto,matrix_free,1,score,0.0034889300004579127,0.003489163999999989,0.0,0.0,
clean_block/small/s0,synthetic,Two-walk-Auto,matrix_free,1,reorder,0.012337012998614227,0.012595498000000038,188.043264,0.0,
clean_block/small/s0,synthetic,Two-walk-Auto,matrix_free,1,score,0.0034339169978920836,0.003434170999999986,0.0,0.0,
clean_block/small/s0,synthetic,Two-walk-Auto,matrix_free,1,reorder,0.01162344299882534,0.011789900999999992,188.043264,0.0,
clean_block/small/s0,synthetic,Two-walk-Auto,matrix_free,1,score,0.0034715380024863407,0.00354348399999993,188.043264,0.0,
clean_block/small/s0,synthetic,Two-walk-Auto,matrix_free,1,reorder,0.011893539998709457,0.01211406100000001,188.043264,0.0,
clean_block/small/s0,synthetic,Two-walk-Auto,matrix_free,1,score,0.003575202001229627,0.003681265999999961,188.043264,0.0,
clean_block/small/s0,synthetic,Two-walk-Auto,matrix_free,1,total,0.09057422499972745,0.09207284400000004,0.0,0.0,
clean_block/small/s1,synthetic,One-walk,dense,-1,load,0.0023312769990297966,0.002330507000000037,0.0,0.0,
clean_block/small/s1,synthetic,One-walk,dense,-1,reorder,0.005045202000474092,0.005147325000000036,187.420672,0.0,
clean_block/small/s1,synthetic,One-walk,dense,-1,total,0.005056141999375541,0.00515659199999996,0.0,0.0,
clean_block/small/s1,synthetic,One-walk,dense,0,load,0.0022657339977740776,0.0022666080000000033,0.0,0.0,
clean_block/small/s1,synthetic,One-walk,dense,0,reorder,0.004895672002021456,0.004970083000000014,187.850752,0.0,
clean_block/small/s1,synthetic,One-walk,dense,0,total,0.0049050400011765305,0.004978107999999981,0.0,0.0,
clean_block/small/s1,synthetic,One-walk,dense,1,load,0.0025709170004120097,0.00257065600000006,0.0,0.0,
clean_block/small/s1,synthetic,One-walk,dense,1,reorder,0.004656872999476036,0.0047611619999999855,187.961344,0.0,
clean_block/small/s1,synthetic,One-walk,dense,1,total,0.004668164998292923,0.004770468999999999,0.0,0.0,
clean_block/small/s1,synthetic,One-walk,matrix_free,-1,load,0.002391920999798458,0.002316321999999982,0.0,0.0,
clean_block/small/s1,synthetic,One-walk,matrix_free,-1,reorder,0.010456502997840289,0.01053213800000008,187.768832,0.0,
clean_block/small/s1,synthetic,One-walk,matrix_free,-1,total,0.010470698998688022,0.010543139000000035,0.0,0.0,
clean_block/small/s1,synthetic,One-walk,matrix_free,0,load,0.002436535000015283,0.0024360050000000744,0.0,0.0,
clean_block/small/s1,synthetic,One-walk,matrix_free,0,reorder,0.009343120997073129,0.009638543,187.564032,0.0,
clean_block/small/s1,synthetic,One-walk,matrix_free,0,total,0.009352559001854388,0.009646917999999949,0.0,0.0,
clean_block/small/s1,synthetic,One-walk,matrix_free,1,load,0.002152351000404451,0.0021527649999999454,0.0,0.0,
clean_block/small/s1,synthetic,One-walk,matrix_free,1,reorder,0.009194111997203436,0.00932042199999994,187.559936,0.0,
clean_block/small/s1,synthetic,One-walk,matrix_free,1,total,0.009203259000059916,0.00932844799999999,0.0,0.0,
clean_block/small/s1,synthetic,Two-walk,dense,-1,load,0.0020656279994000215,0.0020653520000000203,0.0,0.0,
clean_block/small/s1,synthetic,Two-walk,dense,-1,reorder,0.004556264997518156,0.004618515999999961,0.0,0.0,
clean_block/small/s1,synthetic,Two-walk,dense,-1,total,0.004564749997371109,0.0046260200000000085,0.0,0.0,
clean_block/small/s1,synthetic,Two-walk,dense,0,load,0.002168140999856405,0.0021688549999999696,0.0,0.0,
clean_block/small/s1,synthetic,Two-walk,dense,0,reorder,0.004822624003281817,0.004913626999999976,188.350464,0.0,
clean_block/small/s1,synthetic,Two-walk,dense,0,total,0.0048319020024791826,0.004922003000000008,0.0,0.0,
clean_block/small/s1,synthetic,Two-walk,dense,1,load,0.002167028000258142,0.0021673819999999955,0.0,0.0,
clean_block/small/s1,synthetic,Two-walk,dense,1,reorder,0.00494819099913002,0.005045014999999986,188.018688,0.0,
clean_block/small/s1,synthetic,Two-walk,dense,1,total,0.004959581001457991,0.005054522000000006,0.0,0.0,
clean_block/small/s1,synthetic,Two-walk,matrix_free,-1,load,0.002290190001076553,0.0022907629999999735,0.0,0.0,
clean_block/small/s1,synthetic,Two-walk,matrix_free,-1,reorder,0.009085637997486629,0.009157587999999994,187.61728,0.0,
clean_block/small/s1,synthetic,Two-walk,matrix_free,-1,total,0.009095637000427814,0.009166565999999987,0.0,0.0,
clean_block/small/s1,synthetic,Two-walk,matrix_free,0,load,0.0022969130004639737,0.0022971549999999397,0.0,0.0,
clean_block/small/s1,synthetic,Two-walk,matrix_free,0,reorder,0.009220972999173682,0.009316741000000017,187.6992,0.0,
clean_block/small/s1,synthetic,Two-walk,matrix_free,0,total,0.009230319999915082,0.00932496599999999,0.0,0.0,
clean_block/small/s1,synthetic,Two-walk,matrix_free,1,load,0.002105183000821853,0.0020669450000000422,0.0,0.0,
clean_block/small/s1,synthetic,Two-walk,matrix_free,1,reorder,0.009346096998342546,0.009358718000000099,187.469824,0.0,
clean_block/small/s1,synthetic,Two-walk,matrix_free,1,total,0.009358692001114832,0.009368636000000041,0.0,0.0,
clean_block/small/s1,synthetic,Two-walk-Auto,dense,-1,load,0.0025785520010686014,0.0025797029999999888,0.0,0.0,
clean_block/small/s1,synthetic,Two-walk-Auto,dense,-1,reorder,0.005084546999569284,0.005200552999999997,187.973632,0.0,
clean_block/small/s1,synthetic,Two-walk-Auto,dense,-1,score,0.004586471000948222,0.004762054999999932,189.997056,0.0,
clean_block/small/s1,synthetic,Two-walk-Auto,dense,-1,reorder,0.004532630002358928,0.00463540699999998,0.0,0.0,
clean_block/small/s1,synthetic,Two-walk-Auto,dense,-1,score,0.0038293289981083944,0.003916231000000048,190.078976,0.0,
clean_block/small/s1,synthetic,Two-walk-Auto,dense,-1,reorder,0.004230643000482814,0.004305188999999987,190.345216,0.0,
clean_block/small/s1,synthetic,Two-walk-Auto,dense,-1,score,0.003503318002913147,0.0035036810000000917,0.0,0.0,
clean_block/small/s1,synthetic,Two-walk-Auto,dense,-1,reorder,0.004702809997979784,0.004815303999999965,190.427136,0.0,
clean_block/small/s1,synthetic,Two-walk-Auto,dense,-1,score,0.0035543230005714577,0.0036168519999999482,190.615552,0.0,
clean_block/small/s1,synthetic,Two-walk-Auto,dense,-1,reorder,0.003735464000783395,0.003736045000000021,0.0,0.0,
clean_block/small/s1,synthetic,Two-walk-Auto,dense,-1,score,0.0035655840001709294,0.0036007930000000465,190.881792,0.0,
clean_block/small/s1,synthetic,Two-walk-Auto,dense,-1,reorder,0.0037373870000010356,0.0037870300000000245,0.0,0.0,
clean_block/small/s1,synthetic,Two-walk-Auto,dense,-1,score,0.0035050710030191112,0.003519362000000026,191.152128,0.0,
clean_block/small/s1,synthetic,Two-walk-Auto,dense,-1,total,0.04868305300260545,0.04950020399999999,0.0,0.0,
clean_block/small/s1,synthetic,Two-walk-Auto,dense,0,load,0.0022497229983855505,0.0022502169999999433,0.0,0.0,
clean_block/small/s1,synthetic,Two-walk-Auto,dense,0,reorder,0.005032859000493772,0.0051010059999999635,187.875328,0.0,
clean_block/small/s1,synthetic,Two-walk-Auto,dense,0,score,0.0036111700028413907,0.003629696000000071,189.825024,0.0,
clean_block/small/s1,synthetic,Two-walk-Auto,dense,0,reorder,0.0036162390024401248,0.003659513000000003,0.0,0.0,
clean_block/small/s1,synthetic,Two-walk-Auto,dense,0,score,0.0034136799986299593,0.003424062999999977,189.906944,0.0,
clean_block/small/s1,synthetic,Two-walk-Auto,dense,0,reorder,0.0037058169982628897,0.00372869000000009,190.173184,0.0,
clean_block/small/s1,synthetic,Two-walk-Auto,dense,0,score,0.0033641260015428998,0.0033642799999999973,0.0,0.0,
clean_block/small/s1,synthetic,Two-walk-Auto,dense,0,reorder,0.0036984130019845907,0.003747567999999979,0.0,0.0,
clean_block/small/s1,synthetic,Two-walk-Auto,dense,0,score,0.003416084000491537,0.0034247130000000237,190.439424,0.0,
clean_block/small/s1,synthetic,Two-walk-Auto,dense,0,reorder,0.0036867219969280995,0.0037397750000000007,0.0,0.0,
clean_block/small/s1,synthetic,Two-walk-Auto,dense,0,score,0.00344682200011448,0.0034681749999999623,190.70976,0.0,
clean_block/small/s1,synthetic,Two-walk-Auto,dense,0,reorder,0.003609406998293707,0.0036531619999999876,0.0,0.0,
clean_block/small/s1,synthetic,Two-walk-Auto,dense,0,score,0.003500852999422932,0.003548975999999926,190.976,0.0,
clean_block/small/s1,synthetic,Two-walk-Auto,dense,0,total,0.044176472001709044,0.04455900800000001,0.0,0.0,
clean_block/small/s1,synthetic,Two-walk-Auto,dense,1,load,0.002164824996725656,0.0021652380000000138,0.0,0.0,
clean_block/small/s1,synthetic,Two-walk-Auto,dense,1,reorder,0.004518924000876723,0.004575835000000028,0.0,0.0,
clean_block/small/s1,synthetic,Two-walk-Auto,dense,1,score,0.0035583310018409975,0.003612273999999971,189.906944,0.0,
clean_block/small/s1,synthetic,Two-walk-Auto,dense,1,reorder,0.0035692019991984125,0.00361307700000002,0.0,0.0,
clean_block/small/s1,synthetic,Two-walk-Auto,dense,1,score,0.003596942999138264,0.003652871000000002,189.988864,0.0,
clean_block/small/s1,synthetic,Two-walk-Auto,dense,1,reorder,0.003747665999981109,0.003796167999999933,0.0,0.0,
clean_block/small/s1,synthetic,Two-walk-Auto,dense,1,score,0.003536469997925451,0.0036185749999999572,190.255104,0.0,
clean_block/small/s1,synthetic,Two-walk-Auto,dense,1,reorder,0.0037383889975899365,0.0037596990000000607,0.0,0.0,
clean_block/small/s1,synthetic,Two-walk-Auto,dense,1,score,0.0035015539979212917,0.0035587939999999207,190.521344,0.0,
clean_block/small/s1,synthetic,Two-walk-Auto,dense,1,reorder,0.003971506997913821,0.004043330000000012,0.0,0.0,
clean_block/small/s1,synthetic,Two-walk-Auto,dense,1,score,0.0035311799983901437,0.0035410609999999565,190.79168,0.0,
clean_block/small/s1,synthetic,Two-walk-Auto,dense,1,reorder,0.0038269649994617794,0.003876737000000019,0.0,0.0,
clean_block/small/s1,synthetic,Two-walk-Auto,dense,1,score,0.0035558169984142296,0.0035840830000000157,191.05792,0.0,
clean_block/small/s1,synthetic,Two-walk-Auto,dense,1,total,0.04474187400046503,0.04531538699999993,0.0,0.0,
clean_block/small/s1,synthetic,Two-walk-Auto,matrix_free,-1,load,0.002119598997524008,0.0021201640000000355,0.0,0.0,
clean_block/small/s1,synthetic,Two-walk-Auto,matrix_free,-1,reorder,0.009249515998817515,0.009358559999999905,187.396096,0.0,
clean_block/small/s1,synthetic,Two-walk-Auto,matrix_free,-1,score,0.0035764750027738046,0.003596704000000006,0.0,0.0,
clean_block/small/s1,synthetic,Two-walk-Auto,matrix_free,-1,reorder,0.009145901996816974,0.009302429000000001,187.871232,0.0,
clean_block/small/s1,synthetic,Two-walk-Auto,matrix_free,-1,score,0.0035468889982439578,0.003656588999999988,187.871232,0.0,
clean_block/small/s1,synthetic,Two-walk-Auto,matrix_free,-1,reorder,0.009014896000735462,0.009071239999999925,187.871232,0.0,
clean_block/small/s1,synthetic,Two-walk-Auto,matrix_free,-1,score,0.0035076249987469055,0.0036552539999999967,187.871232,0.0,
clean_block/small/s1,synthetic,Two-walk-Auto,matrix_free,-1,reorder,0.009644898000260582,0.009803770999999961,187.871232,0.0,
clean_block/small/s1,synthetic,Two-walk-Auto,matrix_free,-1,score,0.0035434329984127544,0.0035536840000000014,187.871232,0.0,
clean_block/small/s1,synthetic,Two-walk-Auto,matrix_free,-1,reorder,0.010699868998926831,0.010853372000000028,187.871232,0.0,
clean_block/small/s1,synthetic,Two-walk-Auto,matrix_free,-1,score,0.0035830870001518633,0.003642743000000004,187.871232,0.0,
clean_block/small/s1,synthetic,Two-walk-Auto,matrix_free,-1,reorder,0.011268046000623144,0.01145074800000001,187.871232,0.0,
clean_block/small/s1,synthetic,Two-walk-Auto,matrix_free,-1,score,0.003767984999285545,0.0038244809999999907,187.871232,0.0,
clean_block/small/s1,synthetic,Two-walk-Auto,matrix_free,-1,total,0.08067472800030373,0.08188499999999999,0.0,0.0,
clean_block/small/s1,synthetic,Two-walk-Auto,matrix_free,0,load,0.0023553819992230274,0.002355825000000089,0.0,0.0,
clean_block/small/s1,synthetic,Two-walk-Auto,matrix_free,0,reorder,0.009437939999770606,0.009583709000000051,187.854848,0.0,
clean_block/small/s1,synthetic,Two-walk-Auto,matrix_free,0,score,0.0036394019989529625,0.003699553000000022,0.0,0.0,
clean_block/small/s1,synthetic,Two-walk-Auto,matrix_free,0,reorder,0.009270416001527337,0.009761063000000014,188.329984,0.0,
clean_block/small/s1,synthetic,Two-walk-Auto,matrix_free,0,score,0.003616379999584751,0.003686101999999969,188.329984,0.0,
clean_block/small/s1,synthetic,Two-walk-Auto,matrix_free,0,reorder,0.009042988000146579,0.009207645000000042,188.329984,0.0,
clean_block/small/s1,synthetic,Two-walk-Auto,matrix_free,0,score,0.0035981860019091982,0.0036371910000000396,188.329984,0.0,
clean_block/small/s1,synthetic,Two-walk-Auto,matrix_free,0,reorder,0.009419185000297148,0.009583015000000028,188.329984,0.0,
clean_block/small/s1,synthetic,Two-walk-Auto,matrix_free,0,score,0.0035556250004447065,0.003555708999999907,0.0,0.0,
clean_block/small/s1,synthetic,Two-walk-Auto,matrix_free,0,reorder,0.01013211299868999,0.010395663000000055,188.33408,0.0,
clean_block/small/s1,synthetic,Two-walk-Auto,matrix_free,0,score,0.003644863001682097,0.003724570000000038,188.33408,0.0,
clean_block/small/s1,synthetic,Two-walk-Auto,matrix_free,0,reorder,0.010608558000967605,0.011115312000000044,188.33408,0.0,
clean_block/small/s1,synthetic,Two-walk-Auto,matrix_free,0,score,0.0035415189995546825,0.0035416619999999455,0.0,0.0,
clean_block/small/s1,synthetic,Two-walk-Auto,matrix_free,0,total,0.07958051399691612,0.08155934399999998,0.0,0.0,
clean_block/small/s1,synthetic,Two-walk-Auto,matrix_free,1,load,0.0023671240014664363,0.0023675770000000096,0.0,0.0,
clean_block/small/s1,synthetic,Two-walk-Auto,matrix_free,1,reorder,0.009514735000266228,0.009581073999999967,187.772928,0.0,
clean_block/small/s1,synthetic,Two-walk-Auto,matrix_free,1,score,0.0036103090023971163,0.0037167790000000034,188.248064,0.0,
clean_block/small/s1,synthetic,Two-walk-Auto,matrix_free,1,reorder,0.008976624001661548,0.009043338999999984,188.248064,0.0,
clean_block/small/s1,synthetic,Two-walk-Auto,matrix_free,1,score,0.003601701999286888,0.0036549949999999942,188.248064,0.0,
clean_block/small/s1,synthetic,Two-walk-Auto,matrix_free,1,reorder,0.009346709000965348,0.00955213900000007,188.248064,0.0,
clean_block/small/s1,synthetic,Two-walk-Auto,matrix_free,1,score,0.003485803998046322,0.0034861179999999825,0.0,0.0,
clean_block/small/s1,synthetic,Two-walk-Auto,matrix_free,1,reorder,0.009406330998899648,0.009598918999999984,188.248064,0.0,
clean_block/small/s1,synthetic,Two-walk-Auto,matrix_free,1,score,0.0035678580024978146,0.0036183569999999055,188.248064,0.0,
clean_block/small/s1,synthetic,Two-walk-Auto,matrix_free,1,reorder,0.010194370999670355,0.010417277999999919,188.248064,0.0,
clean_block/small/s1,synthetic,Two-walk-Auto,matrix_free,1,score,0.0034596160003275145,0.003459698000000011,0.0,0.0,
clean_block/small/s1,synthetic,Two-walk-Auto,matrix_free,1,reorder,0.010544267002842389,0.010803342999999965,188.248064,0.0,
clean_block/small/s1,synthetic,Two-walk-Auto,matrix_free,1,score,0.003533684997819364,0.003586618999999902,188.248064,0.0,
clean_block/small/s1,synthetic,Two-walk-Auto,matrix_free,1,total,0.07933388099991134,0.08060316499999998,0.0,0.0,
clean_block/medium/s0,synthetic,One-walk,dense,-1,load,0.003877118997479556,0.0038787730000000575,0.0,0.0,
clean_block/medium/s0,synthetic,One-walk,dense,-1,reorder,0.01760989200192853,0.01771668599999998,0.0,0.0,
clean_block/medium/s0,synthetic,One-walk,dense,-1,total,0.017620762999285944,0.01772536299999994,0.0,0.0,
clean_block/medium/s0,synthetic,One-walk,dense,0,load,0.004187932998320321,0.0041889520000000235,0.0,0.0,
clean_block/medium/s0,synthetic,One-walk,dense,0,reorder,0.01734971399855567,0.01745621900000005,193.449984,0.0,
clean_block/medium/s0,synthetic,One-walk,dense,0,total,0.017360494999593357,0.017464994999999983,0.0,0.0,
clean_block/medium/s0,synthetic,One-walk,dense,1,load,0.003889663003064925,0.003889352000000068,0.0,0.0,
clean_block/medium/s0,synthetic,One-walk,dense,1,reorder,0.018310397997993277,0.018455184999999985,193.470464,0.0,
clean_block/medium/s0,synthetic,One-walk,dense,1,total,0.018321618998015765,0.018464273000000087,0.0,0.0,
clean_block/medium/s0,synthetic,One-walk,matrix_free,-1,load,0.004079599999386119,0.004080189000000067,0.0,0.0,
clean_block/medium/s0,synthetic,One-walk,matrix_free,-1,reorder,0.014820194999629166,0.015028415999999933,188.219392,0.0,
clean_block/medium/s0,synthetic,One-walk,matrix_free,-1,total,0.014832667999144178,0.015038235000000011,0.0,0.0,
clean_block/medium/s0,synthetic,One-walk,matrix_free,0,load,0.0040270309982588515,0.004027611000000042,0.0,0.0,
clean_block/medium/s0,synthetic,One-walk,matrix_free,0,reorder,0.014658080999652157,0.014705057000000021,188.547072,0.0,
clean_block/medium/s0,synthetic,One-walk,matrix_free,0,total,0.014667698997072875,0.014713591999999998,0.0,0.0,
clean_block/medium/s0,synthetic,One-walk,matrix_free,1,load,0.0040394940006081015,0.004040433999999982,0.0,0.0,
clean_block/medium/s0,synthetic,One-walk,matrix_free,1,reorder,0.015052270999149187,0.01520850600000001,188.473344,0.0,
clean_block/medium/s0,synthetic,One-walk,matrix_free,1,total,0.015067448999616317,0.015219395999999996,0.0,0.0,
clean_block/medium/s0,synthetic,Two-walk,dense,-1,load,0.003703933998622233,0.003705066999999951,0.0,0.0,
clean_block/medium/s0,synthetic,Two-walk,dense,-1,reorder,0.01893546199789853,0.01911128299999998,194.37568,0.0,
clean_block/medium/s0,synthetic,Two-walk,dense,-1,total,0.018946682001114823,0.019120409999999977,0.0,0.0,
clean_block/medium/s0,synthetic,Two-walk,dense,0,load,0.003717580002557952,0.003718352000000036,0.0,0.0,
clean_block/medium/s0,synthetic,Two-walk,dense,0,reorder,0.01839154999834136,0.018562189999999923,194.6624,0.0,
clean_block/medium/s0,synthetic,Two-walk,dense,0,total,0.018402411002170993,0.018571026000000046,0.0,0.0,
clean_block/medium/s0,synthetic,Two-walk,dense,1,load,0.003907636000803905,0.003908597999999985,0.0,0.0,
clean_block/medium/s0,synthetic,Two-walk,dense,1,reorder,0.018885977999161696,0.019003776000000028,194.371584,0.0,
clean_block/medium/s0,synthetic,Two-walk,dense,1,total,0.018897078996815253,0.019012823000000068,0.0,0.0,
clean_block/medium/s0,synthetic,Two-walk,matrix_free,-1,load,0.00415290700038895,0.00415369600000004,0.0,0.0,
clean_block/medium/s0,synthetic,Two-walk,matrix_free,-1,reorder,0.019234253002650803,0.019380653999999997,188.551168,0.0,
clean_block/medium/s0,synthetic,Two-walk,matrix_free,-1,total,0.019246526000642916,0.019391194,0.0,0.0,
clean_block/medium/s0,synthetic,Two-walk,matrix_free,0,load,0.003987085998232942,0.003987626000000022,0.0,0.0,
clean_block/medium/s0,synthetic,Two-walk,matrix_free,0,reorder,0.018903411000792403,0.01915058599999997,188.49792,0.0,
clean_block/medium/s0,synthetic,Two-walk,matrix_free,0,total,0.018913359999714885,0.01915903200000002,0.0,0.0,
clean_block/medium/s0,synthetic,Two-walk,matrix_free,1,load,0.004211247000057483,0.0041606190000000876,0.0,0.0,
clean_block/medium/s0,synthetic,Two-walk,matrix_free,1,reorder,0.02111473400145769,0.022194727999999997,188.358656,0.0,
clean_block/medium/s0,synthetic,Two-walk,matrix_free,1,total,0.021133669000846567,0.022209645999999972,0.0,0.0,
clean_block/medium/s0,synthetic,Two-walk-Auto,dense,-1,load,0.004731312998046633,0.004724233999999994,0.0,0.0,
clean_block/medium/s0,synthetic,Two-walk-Auto,dense,-1,reorder,0.020241663998604054,0.02042371799999998,194.23232,0.0,
clean_block/medium/s0,synthetic,Two-walk-Auto,dense,-1,score,0.006952012001420371,0.0070055009999999696,194.3552,0.0,
clean_block/medium/s0,synthetic,Two-walk-Auto,dense,-1,reorder,0.01661714900183142,0.01671103499999993,194.629632,0.0,
clean_block/medium/s0,synthetic,Two-walk-Auto,dense,-1,score,0.00698931299848482,0.007051443000000046,194.629632,0.0,
clean_block/medium/s0,synthetic,Two-walk-Auto,dense,-1,reorder,0.015478841996809933,0.015626297999999927,195.731456,0.0,
clean_block/medium/s0,synthetic,Two-walk-Auto,dense,-1,score,0.007043595000141067,0.007087623999999959,195.731456,0.0,
clean_block/medium/s0,synthetic,Two-walk-Auto,dense,-1,reorder,0.016255520000413526,0.01635858499999998,196.83328,0.0,
clean_block/medium/s0,synthetic,Two-walk-Auto,dense,-1,score,0.007051429001876386,0.0071021489999999465,196.83328,0.0,
clean_block/medium/s0,synthetic,Two-walk-Auto,dense,-1,reorder,0.016421260999777587,0.01653273199999994,197.935104,0.0,
clean_block/medium/s0,synthetic,Two-walk-Auto,dense,-1,score,0.0070072860034997575,0.007069800000000126,197.935104,0.0,
clean_block/medium/s0,synthetic,Two-walk-Auto,dense,-1,reorder,0.01711981300104526,0.017269846999999894,199.036928,0.0,
clean_block/medium/s0,synthetic,Two-walk-Auto,dense,-1,score,0.006886510000185808,0.006953320999999901,0.0,0.0,
clean_block/medium/s0,synthetic,Two-walk-Auto,dense,-1,total,0.1442043159986497,0.14531516599999994,0.0,0.0,
clean_block/medium/s0,synthetic,Two-walk-Auto,dense,0,load,0.003791557999647921,0.003792581000000017,0.0,0.0,
clean_block/medium/s0,synthetic,Two-walk-Auto,dense,0,reorder,0.01906037600201671,0.019253060000000044,194.174976,0.0,
clean_block/medium/s0,synthetic,Two-walk-Auto,dense,0,score,0.00742777599953115,0.007475958000000005,194.297856,0.0,
clean_block/medium/s0,synthetic,Two-walk-Auto,dense,0,reorder,0.0158323850009765,0.01592302999999995,0.0,0.0,
clean_block/medium/s0,synthetic,Two-walk-Auto,dense,0,score,0.007093387997883838,0.007172461000000019,194.572288,0.0,
clean_block/medium/s0,synthetic,Two-walk-Auto,dense,0,reorder,0.015542019998974865,0.015771319999999922,195.674112,0.0,
clean_block/medium/s0,synthetic,Two-walk-Auto,dense,0,score,0.007168027997977333,0.007245127000000018,195.674112,0.0,
clean_block/medium/s0,synthetic,Two-walk-Auto,dense,0,reorder,0.01619906400082982,0.01631555699999998,196.775936,0.0,
clean_block/medium/s0,synthetic,Two-walk-Auto,dense,0,score,0.007018066997261485,0.007076242999999982,196.775936,0.0,
clean_block/medium/s0,synthetic,Two-walk-Auto,dense,0,reorder,0.017165367997222347,0.017288163999999995,197.87776,0.0,
clean_block/medium/s0,synthetic,Two-walk-Auto,dense,0,score,0.007121120001102099,0.0071681620000001445,197.87776,0.0,
clean_block/medium/s0,synthetic,Two-walk-Auto,dense,0,reorder,0.018627483997988747,0.018779534000000098,198.979584,0.0,
clean_block/medium/s0,synthetic,Two-walk-Auto,dense,0,score,0.007148762000724673,0.00720232799999998,198.979584,0.0,
clean_block/medium/s0,synthetic,Two-walk-Auto,dense,0,total,0.14556907799851615,0.14681345000000012,0.0,0.0,
clean_block/medium/s0,synthetic,Two-walk-Auto,dense,1,load,0.0038533549995918293,0.003854136999999924,0.0,0.0,
clean_block/medium/s0,synthetic,Two-walk-Auto,dense,1,reorder,0.019527733002178138,0.019779400999999974,194.310144,0.0,
clean_block/medium/s0,synthetic,Two-walk-Auto,dense,1,score,0.007095582001056755,0.007210421999999994,194.310144,0.0,
clean_block/medium/s0,synthetic,Two-walk-Auto,dense,1,reorder,0.016621617000055267,0.01672152699999996,194.58048,0.0,
clean_block/medium/s0,synthetic,Two-walk-Auto,dense,1,score,0.006993801001954125,0.007046756000000043,194.58048,0.0,
clean_block/medium/s0,synthetic,Two-walk-Auto,dense,1,reorder,0.015729722999822116,0.01599092099999999,195.682304,0.0,
clean_block/medium/s0,synthetic,Two-walk-Auto,dense,1,score,0.006997387001320021,0.007082311000000008,195.682304,0.0,
clean_block/medium/s0,synthetic,Two-walk-Auto,dense,1,reorder,0.016897956000320846,0.01698081100000004,196.784128,0.0,
clean_block/medium/s0,synthetic,Two-walk-Auto,dense,1,score,0.006940561001101742,0.006999886999999982,196.784128,0.0,
clean_block/medium/s0,synthetic,Two-walk-Auto,dense,1,reorder,0.017985457001486793,0.01823989299999995,0.0,0.0,
clean_block/medium/s0,synthetic,Two-walk-Auto,dense,1,score,0.006940852003026521,0.007013382999999873,197.885952,0.0,
clean_block/medium/s0,synthetic,Two-walk-Auto,dense,1,reorder,0.017104383998230333,0.017215789999999842,198.987776,0.0,
clean_block/medium/s0,synthetic,Two-walk-Auto,dense,1,score,0.00706731899845181,0.007124160000000046,198.987776,0.0,
clean_block/medium/s0,synthetic,Two-walk-Auto,dense,1,total,0.14606947799984482,0.147554741,0.0,0.0,
clean_block/medium/s0,synthetic,Two-walk-Auto,matrix_free,-1,load,0.003800745998887578,0.003801598000000017,0.0,0.0,
clean_block/medium/s0,synthetic,Two-walk-Auto,matrix_free,-1,reorder,0.019047131998377154,0.019238700999999914,188.416,0.0,
clean_block/medium/s0,synthetic,Two-walk-Auto,matrix_free,-1,score,0.0071414680023735855,0.007206835000000078,188.8256,0.0,
clean_block/medium/s0,synthetic,Two-walk-Auto,matrix_free,-1,reorder,0.020305003003159072,0.020622270000000054,188.8256,0.0,
clean_block/medium/s0,synthetic,Two-walk-Auto,matrix_free,-1,score,0.007384184002148686,0.007478961999999978,188.8256,0.0,
clean_block/medium/s0,synthetic,Two-walk-Auto,matrix_free,-1,reorder,0.02188084099907428,0.022245862999999977,188.8256,0.0,
clean_block/medium/s0,synthetic,Two-walk-Auto,matrix_free,-1,score,0.007141759000660386,0.007189502000000014,188.8256,0.0,
clean_block/medium/s0,synthetic,Two-walk-Auto,matrix_free,-1,reorder,0.020256232000974705,0.02053609700000003,188.8256,0.0,
clean_block/medium/s0,synthetic,Two-walk-Auto,matrix_free,-1,score,0.007058000999677461,0.007107215999999972,188.8256,0.0,
clean_block/medium/s0,synthetic,Two-walk-Auto,matrix_free,-1,reorder,0.01791234100164729,0.01813091,188.8256,0.0,
clean_block/medium/s0,synthetic,Two-walk-Auto,matrix_free,-1,score,0.00720845400064718,0.00730212100000005,188.8256,0.0,
clean_block/medium/s0,synthetic,Two-walk-Auto,matrix_free,-1,reorder,0.01675414599958458,0.016957433999999827,188.8256,0.0,
clean_block/medium/s0,synthetic,Two-walk-Auto,matrix_free,-1,score,0.007238599999254802,0.0073215189999999986,188.8256,0.0,
clean_block/medium/s0,synthetic,Two-walk-Auto,matrix_free,-1,total,0.15953265500138514,0.16151626499999994,0.0,0.0,
clean_block/medium/s0,synthetic,Two-walk-Auto,matrix_free,0,load,0.0037603800010401756,0.003761142999999967,0.0,0.0,
clean_block/medium/s0,synthetic,Two-walk-Auto,matrix_free,0,reorder,0.019481096001982223,0.019710506000000017,188.616704,0.0,
clean_block/medium/s0,synthetic,Two-walk-Auto,matrix_free,0,score,0.00723807900067186,0.007309676999999959,189.026304,0.0,
clean_block/medium/s0,synthetic,Two-walk-Auto,matrix_free,0,reorder,0.02093357300327625,0.02126858499999995,189.026304,0.0,
clean_block/medium/s0,synthetic,Two-walk-Auto,matrix_free,0,score,0.007208905000879895,0.007318298000000056,189.026304,0.0,
clean_block/medium/s0,synthetic,Two-walk-Auto,matrix_free,0,reorder,0.019773775999055943,0.01995018100000001,189.026304,0.0,
clean_block/medium/s0,synthetic,Two-walk-Auto,matrix_free,0,score,0.007175913000537548,0.0072502070000000085,189.026304,0.0,
clean_block/medium/s0,synthetic,Two-walk-Auto,matrix_free,0,reorder,0.020277642001019558,0.020448834000000082,189.026304,0.0,
clean_block/medium/s0,synthetic,Two-walk-Auto,matrix_free,0,score,0.007534946998930536,0.007602714999999982,189.026304,0.0,
clean_block/medium/s0,synthetic,Two-walk-Auto,matrix_free,0,reorder,0.01774202000160585,0.018068848999999942,189.026304,0.0,
clean_block/medium/s0,synthetic,Two-walk-Auto,matrix_free,0,score,0.007132742000976577,0.007262901000000044,189.026304,0.0,
clean_block/medium/s0,synthetic,Two-walk-Auto,matrix_free,0,reorder,0.016383170001063263,0.01657760900000005,189.026304,0.0,
clean_block/medium/s0,synthetic,Two-walk-Auto,matrix_free,0,score,0.007436342002620222,0.007482537999999872,189.026304,0.0,
clean_block/medium/s0,synthetic,Two-walk-Auto,matrix_free,0,total,0.15854297700207098,0.160448119,0.0,0.0,
clean_block/medium/s0,synthetic,Two-walk-Auto,matrix_free,1,load,0.004027721999591449,0.004027891000000006,0.0,0.0,
clean_block/medium/s0,synthetic,Two-walk-Auto,matrix_free,1,reorder,0.019791959999565734,0.019908472999999982,188.665856,0.0,
clean_block/medium/s0,synthetic,Two-walk-Auto,matrix_free,1,score,0.007208513998193666,0.007295491000000043,189.075456,0.0,
clean_block/medium/s0,synthetic,Two-walk-Auto,matrix_free,1,reorder,0.0209800209995592,0.021365605000000065,189.075456,0.0,
clean_block/medium/s0,synthetic,Two-walk-Auto,matrix_free,1,score,0.007763205998344347,0.007783572000000016,189.075456,0.0,
clean_block/medium/s0,synthetic,Two-walk-Auto,matrix_free,1,reorder,0.021318154998880345,0.021592698999999937,189.075456,0.0,
clean_block/medium/s0,synthetic,Two-walk-Auto,matrix_free,1,score,0.007730885001365095,0.007893099999999986,189.075456,0.0,
clean_block/medium/s0,synthetic,Two-walk-Auto,matrix_free,1,reorder,0.02151303100254154,0.021742989000000046,189.075456,0.0,
clean_block/medium/s0,synthetic,Two-walk-Auto,matrix_free,1,score,0.007209355000668438,0.007269133999999955,189.075456,0.0,
clean_block/medium/s0,synthetic,Two-walk-Auto,matrix_free,1,reorder,0.01822489800179028,0.01854387599999996,189.075456,0.0,
clean_block/medium/s0,synthetic,Two-walk-Auto,matrix_free,1,score,0.007319402000575792,0.007367413999999961,189.075456,0.0,
clean_block/medium/s0,synthetic,Two-walk-Auto,matrix_free,1,reorder,0.016517983000085223,0.016678901999999995,189.075456,0.0,
clean_block/medium/s0,synthetic,Two-walk-Auto,matrix_free,1,score,0.00712812399797258,0.007171781000000044,189.075456,0.0,
clean_block/medium/s0,synthetic,Two-walk-Auto,matrix_free,1,total,0.16290516699882573,0.16478661099999992,0.0,0.0,
clean_block/medium/s1,synthetic,One-walk,dense,-1,load,0.00376382700051181,0.003764938999999967,0.0,0.0,
clean_block/medium/s1,synthetic,One-walk,dense,-1,reorder,0.016576131998590427,0.016679817999999957,193.06496,0.0,
clean_block/medium/s1,synthetic,One-walk,dense,-1,total,0.01659004800239927,0.016690598000000056,0.0,0.0,
clean_block/medium/s1,synthetic,One-walk,dense,0,load,0.003810464000707725,0.0038114860000000306,0.0,0.0,
clean_block/medium/s1,synthetic,One-walk,dense,0,reorder,0.016794350998679874,0.016887435000000006,193.159168,0.0,
clean_block/medium/s1,synthetic,One-walk,dense,0,total,0.016808116997708566,0.016899176000000016,0.0,0.0,
clean_block/medium/s1,synthetic,One-walk,dense,1,load,0.0037466649991984013,0.0037473570000000622,0.0,0.0,
clean_block/medium/s1,synthetic,One-walk,dense,1,reorder,0.016581722000410082,0.01665793399999993,193.245184,0.0,
clean_block/medium/s1,synthetic,One-walk,dense,1,total,0.016593365002336213,0.01666772300000008,0.0,0.0,
clean_block/medium/s1,synthetic,One-walk,matrix_free,-1,load,0.004607791001035366,0.0046075150000000065,0.0,0.0,
clean_block/medium/s1,synthetic,One-walk,matrix_free,-1,reorder,0.011842103998787934,0.011935625000000005,188.502016,0.0,
clean_block/medium/s1,synthetic,One-walk,matrix_free,-1,total,0.011853986001369776,0.011945424000000093,0.0,0.0,
clean_block/medium/s1,synthetic,One-walk,matrix_free,0,load,0.004275617000530474,0.004276465999999979,0.0,0.0,
clean_block/medium/s1,synthetic,One-walk,matrix_free,0,reorder,0.012829919000068912,0.01306114199999997,188.473344,0.0,
clean_block/medium/s1,synthetic,One-walk,matrix_free,0,total,0.012844656001107069,0.013072774000000065,0.0,0.0,
clean_block/medium/s1,synthetic,One-walk,matrix_free,1,load,0.00395706000199425,0.003958471999999991,0.0,0.0,
clean_block/medium/s1,synthetic,One-walk,matrix_free,1,reorder,0.012260098999831825,0.01258463700000001,188.530688,0.0,
clean_block/medium/s1,synthetic,One-walk,matrix_free,1,total,0.012270879000425339,0.012592912000000012,0.0,0.0,
clean_block/medium/s1,synthetic,Two-walk,dense,-1,load,0.003714423997735139,0.00371479600000002,0.0,0.0,
clean_block/medium/s1,synthetic,Two-walk,dense,-1,reorder,0.019226568001613487,0.019348154000000006,193.875968,0.0,
clean_block/medium/s1,synthetic,Two-walk,dense,-1,total,0.019238481003412744,0.019357932000000022,0.0,0.0,
clean_block/medium/s1,synthetic,Two-walk,dense,0,load,0.003354517997649964,0.0033550530000000522,0.0,0.0,
clean_block/medium/s1,synthetic,Two-walk,dense,0,reorder,0.016666841998812743,0.016894867999999952,188.100608,0.0,
clean_block/medium/s1,synthetic,Two-walk,dense,0,total,0.016675879000104032,0.01690238200000005,0.0,0.0,
clean_block/medium/s1,synthetic,Two-walk,dense,1,load,0.004066885998327052,0.0040673050000000766,0.0,0.0,
clean_block/medium/s1,synthetic,Two-walk,dense,1,reorder,0.01920801300002495,0.019289825999999954,194.06848,0.0,
clean_block/medium/s1,synthetic,Two-walk,dense,1,total,0.01922230000127456,0.01930078700000004,0.0,0.0,
clean_block/medium/s1,synthetic,Two-walk,matrix_free,-1,load,0.005511207000381546,0.005563692999999925,186.826752,0.0,
clean_block/medium/s1,synthetic,Two-walk,matrix_free,-1,reorder,0.013942447003501002,0.014121806000000015,188.424192,0.0,
clean_block/medium/s1,synthetic,Two-walk,matrix_free,-1,total,0.013952926998172188,0.01413051200000004,0.0,0.0,
clean_block/medium/s1,synthetic,Two-walk,matrix_free,0,load,0.0033770609989005607,0.003377856000000068,0.0,0.0,
clean_block/medium/s1,synthetic,Two-walk,matrix_free,0,reorder,0.012747834000037983,0.013094957999999934,188.5184,0.0,
clean_block/medium/s1,synthetic,Two-walk,matrix_free,0,total,0.012756190000800416,0.013102221000000025,0.0,0.0,
clean_block/medium/s1,synthetic,Two-walk,matrix_free,1,load,0.0033874799992190674,0.0033880950000000354,0.0,0.0,
clean_block/medium/s1,synthetic,Two-walk,matrix_free,1,reorder,0.012669546998949954,0.012779706000000002,188.370944,0.0,
clean_block/medium/s1,synthetic,Two-walk,matrix_free,1,total,0.012677011000050697,0.0127860580000001,0.0,0.0,
clean_block/medium/s1,synthetic,Two-walk-Auto,dense,-1,load,0.0033557810020283796,0.003356136000000065,0.0,0.0,
clean_block/medium/s1,synthetic,Two-walk-Auto,dense,-1,reorder,0.016705815000022994,0.016887445999999917,194.347008,0.0,
clean_block/medium/s1,synthetic,Two-walk-Auto,dense,-1,score,0.006377875000907807,0.006434108999999966,194.469888,0.0,
clean_block/medium/s1,synthetic,Two-walk-Auto,dense,-1,reorder,0.013006349003262585,0.013070899999999996,0.0,0.0,
clean_block/medium/s1,synthetic,Two-walk-Auto,dense,-1,score,0.006362806998367887,0.006457945000000076,194.732032,0.0,
clean_block/medium/s1,synthetic,Two-walk-Auto,dense,-1,reorder,0.012596870998095255,0.01269233000000003,195.796992,0.0,
clean_block/medium/s1,synthetic,Two-walk-Auto,dense,-1,score,0.0063227110003936104,0.006391429999999976,0.0,0.0,
clean_block/medium/s1,synthetic,Two-walk-Auto,dense,-1,reorder,0.012041637997754151,0.012148957999999932,195.796992,0.0,
clean_block/medium/s1,synthetic,Two-walk-Auto,dense,-1,score,0.006324595000478439,0.006409454000000037,196.866048,0.0,
clean_block/medium/s1,synthetic,Two-walk-Auto,dense,-1,reorder,0.012557165999169229,0.01265078399999997,196.866048,0.0,
clean_block/medium/s1,synthetic,Two-walk-Auto,dense,-1,score,0.006323181998595828,0.006393101999999984,197.931008,0.0,
clean_block/medium/s1,synthetic,Two-walk-Auto,dense,-1,reorder,0.012197891999676358,0.012358647,197.931008,0.0,
clean_block/medium/s1,synthetic,Two-walk-Auto,dense,-1,score,0.006383265001204563,0.006459104000000049,198.995968,0.0,
clean_block/medium/s1,synthetic,Two-walk-Auto,dense,-1,total,0.11726615899897297,0.11841573299999997,0.0,0.0,
clean_block/medium/s1,synthetic,Two-walk-Auto,dense,0,load,0.0035228640008426737,0.003523617999999895,0.0,0.0,
clean_block/medium/s1,synthetic,Two-walk-Auto,dense,0,reorder,0.016520927998499246,0.01667897500000004,188.19072,0.0,
clean_block/medium/s1,synthetic,Two-walk-Auto,dense,0,score,0.006443076999858022,0.006523376999999941,194.445312,0.0,
clean_block/medium/s1,synthetic,Two-walk-Auto,dense,0,reorder,0.013125904002663447,0.013208474999999997,0.0,0.0,
clean_block/medium/s1,synthetic,Two-walk-Auto,dense,0,score,0.006551099999342114,0.006623405000000027,194.711552,0.0,
clean_block/medium/s1,synthetic,Two-walk-Auto,dense,0,reorder,0.012612018999789143,0.01269396299999992,195.776512,0.0,
clean_block/medium/s1,synthetic,Two-walk-Auto,dense,0,score,0.006505944998934865,0.006594647999999981,0.0,0.0,
clean_block/medium/s1,synthetic,Two-walk-Auto,dense,0,reorder,0.012751941998430993,0.012866305999999939,195.776512,0.0,
clean_block/medium/s1,synthetic,Two-walk-Auto,dense,0,score,0.006665886001428589,0.006792608000000033,196.841472,0.0,
clean_block/medium/s1,synthetic,Two-walk-Auto,dense,0,reorder,0.01354058300057659,0.013671892999999935,197.906432,0.0,
clean_block/medium/s1,synthetic,Two-walk-Auto,dense,0,score,0.006622885000979295,0.006671996999999985,197.906432,0.0,
clean_block/medium/s1,synthetic,Two-walk-Auto,dense,0,reorder,0.012562126001284923,0.012633693000000057,0.0,0.0,
clean_block/medium/s1,synthetic,Two-walk-Auto,dense,0,score,0.006512977997772396,0.006566838999999991,198.971392,0.0,
clean_block/medium/s1,synthetic,Two-walk-Auto,dense,0,total,0.12050190399895655,0.12160403500000005,0.0,0.0,
clean_block/medium/s1,synthetic,Two-walk-Auto,dense,1,load,0.003707029998622602,0.003707852999999983,0.0,0.0,
clean_block/medium/s1,synthetic,Two-walk-Auto,dense,1,reorder,0.01742840199949569,0.017632670000000017,194.285568,0.0,
clean_block/medium/s1,synthetic,Two-walk-Auto,dense,1,score,0.0088471409981139,0.00890413000000001,194.285568,0.0,
clean_block/medium/s1,synthetic,Two-walk-Auto,dense,1,reorder,0.016143089000252075,0.016248912000000004,194.551808,0.0,
clean_block/medium/s1,synthetic,Two-walk-Auto,dense,1,score,0.007170371998654446,0.0072286360000000105,194.551808,0.0,
clean_block/medium/s1,synthetic,Two-walk-Auto,dense,1,reorder,0.015192454997304594,0.015289357000000003,195.616768,0.0,
clean_block/medium/s1,synthetic,Two-walk-Auto,dense,1,score,0.007222750999062555,0.007267808000000042,195.616768,0.0,
clean_block/medium/s1,synthetic,Two-walk-Auto,dense,1,reorder,0.01490034499875037,0.014986519000000031,196.681728,0.0,
clean_block/medium/s1,synthetic,Two-walk-Auto,dense,1,score,0.007284396997420117,0.0073305869999999995,196.681728,0.0,
clean_block/medium/s1,synthetic,Two-walk-Auto,dense,1,reorder,0.014512707999529084,0.014617608999999976,197.750784,0.0,
clean_block/medium/s1,synthetic,Two-walk-Auto,dense,1,score,0.007163539998146007,0.007219858000000023,197.750784,0.0,
clean_block/medium/s1,synthetic,Two-walk-Auto,dense,1,reorder,0.014137993999611354,0.014237539000000132,0.0,0.0,
clean_block/medium/s1,synthetic,Two-walk-Auto,dense,1,score,0.007237358000566019,0.007362604000000106,198.815744,0.0,
clean_block/medium/s1,synthetic,Two-walk-Auto,dense,1,total,0.13738364000164438,0.13845176599999998,0.0,0.0,
clean_block/medium/s1,synthetic,Two-walk-Auto,matrix_free,-1,load,0.0036566349990607705,0.003657479000000019,0.0,0.0,
clean_block/medium/s1,synthetic,Two-walk-Auto,matrix_free,-1,reorder,0.012749688001349568,0.012914537999999975,188.280832,0.0,
clean_block/medium/s1,synthetic,Two-walk-Auto,matrix_free,-1,score,0.00642480199894635,0.006584709000000077,0.0,0.0,
clean_block/medium/s1,synthetic,Two-walk-Auto,matrix_free,-1,reorder,0.014859208997222595,0.015022937999999986,188.690432,0.0,
clean_block/medium/s1,synthetic,Two-walk-Auto,matrix_free,-1,score,0.007103447002009489,0.007194613999999988,188.690432,0.0,
clean_block/medium/s1,synthetic,Two-walk-Auto,matrix_free,-1,reorder,0.014326498003356392,0.014402839000000056,188.690432,0.0,
clean_block/medium/s1,synthetic,Two-walk-Auto,matrix_free,-1,score,0.006976537999435095,0.007126324999999989,188.690432,0.0,
clean_block/medium/s1,synthetic,Two-walk-Auto,matrix_free,-1,reorder,0.015798491996974917,0.01603780399999999,188.690432,0.0,
clean_block/medium/s1,synthetic,Two-walk-Auto,matrix_free,-1,score,0.006366011999489274,0.0064116699999999804,188.690432,0.0,
clean_block/medium/s1,synthetic,Two-walk-Auto,matrix_free,-1,reorder,0.01417307099836762,0.014388053000000012,188.690432,0.0,
clean_block/medium/s1,synthetic,Two-walk-Auto,matrix_free,-1,score,0.0063367380025738385,0.006456782999999966,188.690432,0.0,
clean_block/medium/s1,synthetic,Two-walk-Auto,matrix_free,-1,reorder,0.013321761001861887,0.013413819000000049,188.690432,0.0,
clean_block/medium/s1,synthetic,Two-walk-Auto,matrix_free,-1,score,0.00642206799966516,0.0065637419999999835,188.690432,0.0,
clean_block/medium/s1,synthetic,Two-walk-Auto,matrix_free,-1,total,0.12493624999842723,0.12658911500000003,0.0,0.0,
clean_block/medium/s1,synthetic,Two-walk-Auto,matrix_free,0,load,0.0040560750021541025,0.0040496509999999875,0.0,0.0,
clean_block/medium/s1,synthetic,Two-walk-Auto,matrix_free,0,reorder,0.014068233002035413,0.014177759999999928,188.444672,0.0,
clean_block/medium/s1,synthetic,Two-walk-Auto,matrix_free,0,score,0.0070564390007348265,0.007198990999999988,188.854272,0.0,
clean_block/medium/s1,synthetic,Two-walk-Auto,matrix_free,0,reorder,0.013572522002505139,0.013768676999999951,188.854272,0.0,
clean_block/medium/s1,synthetic,Two-walk-Auto,matrix_free,0,score,0.0069760679980390705,0.007017478999999938,188.854272,0.0,
clean_block/medium/s1,synthetic,Two-walk-Auto,matrix_free,0,reorder,0.0143609929982631,0.014563061000000044,188.854272,0.0,
clean_block/medium/s1,synthetic,Two-walk-Auto,matrix_free,0,score,0.007005634000961436,0.007037710000000086,188.854272,0.0,
clean_block/medium/s1,synthetic,Two-walk-Auto,matrix_free,0,reorder,0.016219834000366973,0.016362646000000036,188.854272,0.0,
clean_block/medium/s1,synthetic,Two-walk-Auto,matrix_free,0,score,0.006837436998466728,0.006896235000000028,188.854272,0.0,
clean_block/medium/s1,synthetic,Two-walk-Auto,matrix_free,0,reorder,0.015478081000765087,0.01570057200000008,188.858368,0.0,
clean_block/medium/s1,synthetic,Two-walk-Auto,matrix_free,0,score,0.006918810999195557,0.007001358999999985,188.858368,0.0,
clean_block/medium/s1,synthetic,Two-walk-Auto,matrix_free,0,reorder,0.014393134002602892,0.014547803999999998,188.858368,0.0,
clean_block/medium/s1,synthetic,Two-walk-Auto,matrix_free,0,score,0.006906407001224579,0.007011377999999957,188.858368,0.0,
clean_block/medium/s1,synthetic,Two-walk-Auto,matrix_free,0,total,0.12988111400045455,0.13136424200000008,0.0,0.0,
clean_block/medium/s1,synthetic,Two-walk-Auto,matrix_free,1,load,0.004270016001100885,0.004270694999999991,0.0,0.0,
clean_block/medium/s1,synthetic,Two-walk-Auto,matrix_free,1,reorder,0.015213853999739513,0.015355059000000004,188.928,0.0,
clean_block/medium/s1,synthetic,Two-walk-Auto,matrix_free,1,score,0.00731745899975067,0.007311728999999989,189.046784,0.0,
clean_block/medium/s1,synthetic,Two-walk-Auto,matrix_free,1,reorder,0.013977544000226771,0.01414358299999996,189.046784,0.0,
clean_block/medium/s1,synthetic,Two-walk-Auto,matrix_free,1,score,0.007163849997596117,0.007183150999999999,189.046784,0.0,
clean_block/medium/s1,synthetic,Two-walk-Auto,matrix_free,1,reorder,0.014937825999368215,0.014667564000000022,189.046784,0.0,
clean_block/medium/s1,synthetic,Two-walk-Auto,matrix_free,1,score,0.007284546998562291,0.007321998999999968,189.046784,0.0,
clean_block/medium/s1,synthetic,Two-walk-Auto,matrix_free,1,reorder,0.016541827000764897,0.016584510999999913,189.046784,0.0,
clean_block/medium/s1,synthetic,Two-walk-Auto,matrix_free,1,score,0.006910694999533007,0.006969059,189.046784,0.0,
clean_block/medium/s1,synthetic,Two-walk-Auto,matrix_free,1,reorder,0.015098597999894992,0.015306609999999998,189.046784,0.0,
clean_block/medium/s1,synthetic,Two-walk-Auto,matrix_free,1,score,0.0069510909997916315,0.0070867500000000305,189.046784,0.0,
clean_block/medium/s1,synthetic,Two-walk-Auto,matrix_free,1,reorder,0.013912590999098029,0.01405070999999991,189.046784,0.0,
clean_block/medium/s1,synthetic,Two-walk-Auto,matrix_free,1,score,0.006373246000293875,0.006536174000000061,189.046784,0.0,
clean_block/medium/s1,synthetic,Two-walk-Auto,matrix_free,1,total,0.13177124300273135,0.13259708000000003,0.0,0.0,
clean_block/large/s0,synthetic,One-walk,dense,-1,load,0.007359528000961291,0.007393133999999968,187.527168,0.0,
clean_block/large/s0,synthetic,One-walk,dense,-1,reorder,0.07918796699959785,0.07953759400000004,205.488128,0.0,
clean_block/large/s0,synthetic,One-walk,dense,-1,total,0.07919972899981076,0.07954652100000004,0.0,0.0,
clean_block/large/s0,synthetic,One-walk,dense,0,load,0.007649601997400168,0.007699316000000067,187.465728,0.0,
clean_block/large/s0,synthetic,One-walk,dense,0,reorder,0.07806429699849105,0.07839841199999997,205.541376,0.0,
clean_block/large/s0,synthetic,One-walk,dense,0,total,0.07807631000105175,0.07840797,0.0,0.0,
clean_block/large/s0,synthetic,One-walk,dense,1,load,0.007155645002058009,0.007202367999999959,187.691008,0.0,
clean_block/large/s0,synthetic,One-walk,dense,1,reorder,0.07510151400128962,0.07535109800000006,205.68064,0.0,
clean_block/large/s0,synthetic,One-walk,dense,1,total,0.07511245500063524,0.075359595,0.0,0.0,
clean_block/large/s0,synthetic,One-walk,matrix_free,-1,load,0.008990821002953453,0.009049109999999971,187.219968,0.0,
clean_block/large/s0,synthetic,One-walk,matrix_free,-1,reorder,0.0213438029968529,0.02157214400000007,190.963712,0.0,
clean_block/large/s0,synthetic,One-walk,matrix_free,-1,total,0.021356566998292692,0.02158236400000002,0.0,0.0,
clean_block/large/s0,synthetic,One-walk,matrix_free,0,load,0.007302931000594981,0.007335855000000002,187.4944,0.0,
clean_block/large/s0,synthetic,One-walk,matrix_free,0,reorder,0.02181398600077955,0.02217265600000007,191.004672,0.0,
clean_block/large/s0,synthetic,One-walk,matrix_free,0,total,0.02184910300275078,0.022202480999999996,0.0,0.0,
clean_block/large/s0,synthetic,One-walk,matrix_free,1,load,0.007153670998377493,0.007191375999999972,187.61728,0.0,
clean_block/large/s0,synthetic,One-walk,matrix_free,1,reorder,0.01872722100233659,0.01900911999999999,191.11936,0.0,
clean_block/large/s0,synthetic,One-walk,matrix_free,1,total,0.018735606001428096,0.01901642299999995,0.0,0.0,
clean_block/large/s0,synthetic,Two-walk,dense,-1,load,0.00890114199864911,0.008962338999999986,187.592704,0.0,
clean_block/large/s0,synthetic,Two-walk,dense,-1,reorder,0.08775512099964544,0.08815352700000001,207.138816,0.0,
clean_block/large/s0,synthetic,Two-walk,dense,-1,total,0.08776799599945662,0.08816358499999999,0.0,0.0,
clean_block/large/s0,synthetic,Two-walk,dense,0,load,0.007970555001520552,0.00803953199999996,187.334656,0.0,
clean_block/large/s0,synthetic,Two-walk,dense,0,reorder,0.08402021999791032,0.08442249699999993,206.774272,0.0,
clean_block/large/s0,synthetic,Two-walk,dense,0,total,0.0840326819998154,0.08443217599999997,0.0,0.0,
clean_block/large/s0,synthetic,Two-walk,dense,1,load,0.007118335000996012,0.007152083000000031,187.797504,0.0,
clean_block/large/s0,synthetic,Two-walk,dense,1,reorder,0.07996624799852725,0.08053412800000004,207.233024,0.0,
clean_block/large/s0,synthetic,Two-walk,dense,1,total,0.07997863100172253,0.08054413599999999,0.0,0.0,
clean_block/large/s0,synthetic,Two-walk,matrix_free,-1,load,0.007417796998197446,0.007457543999999983,187.74016,0.0,
clean_block/large/s0,synthetic,Two-walk,matrix_free,-1,reorder,0.04738337299932027,0.04799737199999998,191.270912,0.0,
clean_block/large/s0,synthetic,Two-walk,matrix_free,-1,total,0.047393032000400126,0.04800480600000001,0.0,0.0,
clean_block/large/s0,synthetic,Two-walk,matrix_free,0,load,0.007821695999155054,0.007514379000000071,187.76064,0.0,
clean_block/large/s0,synthetic,Two-walk,matrix_free,0,reorder,0.04749316000015824,0.04805674400000004,191.782912,0.0,
clean_block/large/s0,synthetic,Two-walk,matrix_free,0,total,0.04750387899912312,0.0480653889999999,0.0,0.0,
clean_block/large/s0,synthetic,Two-walk,matrix_free,1,load,0.007171133998781443,0.007214589000000049,187.523072,0.0,
clean_block/large/s0,synthetic,Two-walk,matrix_free,1,reorder,0.04664336399946478,0.047120734999999914,190.99648,0.0,
clean_block/large/s0,synthetic,Two-walk,matrix_free,1,total,0.0466517599998042,0.047127927999999986,0.0,0.0,
clean_block/large/s0,synthetic,Two-walk-Auto,dense,-1,load,0.0069998619983380195,0.007045583999999994,187.55584,0.0,
clean_block/large/s0,synthetic,Two-walk-Auto,dense,-1,reorder,0.07480702099928749,0.07501257099999992,206.864384,0.0,
clean_block/large/s0,synthetic,Two-walk-Auto,dense,-1,score,0.013325949999853037,0.013459606000000068,202.756096,0.0,
clean_block/large/s0,synthetic,Two-walk-Auto,dense,-1,reorder,0.07746404000135954,0.07784566100000001,211.329024,0.0,
clean_block/large/s0,synthetic,Two-walk-Auto,dense,-1,score,0.014621952999732457,0.014781087999999998,202.887168,0.0,
clean_block/large/s0,synthetic,Two-walk-Auto,dense,-1,reorder,0.07850809099909384,0.07881322000000013,215.61344,0.0,
clean_block/large/s0,synthetic,Two-walk-Auto,dense,-1,score,0.013267049002024578,0.013370810000000066,215.61344,0.0,
clean_block/large/s0,synthetic,Two-walk-Auto,dense,-1,reorder,0.07281749599860632,0.07312273899999999,220.782592,0.0,
clean_block/large/s0,synthetic,Two-walk-Auto,dense,-1,score,0.013535402998968493,0.013653848999999996,220.782592,0.0,
clean_block/large/s0,synthetic,Two-walk-Auto,dense,-1,reorder,0.07885945000089123,0.07919187099999991,225.071104,0.0,
clean_block/large/s0,synthetic,Two-walk-Auto,dense,-1,score,0.013834795001457678,0.013898897000000021,225.071104,0.0,
clean_block/large/s0,synthetic,Two-walk-Auto,dense,-1,reorder,0.07128392700178665,0.07158925500000013,229.35552,0.0,
clean_block/large/s0,synthetic,Two-walk-Auto,dense,-1,score,0.013392865999776404,0.013482148999999888,229.35552,0.0,
clean_block/large/s0,synthetic,Two-walk-Auto,dense,-1,total,0.5358363420018577,0.5383236069999999,0.0,0.0,
clean_block/large/s0,synthetic,Two-walk-Auto,dense,0,load,0.007457661999069387,0.007541259999999994,187.817984,0.0,
clean_block/large/s0,synthetic,Two-walk-Auto,dense,0,reorder,0.0767685850005364,0.07713786300000003,207.122432,0.0,
clean_block/large/s0,synthetic,Two-walk-Auto,dense,0,score,0.013449721998767927,0.013598786999999946,203.01824,0.0,
clean_block/large/s0,synthetic,Two-walk-Auto,dense,0,reorder,0.07678575700265355,0.07714026299999999,211.591168,0.0,
clean_block/large/s0,synthetic,Two-walk-Auto,dense,0,score,0.013546874000894604,0.013683899,203.149312,0.0,
clean_block/large/s0,synthetic,Two-walk-Auto,dense,0,reorder,0.08161552399906213,0.08192218299999998,215.87968,0.0,
clean_block/large/s0,synthetic,Two-walk-Auto,dense,0,score,0.013571068997407565,0.013703502000000034,215.87968,0.0,
clean_block/large/s0,synthetic,Two-walk-Auto,dense,0,reorder,0.07409500500216382,0.07442618199999984,221.048832,0.0,
clean_block/large/s0,synthetic,Two-walk-Auto,dense,0,score,0.013129301001754357,0.013259051999999993,221.048832,0.0,
clean_block/large/s0,synthetic,Two-walk-Auto,dense,0,reorder,0.07224229700295837,0.07254218700000004,225.337344,0.0,
clean_block/large/s0,synthetic,Two-walk-Auto,dense,0,score,0.013279071998113068,0.013420752999999896,225.337344,0.0,
clean_block/large/s0,synthetic,Two-walk-Auto,dense,0,reorder,0.07202429700191715,0.072314341,229.62176,0.0,
clean_block/large/s0,synthetic,Two-walk-Auto,dense,0,score,0.01364560900037759,0.013774173000000056,229.62176,0.0,
clean_block/large/s0,synthetic,Two-walk-Auto,dense,0,total,0.5342702319976524,0.537024284,0.0,0.0,
clean_block/large/s0,synthetic,Two-walk-Auto,dense,1,load,0.007002307000220753,0.0070470360000000065,187.359232,0.0,
clean_block/large/s0,synthetic,Two-walk-Auto,dense,1,reorder,0.07649868700173101,0.07690688199999995,206.655488,0.0,
clean_block/large/s0,synthetic,Two-walk-Auto,dense,1,score,0.013688800998352235,0.013814111000000073,202.5472,0.0,
clean_block/large/s0,synthetic,Two-walk-Auto,dense,1,reorder,0.07898938399739563,0.07933182999999999,211.120128,0.0,
clean_block/large/s0,synthetic,Two-walk-Auto,dense,1,score,0.014896568998665316,0.014972804999999978,202.678272,0.0,
clean_block/large/s0,synthetic,Two-walk-Auto,dense,1,reorder,0.08043246300076135,0.08094175300000006,215.40864,0.0,
clean_block/large/s0,synthetic,Two-walk-Auto,dense,1,score,0.013380411997786723,0.013515359999999976,215.40864,0.0,
clean_block/large/s0,synthetic,Two-walk-Auto,dense,1,reorder,0.07214532400030294,0.07244967299999994,220.577792,0.0,
clean_block/large/s0,synthetic,Two-walk-Auto,dense,1,score,0.013408806000370532,0.013534844999999907,220.577792,0.0,
clean_block/large/s0,synthetic,Two-walk-Auto,dense,1,reorder,0.07348196400198503,0.07344939900000003,224.862208,0.0,
clean_block/large/s0,synthetic,Two-walk-Auto,dense,1,score,0.013350426001125015,0.013496422999999869,224.862208,0.0,
clean_block/large/s0,synthetic,Two-walk-Auto,dense,1,reorder,0.07161523899776512,0.07185765599999994,229.15072,0.0,
clean_block/large/s0,synthetic,Two-walk-Auto,dense,1,score,0.013330048001080286,0.013454895999999827,229.15072,0.0,
clean_block/large/s0,synthetic,Two-walk-Auto,dense,1,total,0.5353355420011212,0.537828456,0.0,0.0,
clean_block/large/s0,synthetic,Two-walk-Auto,matrix_free,-1,load,0.006976838998525636,0.007037850999999984,187.645952,0.0,
clean_block/large/s0,synthetic,Two-walk-Auto,matrix_free,-1,reorder,0.047508457999356324,0.04810045899999993,191.115264,0.0,
clean_block/large/s0,synthetic,Two-walk-Auto,matrix_free,-1,score,0.013369591000810033,0.013562047999999938,191.594496,0.0,
clean_block/large/s0,synthetic,Two-walk-Auto,matrix_free,-1,reorder,0.04050213300070027,0.04098620800000008,191.594496,0.0,
clean_block/large/s0,synthetic,Two-walk-Auto,matrix_free,-1,score,0.013576049001130741,0.013780637999999956,191.594496,0.0,
clean_block/large/s0,synthetic,Two-walk-Auto,matrix_free,-1,reorder,0.04752649200236192,0.048151002,191.594496,0.0,
clean_block/large/s0,synthetic,Two-walk-Auto,matrix_free,-1,score,0.016414838999480708,0.016550461999999988,191.594496,0.0,
clean_block/large/s0,synthetic,Two-walk-Auto,matrix_free,-1,reorder,0.04310527099733008,0.04342327699999993,191.594496,0.0,
clean_block/large/s0,synthetic,Two-walk-Auto,matrix_free,-1,score,0.013431988998490851,0.01359344600000012,191.594496,0.0,
clean_block/large/s0,synthetic,Two-walk-Auto,matrix_free,-1,reorder,0.046426777000306174,0.046987479,191.594496,0.0,
clean_block/large/s0,synthetic,Two-walk-Auto,matrix_free,-1,score,0.013365353999688523,0.013565115000000016,191.594496,0.0,
clean_block/large/s0,synthetic,Two-walk-Auto,matrix_free,-1,reorder,0.04971748599928105,0.050417308999999966,191.594496,0.0,
clean_block/large/s0,synthetic,Two-walk-Auto,matrix_free,-1,score,0.013289000999066047,0.013452703999999871,191.594496,0.0,
clean_block/large/s0,synthetic,Two-walk-Auto,matrix_free,-1,total,0.3583249719995365,0.362650971,0.0,0.0,
clean_block/large/s0,synthetic,Two-walk-Auto,matrix_free,0,load,0.00843870400058222,0.008511494000000064,187.600896,0.0,
clean_block/large/s0,synthetic,Two-walk-Auto,matrix_free,0,reorder,0.05110777500158292,0.051702762999999985,191.238144,0.0,
clean_block/large/s0,synthetic,Two-walk-Auto,matrix_free,0,score,0.014376642000570428,0.014513113999999994,191.717376,0.0,
clean_block/large/s0,synthetic,Two-walk-Auto,matrix_free,0,reorder,0.04157508800199139,0.041877976999999955,191.717376,0.0,
clean_block/large/s0,synthetic,Two-walk-Auto,matrix_free,0,score,0.013524811998649966,0.013629223000000024,191.717376,0.0,
clean_block/large/s0,synthetic,Two-walk-Auto,matrix_free,0,reorder,0.047124598000664264,0.04771183099999998,191.717376,0.0,
clean_block/large/s0,synthetic,Two-walk-Auto,matrix_free,0,score,0.01333976500245626,0.013561759000000007,191.717376,0.0,
clean_block/large/s0,synthetic,Two-walk-Auto,matrix_free,0,reorder,0.03895510900110821,0.039396513999999994,191.717376,0.0,
clean_block/large/s0,synthetic,Two-walk-Auto,matrix_free,0,score,0.0134445229996345,0.01360476899999985,191.717376,0.0,
clean_block/large/s0,synthetic,Two-walk-Auto,matrix_free,0,reorder,0.04654578099871287,0.04698709499999998,191.717376,0.0,
clean_block/large/s0,synthetic,Two-walk-Auto,matrix_free,0,score,0.01341302299988456,0.01362832199999997,191.717376,0.0,
clean_block/large/s0,synthetic,Two-walk-Auto,matrix_free,0,reorder,0.052441519997955766,0.05323743999999997,191.717376,0.0,
clean_block/large/s0,synthetic,Two-walk-Auto,matrix_free,0,score,0.014638303000538144,0.014782188999999946,191.717376,0.0,
clean_block/large/s0,synthetic,Two-walk-Auto,matrix_free,0,total,0.36059356999976444,0.364726298,0.0,0.0,
clean_block/large/s0,synthetic,Two-walk-Auto,matrix_free,1,load,0.008722556998691289,0.008775195000000013,187.654144,0.0,
clean_block/large/s0,synthetic,Two-walk-Auto,matrix_free,1,reorder,0.0536619710001105,0.05407677600000005,191.332352,0.0,
clean_block/large/s0,synthetic,Two-walk-Auto,matrix_free,1,score,0.01531059600165463,0.015587374999999959,191.811584,0.0,
clean_block/large/s0,synthetic,Two-walk-Auto,matrix_free,1,reorder,0.048796435999975074,0.049881343999999994,191.811584,0.0,
clean_block/large/s0,synthetic,Two-walk-Auto,matrix_free,1,score,0.015224114002194256,0.015393352999999999,191.811584,0.0,
clean_block/large/s0,synthetic,Two-walk-Auto,matrix_free,1,reorder,0.049104705001809634,0.049630522999999926,191.811584,0.0,
clean_block/large/s0,synthetic,Two-walk-Auto,matrix_free,1,score,0.013821630000165896,0.014009385999999902,191.811584,0.0,
clean_block/large/s0,synthetic,Two-walk-Auto,matrix_free,1,reorder,0.04033102200264693,0.040756859999999895,191.811584,0.0,
clean_block/large/s0,synthetic,Two-walk-Auto,matrix_free,1,score,0.014157951998640783,0.01440226999999994,191.811584,0.0,
clean_block/large/s0,synthetic,Two-walk-Auto,matrix_free,1,reorder,0.05226971699812566,0.05290310600000003,191.811584,0.0,
clean_block/large/s0,synthetic,Two-walk-Auto,matrix_free,1,score,0.014512367000861559,0.014611751999999978,191.811584,0.0,
clean_block/large/s0,synthetic,Two-walk-Auto,matrix_free,1,reorder,0.04952795899953344,0.05003607600000004,191.811584,0.0,
clean_block/large/s0,synthetic,Two-walk-Auto,matrix_free,1,score,0.01425268000093638,0.01442620299999997,191.811584,0.0,
clean_block/large/s0,synthetic,Two-walk-Auto,matrix_free,1,total,0.38111989900062326,0.3858430650000001,0.0,0.0,
clean_block/large/s1,synthetic,One-walk,dense,-1,load,0.007074361998093082,0.007142537999999976,187.543552,0.0,
clean_block/large/s1,synthetic,One-walk,dense,-1,reorder,0.08187180499953683,0.08222082799999997,205.594624,0.0,
clean_block/large/s1,synthetic,One-walk,dense,-1,total,0.08188369699928444,0.08223014500000003,0.0,0.0,
clean_block/large/s1,synthetic,One-walk,dense,0,load,0.008806253998045577,0.008812438000000089,187.396096,0.0,
clean_block/large/s1,synthetic,One-walk,dense,0,reorder,0.08606435700130532,0.08647773299999995,205.53728,0.0,
clean_block/large/s1,synthetic,One-walk,dense,0,total,0.0860826520001865,0.08649176999999997,0.0,0.0,
clean_block/large/s1,synthetic,One-walk,dense,1,load,0.007718491997366073,0.007823236999999983,187.67872,0.0,
clean_block/large/s1,synthetic,One-walk,dense,1,reorder,0.07667238299836754,0.07716136200000001,205.672448,0.0,
clean_block/large/s1,synthetic,One-walk,dense,1,total,0.07668675999957486,0.07717283399999997,0.0,0.0,
clean_block/large/s1,synthetic,One-walk,matrix_free,-1,load,0.007380065999313956,0.0074784930000000305,187.793408,0.0,
clean_block/large/s1,synthetic,One-walk,matrix_free,-1,reorder,0.022335364999889862,0.022769990000000018,191.5904,0.0,
clean_block/large/s1,synthetic,One-walk,matrix_free,-1,total,0.02234808900175267,0.022779797999999962,0.0,0.0,
clean_block/large/s1,synthetic,One-walk,matrix_free,0,load,0.007295097002497641,0.007342026999999973,187.224064,0.0,
clean_block/large/s1,synthetic,One-walk,matrix_free,0,reorder,0.021401591999165248,0.02168493799999993,190.885888,0.0,
clean_block/large/s1,synthetic,One-walk,matrix_free,0,total,0.02140982799755875,0.021692111999999986,0.0,0.0,
clean_block/large/s1,synthetic,One-walk,matrix_free,1,load,0.007103046002157498,0.007143385999999974,187.727872,0.0,
clean_block/large/s1,synthetic,One-walk,matrix_free,1,reorder,0.02105219599980046,0.021302470000000073,191.234048,0.0,
clean_block/large/s1,synthetic,One-walk,matrix_free,1,total,0.021060350998595823,0.021309634000000077,0.0,0.0,
clean_block/large/s1,synthetic,Two-walk,dense,-1,load,0.006976689001021441,0.007041536000000015,187.846656,0.0,
clean_block/large/s1,synthetic,Two-walk,dense,-1,reorder,0.07299918699936825,0.07336053000000009,207.241216,0.0,
clean_block/large/s1,synthetic,Two-walk,dense,-1,total,0.07300941700304975,0.07336857500000005,0.0,0.0,
clean_block/large/s1,synthetic,Two-walk,dense,0,load,0.008057106999331154,0.00812626400000005,187.682816,0.0,
clean_block/large/s1,synthetic,Two-walk,dense,0,reorder,0.07691436800087104,0.07741145800000004,207.183872,0.0,
clean_block/large/s1,synthetic,Two-walk,dense,0,total,0.07692677099839784,0.077421246,0.0,0.0,
clean_block/large/s1,synthetic,Two-walk,dense,1,load,0.0075275730014254805,0.007665373000000031,187.478016,0.0,
clean_block/large/s1,synthetic,Two-walk,dense,1,reorder,0.07959378799932892,0.0800484680000001,206.872576,0.0,
clean_block/large/s1,synthetic,Two-walk,dense,1,total,0.07961298400186934,0.08006076200000001,0.0,0.0,
clean_block/large/s1,synthetic,Two-walk,matrix_free,-1,load,0.007673568001337117,0.007728481000000009,187.641856,0.0,
clean_block/large/s1,synthetic,Two-walk,matrix_free,-1,reorder,0.043774958001449704,0.044372166000000046,191.193088,0.0,
clean_block/large/s1,synthetic,Two-walk,matrix_free,-1,total,0.04378778200043598,0.044382005,0.0,0.0,
clean_block/large/s1,synthetic,Two-walk,matrix_free,0,load,0.007593267000629567,0.0076925600000000705,187.78112,0.0,
clean_block/large/s1,synthetic,Two-walk,matrix_free,0,reorder,0.04592844199942192,0.04657289499999995,191.332352,0.0,
clean_block/large/s1,synthetic,Two-walk,matrix_free,0,total,0.04594020399963483,0.04658227299999995,0.0,0.0,
clean_block/large/s1,synthetic,Two-walk,matrix_free,1,load,0.009824785996897845,0.009914379000000029,187.20768,0.0,
clean_block/large/s1,synthetic,Two-walk,matrix_free,1,reorder,0.04630984799950966,0.04677696200000003,191.127552,0.0,
clean_block/large/s1,synthetic,Two-walk,matrix_free,1,total,0.046323311999003636,0.046786990999999944,0.0,0.0,
clean_block/large/s1,synthetic,Two-walk-Auto,dense,-1,load,0.00845698800185346,0.008547431999999966,187.551744,0.0,
clean_block/large/s1,synthetic,Two-walk-Auto,dense,-1,reorder,0.08152274999883957,0.08199587400000008,207.097856,0.0,
clean_block/large/s1,synthetic,Two-walk-Auto,dense,-1,score,0.01384021600097185,0.013999874000000023,202.981376,0.0,
clean_block/large/s1,synthetic,Two-walk-Auto,dense,-1,reorder,0.08016141400003107,0.08070301300000005,212.467712,0.0,
clean_block/large/s1,synthetic,Two-walk-Auto,dense,-1,score,0.013518171002942836,0.013633821999999962,212.467712,0.0,
clean_block/large/s1,synthetic,Two-walk-Auto,dense,-1,reorder,0.07895559999815305,0.07925881400000012,216.764416,0.0,
clean_block/large/s1,synthetic,Two-walk-Auto,dense,-1,score,0.014226840998162515,0.014311960000000123,216.764416,0.0,
clean_block/large/s1,synthetic,Two-walk-Auto,dense,-1,reorder,0.07024155899853213,0.07050336499999998,221.065216,0.0,
clean_block/large/s1,synthetic,Two-walk-Auto,dense,-1,score,0.013270756000565598,0.013412999000000037,221.065216,0.0,
clean_block/large/s1,synthetic,Two-walk-Auto,dense,-1,reorder,0.07616733600298176,0.07661117800000006,225.36192,0.0,
clean_block/large/s1,synthetic,Two-walk-Auto,dense,-1,score,0.01481893199888873,0.014932771999999872,225.36192,0.0,
clean_block/large/s1,synthetic,Two-walk-Auto,dense,-1,reorder,0.07553821500187041,0.07590367799999997,229.666816,0.0,
clean_block/large/s1,synthetic,Two-walk-Auto,dense,-1,score,0.014086066999880131,0.014279531000000123,229.666816,0.0,
clean_block/large/s1,synthetic,Two-walk-Auto,dense,-1,total,0.5464857369988749,0.5496650310000001,0.0,0.0,
clean_block/large/s1,synthetic,Two-walk-Auto,dense,0,load,0.0079315820003103,0.008027468999999954,187.621376,0.0,
clean_block/large/s1,synthetic,Two-walk-Auto,dense,0,reorder,0.08772137900086818,0.08833054600000001,207.085568,0.0,
clean_block/large/s1,synthetic,Two-walk-Auto,dense,0,score,0.014769018998777028,0.014880431999999999,202.969088,0.0,
clean_block/large/s1,synthetic,Two-walk-Auto,dense,0,reorder,0.07409512500089477,0.07449769600000011,212.455424,0.0,
clean_block/large/s1,synthetic,Two-walk-Auto,dense,0,score,0.013910847999795806,0.014131099999999952,212.455424,0.0,
clean_block/large/s1,synthetic,Two-walk-Auto,dense,0,reorder,0.08049675399888656,0.08089343999999987,216.756224,0.0,
clean_block/large/s1,synthetic,Two-walk-Auto,dense,0,score,0.013380272001086269,0.01349300100000006,216.756224,0.0,
clean_block/large/s1,synthetic,Two-walk-Auto,dense,0,reorder,0.07702966400029254,0.07739644499999998,221.052928,0.0,
clean_block/large/s1,synthetic,Two-walk-Auto,dense,0,score,0.015404801997647155,0.01559224200000009,221.052928,0.0,
clean_block/large/s1,synthetic,Two-walk-Auto,dense,0,reorder,0.08258809000108158,0.08321939,225.349632,0.0,
clean_block/large/s1,synthetic,Two-walk-Auto,dense,0,score,0.013192540001909947,0.013370448999999951,225.349632,0.0,
clean_block/large/s1,synthetic,Two-walk-Auto,dense,0,reorder,0.07605067600161419,0.07641114999999998,229.650432,0.0,
clean_block/large/s1,synthetic,Two-walk-Auto,dense,0,score,0.014411497999390122,0.0145157600000001,229.650432,0.0,
clean_block/large/s1,synthetic,Two-walk-Auto,dense,0,total,0.5632360449999396,0.5668861910000002,0.0,0.0,
clean_block/large/s1,synthetic,Two-walk-Auto,dense,1,load,0.007566666998172877,0.007672895999999985,187.63776,0.0,
clean_block/large/s1,synthetic,Two-walk-Auto,dense,1,reorder,0.07352994399843737,0.07392297400000003,206.99136,0.0,
clean_block/large/s1,synthetic,Two-walk-Auto,dense,1,score,0.013364061000174843,0.013503098000000047,202.87488,0.0,
clean_block/large/s1,synthetic,Two-walk-Auto,dense,1,reorder,0.07115940299991053,0.071457027,212.361216,0.0,
clean_block/large/s1,synthetic,Two-walk-Auto,dense,1,score,0.013509453998267418,0.013643249000000024,212.361216,0.0,
clean_block/large/s1,synthetic,Two-walk-Auto,dense,1,reorder,0.07204402400020626,0.07236101299999997,216.65792,0.0,
clean_block/large/s1,synthetic,Two-walk-Auto,dense,1,score,0.013308967998455046,0.013440952000000062,216.65792,0.0,
clean_block/large/s1,synthetic,Two-walk-Auto,dense,1,reorder,0.07678735900117317,0.07711406500000018,220.954624,0.0,
clean_block/large/s1,synthetic,Two-walk-Auto,dense,1,score,0.01437553099822253,0.014524317000000009,220.954624,0.0,
clean_block/large/s1,synthetic,Two-walk-Auto,dense,1,reorder,0.07265727599951788,0.0730121130000001,225.255424,0.0,
clean_block/large/s1,synthetic,Two-walk-Auto,dense,1,score,0.016158728998561855,0.016346586000000052,225.255424,0.0,
clean_block/large/s1,synthetic,Two-walk-Auto,dense,1,reorder,0.07166273800248746,0.07185316800000008,229.552128,0.0,
clean_block/large/s1,synthetic,Two-walk-Auto,dense,1,score,0.01330631300152163,0.013454276000000043,229.552128,0.0,
clean_block/large/s1,synthetic,Two-walk-Auto,dense,1,total,0.521982250000292,0.5247355189999999,0.0,0.0,
clean_block/large/s1,synthetic,Two-walk-Auto,matrix_free,-1,load,0.007390626000415068,0.007446363999999983,187.285504,0.0,
clean_block/large/s1,synthetic,Two-walk-Auto,matrix_free,-1,reorder,0.04049823500099592,0.040964916999999934,190.828544,0.0,
clean_block/large/s1,synthetic,Two-walk-Auto,matrix_free,-1,score,0.01334486500127241,0.013499621000000017,191.307776,0.0,
clean_block/large/s1,synthetic,Two-walk-Auto,matrix_free,-1,reorder,0.03196104699964053,0.03242263499999998,191.307776,0.0,
clean_block/large/s1,synthetic,Two-walk-Auto,matrix_free,-1,score,0.013224309001088841,0.01333671599999997,191.307776,0.0,
clean_block/large/s1,synthetic,Two-walk-Auto,matrix_free,-1,reorder,0.0324160509990179,0.03279596600000001,191.307776,0.0,
clean_block/large/s1,synthetic,Two-walk-Auto,matrix_free,-1,score,0.013216323997767176,0.013389435000000005,191.307776,0.0,
clean_block/large/s1,synthetic,Two-walk-Auto,matrix_free,-1,reorder,0.029928091000329005,0.030251553000000042,191.307776,0.0,
clean_block/large/s1,synthetic,Two-walk-Auto,matrix_free,-1,score,0.01318306100074551,0.01336405900000004,191.307776,0.0,
clean_block/large/s1,synthetic,Two-walk-Auto,matrix_free,-1,reorder,0.029741018999629887,0.030093385000000028,191.307776,0.0,
clean_block/large/s1,synthetic,Two-walk-Auto,matrix_free,-1,score,0.013214200000220444,0.013400701999999987,191.307776,0.0,
clean_block/large/s1,synthetic,Two-walk-Auto,matrix_free,-1,reorder,0.028098064998630434,0.02841877600000009,191.307776,0.0,
clean_block/large/s1,synthetic,Two-walk-Auto,matrix_free,-1,score,0.013770644000032917,0.01389607100000001,191.307776,0.0,
clean_block/large/s1,synthetic,Two-walk-Auto,matrix_free,-1,total,0.2726666259986814,0.2758983679999999,0.0,0.0,
clean_block/large/s1,synthetic,Two-walk-Auto,matrix_free,0,load,0.007010771998466225,0.007080360000000008,187.326464,0.0,
clean_block/large/s1,synthetic,Two-walk-Auto,matrix_free,0,reorder,0.0427507250024064,0.043294182999999986,190.767104,0.0,
clean_block/large/s1,synthetic,Two-walk-Auto,matrix_free,0,score,0.013933701000496512,0.014158996000000035,191.246336,0.0,
clean_block/large/s1,synthetic,Two-walk-Auto,matrix_free,0,reorder,0.03701133899812703,0.037664012999999996,191.246336,0.0,
clean_block/large/s1,synthetic,Two-walk-Auto,matrix_free,0,score,0.014470467998762615,0.014607424000000035,191.246336,0.0,
clean_block/large/s1,synthetic,Two-walk-Auto,matrix_free,0,reorder,0.034476108998205746,0.03494275499999999,191.246336,0.0,
clean_block/large/s1,synthetic,Two-walk-Auto,matrix_free,0,score,0.013713467000343371,0.013846491999999988,191.246336,0.0,
clean_block/large/s1,synthetic,Two-walk-Auto,matrix_free,0,reorder,0.03907531499862671,0.039477930999999966,191.246336,0.0,
clean_block/large/s1,synthetic,Two-walk-Auto,matrix_free,0,score,0.01711038500070572,0.017568750000000022,191.246336,0.0,
clean_block/large/s1,synthetic,Two-walk-Auto,matrix_free,0,reorder,0.03815418500016676,0.039095420999999964,191.250432,0.0,
clean_block/large/s1,synthetic,Two-walk-Auto,matrix_free,0,score,0.015142849999392638,0.015286683999999995,191.250432,0.0,
clean_block/large/s1,synthetic,Two-walk-Auto,matrix_free,0,reorder,0.029070019998471253,0.029313066999999915,191.250432,0.0,
clean_block/large/s1,synthetic,Two-walk-Auto,matrix_free,0,score,0.013142365001840517,0.013275294000000049,191.250432,0.0,
clean_block/large/s1,synthetic,Two-walk-Auto,matrix_free,0,total,0.30818116499722237,0.31264292800000004,0.0,0.0,
clean_block/large/s1,synthetic,Two-walk-Auto,matrix_free,1,load,0.007687674002227141,0.007776851000000029,187.846656,0.0,
clean_block/large/s1,synthetic,Two-walk-Auto,matrix_free,1,reorder,0.04683488299997407,0.04759738899999999,191.328256,0.0,
clean_block/large/s1,synthetic,Two-walk-Auto,matrix_free,1,score,0.01549458099907497,0.01581913800000001,191.807488,0.0,
clean_block/large/s1,synthetic,Two-walk-Auto,matrix_free,1,reorder,0.03754977099742973,0.038088875999999994,191.807488,0.0,
clean_block/large/s1,synthetic,Two-walk-Auto,matrix_free,1,score,0.014638544002082199,0.014875513999999979,191.807488,0.0,
clean_block/large/s1,synthetic,Two-walk-Auto,matrix_free,1,reorder,0.03448388399920077,0.034930140000000054,191.807488,0.0,
clean_block/large/s1,synthetic,Two-walk-Auto,matrix_free,1,score,0.0147392229991965,0.015006748999999986,191.807488,0.0,
clean_block/large/s1,synthetic,Two-walk-Auto,matrix_free,1,reorder,0.035825001999910455,0.03632364300000002,191.807488,0.0,
clean_block/large/s1,synthetic,Two-walk-Auto,matrix_free,1,score,0.014923488997737877,0.01511151799999988,191.807488,0.0,
clean_block/large/s1,synthetic,Two-walk-Auto,matrix_free,1,reorder,0.0359726300011971,0.03649779200000003,191.807488,0.0,
clean_block/large/s1,synthetic,Two-walk-Auto,matrix_free,1,score,0.014769720000913367,0.01487804700000006,191.807488,0.0,
clean_block/large/s1,synthetic,Two-walk-Auto,matrix_free,1,reorder,0.0314683819997299,0.031818784000000155,191.807488,0.0,
clean_block/large/s1,synthetic,Two-walk-Auto,matrix_free,1,score,0.013423090997093823,0.013621577999999968,191.807488,0.0,
clean_block/large/s1,synthetic,Two-walk-Auto,matrix_free,1,total,0.31027401499886764,0.3146934280000001,0.0,0.0,
paired_overlap/small/s0,synthetic,One-walk,dense,-1,load,0.002293356003065128,0.0022935689999999953,0.0,0.0,
paired_overlap/small/s0,synthetic,One-walk,dense,-1,reorder,0.003808821002166951,0.003884664000000093,0.0,0.0,
paired_overlap/small/s0,synthetic,One-walk,dense,-1,total,0.003818810000666417,0.003892237999999937,0.0,0.0,
paired_overlap/small/s0,synthetic,One-walk,dense,0,load,0.0025588339995010756,0.0025584829999999448,0.0,0.0,
paired_overlap/small/s0,synthetic,One-walk,dense,0,reorder,0.004194085002382053,0.004239495000000093,189.509632,0.0,
paired_overlap/small/s0,synthetic,One-walk,dense,0,total,0.004201559000648558,0.0042460669999999645,0.0,0.0,
paired_overlap/small/s0,synthetic,One-walk,dense,1,load,0.0022940560011193156,0.0022944000000000297,0.0,0.0,
paired_overlap/small/s0,synthetic,One-walk,dense,1,reorder,0.003805275002378039,0.0038657260000000138,0.0,0.0,
paired_overlap/small/s0,synthetic,One-walk,dense,1,total,0.0038129389977257233,0.0038722979999999962,0.0,0.0,
paired_overlap/small/s0,synthetic,One-walk,matrix_free,-1,load,0.0025019579989020713,0.002501917999999992,0.0,0.0,
paired_overlap/small/s0,synthetic,One-walk,matrix_free,-1,reorder,0.0061480730000766926,0.006766631999999939,187.465728,0.0,
paired_overlap/small/s0,synthetic,One-walk,matrix_free,-1,total,0.006155406001198571,0.006772984000000037,0.0,0.0,
paired_overlap/small/s0,synthetic,One-walk,matrix_free,0,load,0.0023071310024533886,0.002307603999999963,0.0,0.0,
paired_overlap/small/s0,synthetic,One-walk,matrix_free,0,reorder,0.006329623000056017,0.0071138090000000265,187.551744,0.0,
paired_overlap/small/s0,synthetic,One-walk,matrix_free,0,total,0.006337488997814944,0.007120742999999985,0.0,0.0,
paired_overlap/small/s0,synthetic,One-walk,matrix_free,1,load,0.0024945030017988756,0.0024902270000000115,0.0,0.0,
paired_overlap/small/s0,synthetic,One-walk,matrix_free,1,reorder,0.0064165869989665225,0.00648965300000004,187.338752,0.0,
paired_overlap/small/s0,synthetic,One-walk,matrix_free,1,total,0.006424792998586781,0.006496696999999996,0.0,0.0,
paired_overlap/small/s0,synthetic,Two-walk,dense,-1,load,0.0023987630011106376,0.002399375999999953,0.0,0.0,
paired_overlap/small/s0,synthetic,Two-walk,dense,-1,reorder,0.006807059999118792,0.007011892999999936,188.649472,0.0,
paired_overlap/small/s0,synthetic,Two-walk,dense,-1,total,0.0068195029998605605,0.0070223630000000314,0.0,0.0,
paired_overlap/small/s0,synthetic,Two-walk,dense,0,load,0.0024660600029164925,0.0024660309999999797,0.0,0.0,
paired_overlap/small/s0,synthetic,Two-walk,dense,0,reorder,0.0045083750010235235,0.0045826679999999564,188.17024,0.0,
paired_overlap/small/s0,synthetic,Two-walk,dense,0,total,0.004521700000623241,0.004592998000000015,0.0,0.0,
paired_overlap/small/s0,synthetic,Two-walk,dense,1,load,0.0022644309974566568,0.002265045000000021,0.0,0.0,
paired_overlap/small/s0,synthetic,Two-walk,dense,1,reorder,0.004124273000343237,0.004136825000000011,0.0,0.0,
paired_overlap/small/s0,synthetic,Two-walk,dense,1,total,0.004131396999582648,0.004143015999999999,0.0,0.0,
paired_overlap/small/s0,synthetic,Two-walk,matrix_free,-1,load,0.0022516680000990164,0.002252031000000043,0.0,0.0,
paired_overlap/small/s0,synthetic,Two-walk,matrix_free,-1,reorder,0.006439609998778906,0.006532783000000042,187.666432,0.0,
paired_overlap/small/s0,synthetic,Two-walk,matrix_free,-1,total,0.006447324998589465,0.006539505000000001,0.0,0.0,
paired_overlap/small/s0,synthetic,Two-walk,matrix_free,0,load,0.0023013909994915593,0.002301392999999985,0.0,0.0,
paired_overlap/small/s0,synthetic,Two-walk,matrix_free,0,reorder,0.0064940329975797795,0.006535528999999984,187.63776,0.0,
paired_overlap/small/s0,synthetic,Two-walk,matrix_free,0,total,0.006502328000351554,0.006542782000000025,0.0,0.0,
paired_overlap/small/s0,synthetic,Two-walk,matrix_free,1,load,0.0022484709988930263,0.0022489850000000366,0.0,0.0,
paired_overlap/small/s0,synthetic,Two-walk,matrix_free,1,reorder,0.006391931001417106,0.006468784000000061,187.858944,0.0,
paired_overlap/small/s0,synthetic,Two-walk,matrix_free,1,total,0.006399484998837579,0.006475356000000043,0.0,0.0,
paired_overlap/small/s0,synthetic,Two-walk-Auto,dense,-1,load,0.0023223589996632654,0.0023229629999999,0.0,0.0,
paired_overlap/small/s0,synthetic,Two-walk-Auto,dense,-1,reorder,0.003951598999265116,0.004025276999999994,0.0,0.0,
paired_overlap/small/s0,synthetic,Two-walk-Auto,dense,-1,score,0.0032001079998735804,0.003301894999999999,190.042112,0.0,
paired_overlap/small/s0,synthetic,Two-walk-Auto,dense,-1,reorder,0.0031175430012808647,0.003165530000000083,0.0,0.0,
paired_overlap/small/s0,synthetic,Two-walk-Auto,dense,-1,score,0.0031633889993827324,0.00317503600000002,190.119936,0.0,
paired_overlap/small/s0,synthetic,Two-walk-Auto,dense,-1,reorder,0.00321285199970589,0.003255419000000037,0.0,0.0,
paired_overlap/small/s0,synthetic,Two-walk-Auto,dense,-1,score,0.0032325289976142813,0.0032721,190.377984,0.0,
paired_overlap/small/s0,synthetic,Two-walk-Auto,dense,-1,reorder,0.003080924001551466,0.003128600000000037,0.0,0.0,
paired_overlap/small/s0,synthetic,Two-walk-Auto,dense,-1,score,0.003121761001239065,0.003144888999999984,190.640128,0.0,
paired_overlap/small/s0,synthetic,Two-walk-Auto,dense,-1,reorder,0.0031789780005055945,0.003225030999999934,0.0,0.0,
paired_overlap/small/s0,synthetic,Two-walk-Auto,dense,-1,score,0.003166754999256227,0.003198199000000068,190.898176,0.0,
paired_overlap/small/s0,synthetic,Two-walk-Auto,dense,-1,reorder,0.003049546001420822,0.003088564000000016,0.0,0.0,
paired_overlap/small/s0,synthetic,Two-walk-Auto,dense,-1,score,0.0031906199983495753,0.0032476049999999868,191.156224,0.0,
paired_overlap/small/s0,synthetic,Two-walk-Auto,dense,-1,total,0.03872649000186357,0.039284010000000036,0.0,0.0,
paired_overlap/small/s0,synthetic,Two-walk-Auto,dense,0,load,0.0023207970007206313,0.002321279999999981,0.0,0.0,
paired_overlap/small/s0,synthetic,Two-walk-Auto,dense,0,reorder,0.004055764999066014,0.004116476999999952,0.0,0.0,
paired_overlap/small/s0,synthetic,Two-walk-Auto,dense,0,score,0.0032673640016582794,0.003365381999999917,189.80864,0.0,
paired_overlap/small/s0,synthetic,Two-walk-Auto,dense,0,reorder,0.003199737999239005,0.003253471999999924,0.0,0.0,
paired_overlap/small/s0,synthetic,Two-walk-Auto,dense,0,score,0.0031946580020303372,0.0032318809999999365,189.886464,0.0,
paired_overlap/small/s0,synthetic,Two-walk-Auto,dense,0,reorder,0.0032279699989885557,0.00328259799999997,0.0,0.0,
paired_overlap/small/s0,synthetic,Two-walk-Auto,dense,0,score,0.0032050970003183465,0.0032392479999999724,190.144512,0.0,
paired_overlap/small/s0,synthetic,Two-walk-Auto,dense,0,reorder,0.0030780090019106865,0.003126155999999991,0.0,0.0,
paired_overlap/small/s0,synthetic,Two-walk-Auto,dense,0,score,0.003205689001333667,0.0032767380000000568,190.406656,0.0,
paired_overlap/small/s0,synthetic,Two-walk-Auto,dense,0,reorder,0.0031650630007789005,0.0032094700000000476,0.0,0.0,
paired_overlap/small/s0,synthetic,Two-walk-Auto,dense,0,score,0.0032353640017390717,0.003310931000000017,190.664704,0.0,
paired_overlap/small/s0,synthetic,Two-walk-Auto,dense,0,reorder,0.0030560779996449128,0.003096180000000004,0.0,0.0,
paired_overlap/small/s0,synthetic,Two-walk-Auto,dense,0,score,0.003271241999755148,0.0033490040000000443,190.922752,0.0,
paired_overlap/small/s0,synthetic,Two-walk-Auto,dense,0,total,0.039221047998580616,0.039912280999999994,0.0,0.0,
paired_overlap/small/s0,synthetic,Two-walk-Auto,dense,1,load,0.0023014309990685433,0.002301863000000015,0.0,0.0,
paired_overlap/small/s0,synthetic,Two-walk-Auto,dense,1,reorder,0.00402391500028898,0.004083073999999964,0.0,0.0,
paired_overlap/small/s0,synthetic,Two-walk-Auto,dense,1,score,0.003243980998377083,0.0032981970000000027,189.816832,0.0,
paired_overlap/small/s0,synthetic,Two-walk-Auto,dense,1,reorder,0.0032072720023279544,0.0032547869999999257,0.0,0.0,
paired_overlap/small/s0,synthetic,Two-walk-Auto,dense,1,score,0.003186732999893138,0.0032337449999999546,189.898752,0.0,
paired_overlap/small/s0,synthetic,Two-walk-Auto,dense,1,reorder,0.0033083509988500737,0.0033538799999999203,0.0,0.0,
paired_overlap/small/s0,synthetic,Two-walk-Auto,dense,1,score,0.0032051679991127457,0.0032695539999999523,190.160896,0.0,
paired_overlap/small/s0,synthetic,Two-walk-Auto,dense,1,reorder,0.0031116420032049064,0.0031509030000000937,0.0,0.0,
paired_overlap/small/s0,synthetic,Two-walk-Auto,dense,1,score,0.003168137998727616,0.0032264619999999855,190.418944,0.0,
paired_overlap/small/s0,synthetic,Two-walk-Auto,dense,1,reorder,0.0031714249998913147,0.0032129060000000154,0.0,0.0,
paired_overlap/small/s0,synthetic,Two-walk-Auto,dense,1,score,0.0031358279993582983,0.0031773010000000212,190.676992,0.0,
paired_overlap/small/s0,synthetic,Two-walk-Auto,dense,1,reorder,0.003094619998591952,0.003138054999999973,0.0,0.0,
paired_overlap/small/s0,synthetic,Two-walk-Auto,dense,1,score,0.003158821000397438,0.0031962469999999854,190.939136,0.0,
paired_overlap/small/s0,synthetic,Two-walk-Auto,dense,1,total,0.039077508001355454,0.039652578999999966,0.0,0.0,
paired_overlap/small/s0,synthetic,Two-walk-Auto,matrix_free,-1,load,0.002341866998904152,0.0023423689999999553,0.0,0.0,
paired_overlap/small/s0,synthetic,Two-walk-Auto,matrix_free,-1,reorder,0.006422448001103476,0.006521472999999944,187.654144,0.0,
paired_overlap/small/s0,synthetic,Two-walk-Auto,matrix_free,-1,score,0.003300896998553071,0.0033745779999999614,188.12928,0.0,
paired_overlap/small/s0,synthetic,Two-walk-Auto,matrix_free,-1,reorder,0.00607718000173918,0.006133416000000058,188.12928,0.0,
paired_overlap/small/s0,synthetic,Two-walk-Auto,matrix_free,-1,score,0.0032619150006212294,0.003368400000000049,0.0,0.0,
paired_overlap/small/s0,synthetic,Two-walk-Auto,matrix_free,-1,reorder,0.0061709159999736585,0.006308254999999985,188.12928,0.0,
paired_overlap/small/s0,synthetic,Two-walk-Auto,matrix_free,-1,score,0.0032237030027317815,0.0032237580000000765,0.0,0.0,
paired_overlap/small/s0,synthetic,Two-walk-Auto,matrix_free,-1,reorder,0.006272818001889391,0.006382015000000019,188.12928,0.0,
paired_overlap/small/s0,synthetic,Two-walk-Auto,matrix_free,-1,score,0.00321686000097543,0.003286644999999977,188.12928,0.0,
paired_overlap/small/s0,synthetic,Two-walk-Auto,matrix_free,-1,reorder,0.0060798249978688546,0.006171798999999978,188.12928,0.0,
paired_overlap/small/s0,synthetic,Two-walk-Auto,matrix_free,-1,score,0.003260591001890134,0.003309341000000021,188.12928,0.0,
paired_overlap/small/s0,synthetic,Two-walk-Auto,matrix_free,-1,reorder,0.006108238998422166,0.006210920000000009,188.12928,0.0,
paired_overlap/small/s0,synthetic,Two-walk-Auto,matrix_free,-1,score,0.0031777359981788322,0.003183201999999996,0.0,0.0,
paired_overlap/small/s0,synthetic,Two-walk-Auto,matrix_free,-1,total,0.056636155997694004,0.05753164099999997,0.0,0.0,
paired_overlap/small/s0,synthetic,Two-walk-Auto,matrix_free,0,load,0.0024833320021571126,0.002483844000000013,0.0,0.0,
paired_overlap/small/s0,synthetic,Two-walk-Auto,matrix_free,0,reorder,0.006384507003531326,0.006435001000000051,187.695104,0.0,
paired_overlap/small/s0,synthetic,Two-walk-Auto,matrix_free,0,score,0.0032109990024764556,0.0033781070000000746,188.17024,0.0,
paired_overlap/small/s0,synthetic,Two-walk-Auto,matrix_free,0,reorder,0.00615044799997122,0.006227954999999952,188.17024,0.0,
paired_overlap/small/s0,synthetic,Two-walk-Auto,matrix_free,0,score,0.0031861819988989737,0.00323599199999991,188.17024,0.0,
paired_overlap/small/s0,synthetic,Two-walk-Auto,matrix_free,0,reorder,0.006103359002736397,0.0061859359999999475,188.17024,0.0,
paired_overlap/small/s0,synthetic,Two-walk-Auto,matrix_free,0,score,0.003170692998537561,0.0031708790000000153,0.0,0.0,
paired_overlap/small/s0,synthetic,Two-walk-Auto,matrix_free,0,reorder,0.006078141999751097,0.006151320999999932,188.17024,0.0,
paired_overlap/small/s0,synthetic,Two-walk-Auto,matrix_free,0,score,0.0031767750006110873,0.003260819999999942,188.17024,0.0,
paired_overlap/small/s0,synthetic,Two-walk-Auto,matrix_free,0,reorder,0.006284299000981264,0.006360542999999996,188.17024,0.0,
paired_overlap/small/s0,synthetic,Two-walk-Auto,matrix_free,0,score,0.003221437997126486,0.0032899910000000476,188.17024,0.0,
paired_overlap/small/s0,synthetic,Two-walk-Auto,matrix_free,0,reorder,0.006520162001834251,0.006802535999999915,188.17024,0.0,
paired_overlap/small/s0,synthetic,Two-walk-Auto,matrix_free,0,score,0.00339103599981172,0.003392433000000028,0.0,0.0,
paired_overlap/small/s0,synthetic,Two-walk-Auto,matrix_free,0,total,0.056957909000630025,0.057962077,0.0,0.0,
paired_overlap/small/s0,synthetic,Two-walk-Auto,matrix_free,1,load,0.0024582449987065047,0.0024582659999999867,0.0,0.0,
paired_overlap/small/s0,synthetic,Two-walk-Auto,matrix_free,1,reorder,0.007274798997968901,0.007461380000000073,187.826176,0.0,
paired_overlap/small/s0,synthetic,Two-walk-Auto,matrix_free,1,score,0.0034504980030760635,0.003450602000000025,0.0,0.0,
paired_overlap/small/s0,synthetic,Two-walk-Auto,matrix_free,1,reorder,0.008352030999958515,0.008556239999999993,188.301312,0.0,
paired_overlap/small/s0,synthetic,Two-walk-Auto,matrix_free,1,score,0.003440750002482673,0.0034407430000000794,0.0,0.0,
paired_overlap/small/s0,synthetic,Two-walk-Auto,matrix_free,1,reorder,0.006901227003254462,0.007026167999999999,188.301312,0.0,
paired_overlap/small/s0,synthetic,Two-walk-Auto,matrix_free,1,score,0.0034580629981064703,0.0034583059999999666,0.0,0.0,
paired_overlap/small/s0,synthetic,Two-walk-Auto,matrix_free,1,reorder,0.006886849998409161,0.007189169999999967,188.301312,0.0,
paired_overlap/small/s0,synthetic,Two-walk-Auto,matrix_free,1,score,0.0033969279975281097,0.0033969810000000766,0.0,0.0,
paired_overlap/small/s0,synthetic,Two-walk-Auto,matrix_free,1,reorder,0.006671986997389467,0.006803699999999968,188.301312,0.0,
paired_overlap/small/s0,synthetic,Two-walk-Auto,matrix_free,1,score,0.003416766001464566,0.0034168580000000226,0.0,0.0,
paired_overlap/small/s0,synthetic,Two-walk-Auto,matrix_free,1,reorder,0.006621402000746457,0.006787312999999906,188.301312,0.0,
paired_overlap/small/s0,synthetic,Two-walk-Auto,matrix_free,1,score,0.003366259999893373,0.0034391430000000334,188.301312,0.0,
paired_overlap/small/s0,synthetic,Two-walk-Auto,matrix_free,1,total,0.06330886400246527,0.06449288800000008,0.0,0.0,
paired_overlap/small/s1,synthetic,One-walk,dense,-1,load,0.0024730539989832323,0.0024738549999999693,0.0,0.0,
paired_overlap/small/s1,synthetic,One-walk,dense,-1,reorder,0.0043078480011899956,0.004388846000000002,187.977728,0.0,
paired_overlap/small/s1,synthetic,One-walk,dense,-1,total,0.0043165839997527655,0.004396481000000008,0.0,0.0,
paired_overlap/small/s1,synthetic,One-walk,dense,0,load,0.002300408999872161,0.0022999999999999687,0.0,0.0,
paired_overlap/small/s1,synthetic,One-walk,dense,0,reorder,0.0037675140010833275,0.003820862999999952,0.0,0.0,
paired_overlap/small/s1,synthetic,One-walk,dense,0,total,0.003775499000767013,0.003827444999999985,0.0,0.0,
paired_overlap/small/s1,synthetic,One-walk,dense,1,load,0.0025166949999402277,0.002517117000000013,0.0,0.0,
paired_overlap/small/s1,synthetic,One-walk,dense,1,reorder,0.004019075000542216,0.0041020889999999754,0.0,0.0,
paired_overlap/small/s1,synthetic,One-walk,dense,1,total,0.004027400998893427,0.0041095239999999755,0.0,0.0,
paired_overlap/small/s1,synthetic,One-walk,matrix_free,-1,load,0.0027532490021258127,0.0027535180000000103,0.0,0.0,
paired_overlap/small/s1,synthetic,One-walk,matrix_free,-1,reorder,0.009167923002678435,0.009421543999999948,187.604992,0.0,
paired_overlap/small/s1,synthetic,One-walk,matrix_free,-1,total,0.0091768799975398,0.00942931800000002,0.0,0.0,
paired_overlap/small/s1,synthetic,One-walk,matrix_free,0,load,0.002262918002088554,0.002263581999999986,0.0,0.0,
paired_overlap/small/s1,synthetic,One-walk,matrix_free,0,reorder,0.008403107000049204,0.00895069100000001,187.813888,0.0,
paired_overlap/small/s1,synthetic,One-walk,matrix_free,0,total,0.008440757002972532,0.008983431999999958,0.0,0.0,
paired_overlap/small/s1,synthetic,One-walk,matrix_free,1,load,0.0023382899998978246,0.0023385529999999655,0.0,0.0,
paired_overlap/small/s1,synthetic,One-walk,matrix_free,1,reorder,0.007974683001521043,0.008612017999999999,187.613184,0.0,
paired_overlap/small/s1,synthetic,One-walk,matrix_free,1,total,0.007982136001373874,0.008618508999999941,0.0,0.0,
paired_overlap/small/s1,synthetic,Two-walk,dense,-1,load,0.002438559000438545,0.00243396100000004,0.0,0.0,
paired_overlap/small/s1,synthetic,Two-walk,dense,-1,reorder,0.004059412000060547,0.0041295930000000425,0.0,0.0,
paired_overlap/small/s1,synthetic,Two-walk,dense,-1,total,0.00406707599904621,0.004136385999999992,0.0,0.0,
paired_overlap/small/s1,synthetic,Two-walk,dense,0,load,0.002554055001382949,0.0025538859999999497,0.0,0.0,
paired_overlap/small/s1,synthetic,Two-walk,dense,0,reorder,0.00471151600140729,0.004710107000000074,187.613184,0.0,
paired_overlap/small/s1,synthetic,Two-walk,dense,0,total,0.004719290001958143,0.004716769000000065,0.0,0.0,
paired_overlap/small/s1,synthetic,Two-walk,dense,1,load,0.002325725999980932,0.00232631899999991,0.0,0.0,
paired_overlap/small/s1,synthetic,Two-walk,dense,1,reorder,0.004021049000584753,0.004081189999999957,0.0,0.0,
paired_overlap/small/s1,synthetic,Two-walk,dense,1,total,0.004029165000247303,0.004088234000000024,0.0,0.0,
paired_overlap/small/s1,synthetic,Two-walk,matrix_free,-1,load,0.002274901999044232,0.002275303999999978,0.0,0.0,
paired_overlap/small/s1,synthetic,Two-walk,matrix_free,-1,reorder,0.008379812999919523,0.008490817999999956,187.695104,0.0,
paired_overlap/small/s1,synthetic,Two-walk,matrix_free,-1,total,0.008387357000174234,0.008497439999999967,0.0,0.0,
paired_overlap/small/s1,synthetic,Two-walk,matrix_free,0,load,0.0021926369990978856,0.0021930499999999187,0.0,0.0,
paired_overlap/small/s1,synthetic,Two-walk,matrix_free,0,reorder,0.008371326999622397,0.008479714999999999,187.785216,0.0,
paired_overlap/small/s1,synthetic,Two-walk,matrix_free,0,total,0.0083790719982062,0.00848633700000001,0.0,0.0,
paired_overlap/small/s1,synthetic,Two-walk,matrix_free,1,load,0.0025019780005095527,0.002502688999999947,0.0,0.0,
paired_overlap/small/s1,synthetic,Two-walk,matrix_free,1,reorder,0.00916054799745325,0.00928000799999995,187.621376,0.0,
paired_overlap/small/s1,synthetic,Two-walk,matrix_free,1,total,0.009168653999950038,0.009286990999999967,0.0,0.0,
paired_overlap/small/s1,synthetic,Two-walk-Auto,dense,-1,load,0.0023140439989219885,0.0023144580000000747,0.0,0.0,
paired_overlap/small/s1,synthetic,Two-walk-Auto,dense,-1,reorder,0.004087975001311861,0.004176088000000022,0.0,0.0,
paired_overlap/small/s1,synthetic,Two-walk-Auto,dense,-1,score,0.003193837001163047,0.0032423209999999925,189.97248,0.0,
paired_overlap/small/s1,synthetic,Two-walk-Auto,dense,-1,reorder,0.0032699299990781583,0.003306153000000034,0.0,0.0,
paired_overlap/small/s1,synthetic,Two-walk-Auto,dense,-1,score,0.003220667000277899,0.00331880700000009,190.050304,0.0,
paired_overlap/small/s1,synthetic,Two-walk-Auto,dense,-1,reorder,0.003498687998217065,0.0035547759999999817,0.0,0.0,
paired_overlap/small/s1,synthetic,Two-walk-Auto,dense,-1,score,0.005114933002914768,0.005168233000000022,190.312448,0.0,
paired_overlap/small/s1,synthetic,Two-walk-Auto,dense,-1,reorder,0.0037442800021381117,0.003883912000000045,190.312448,0.0,
paired_overlap/small/s1,synthetic,Two-walk-Auto,dense,-1,score,0.00347012500060373,0.0035301610000000316,190.574592,0.0,
paired_overlap/small/s1,synthetic,Two-walk-Auto,dense,-1,reorder,0.0033952550002140924,0.0033958989999999245,0.0,0.0,
paired_overlap/small/s1,synthetic,Two-walk-Auto,dense,-1,score,0.0035266509985376615,0.0036100100000000523,190.836736,0.0,
paired_overlap/small/s1,synthetic,Two-walk-Auto,dense,-1,reorder,0.0035580209987529088,0.0036148900000000372,0.0,0.0,
paired_overlap/small/s1,synthetic,Two-walk-Auto,dense,-1,score,0.003422035002586199,0.0034451920000000413,191.09888,0.0,
paired_overlap/small/s1,synthetic,Two-walk-Auto,dense,-1,total,0.04357424200134119,0.04431362700000008,0.0,0.0,
paired_overlap/small/s1,synthetic,Two-walk-Auto,dense,0,load,0.0023045169982651714,0.002305030000000041,0.0,0.0,
paired_overlap/small/s1,synthetic,Two-walk-Auto,dense,0,reorder,0.0041545300009602215,0.004213577000000024,0.0,0.0,
paired_overlap/small/s1,synthetic,Two-walk-Auto,dense,0,score,0.0032702300013625063,0.003324215999999991,189.886464,0.0,
paired_overlap/small/s1,synthetic,Two-walk-Auto,dense,0,reorder,0.003423217000090517,0.003486028999999946,0.0,0.0,
paired_overlap/small/s1,synthetic,Two-walk-Auto,dense,0,score,0.003181593001500005,0.0032419630000000144,189.968384,0.0,
paired_overlap/small/s1,synthetic,Two-walk-Auto,dense,0,reorder,0.003353676998813171,0.0034087350000000516,0.0,0.0,
paired_overlap/small/s1,synthetic,Two-walk-Auto,dense,0,score,0.0049538310013304,0.004990528999999966,190.230528,0.0,
paired_overlap/small/s1,synthetic,Two-walk-Auto,dense,0,reorder,0.0037190830007602926,0.0038938820000000707,190.234624,0.0,
paired_overlap/small/s1,synthetic,Two-walk-Auto,dense,0,score,0.0035065629999735393,0.0035580319999999332,190.496768,0.0,
paired_overlap/small/s1,synthetic,Two-walk-Auto,dense,0,reorder,0.003476336001767777,0.003476870999999937,0.0,0.0,
paired_overlap/small/s1,synthetic,Two-walk-Auto,dense,0,score,0.003555796000000555,0.0036344950000000154,190.758912,0.0,
paired_overlap/small/s1,synthetic,Two-walk-Auto,dense,0,reorder,0.0036493619991233572,0.0037031239999999466,0.0,0.0,
paired_overlap/small/s1,synthetic,Two-walk-Auto,dense,0,score,0.0034096920026058797,0.0034187340000000344,191.021056,0.0,
paired_overlap/small/s1,synthetic,Two-walk-Auto,dense,0,total,0.043727568998292554,0.04441916499999998,0.0,0.0,
paired_overlap/small/s1,synthetic,Two-walk-Auto,dense,1,load,0.002247369000542676,0.002247792999999998,0.0,0.0,
paired_overlap/small/s1,synthetic,Two-walk-Auto,dense,1,reorder,0.004116549000173109,0.004199343999999994,0.0,0.0,
paired_overlap/small/s1,synthetic,Two-walk-Auto,dense,1,score,0.00327158200161648,0.0032973860000000688,189.947904,0.0,
paired_overlap/small/s1,synthetic,Two-walk-Auto,dense,1,reorder,0.0033632250015216414,0.003411226999999961,0.0,0.0,
paired_overlap/small/s1,synthetic,Two-walk-Auto,dense,1,score,0.0033024799995473586,0.00337651299999997,190.029824,0.0,
paired_overlap/small/s1,synthetic,Two-walk-Auto,dense,1,reorder,0.003311967997433385,0.003356566999999977,0.0,0.0,
paired_overlap/small/s1,synthetic,Two-walk-Auto,dense,1,score,0.003217090001271572,0.0032620090000000657,190.291968,0.0,
paired_overlap/small/s1,synthetic,Two-walk-Auto,dense,1,reorder,0.003237228000216419,0.0032826470000000274,0.0,0.0,
paired_overlap/small/s1,synthetic,Two-walk-Auto,dense,1,score,0.0031338339977082796,0.0031951249999999654,190.554112,0.0,
paired_overlap/small/s1,synthetic,Two-walk-Auto,dense,1,reorder,0.0030358100011653733,0.0030945960000000605,0.0,0.0,
paired_overlap/small/s1,synthetic,Two-walk-Auto,dense,1,score,0.003214655000192579,0.003251329000000025,190.816256,0.0,
paired_overlap/small/s1,synthetic,Two-walk-Auto,dense,1,reorder,0.0031898800007184036,0.003229519000000014,0.0,0.0,
paired_overlap/small/s1,synthetic,Two-walk-Auto,dense,1,score,0.003190399998857174,0.00324943600000005,191.0784,0.0,
paired_overlap/small/s1,synthetic,Two-walk-Auto,dense,1,total,0.03964452299987897,0.04026201400000007,0.0,0.0,
paired_overlap/small/s1,synthetic,Two-walk-Auto,matrix_free,-1,load,0.0022939869995752815,0.002294419999999908,0.0,0.0,
paired_overlap/small/s1,synthetic,Two-walk-Auto,matrix_free,-1,reorder,0.00909126899932744,0.009167498000000052,187.57632,0.0,
paired_overlap/small/s1,synthetic,Two-walk-Auto,matrix_free,-1,score,0.0032626459978928324,0.003288088999999994,0.0,0.0,
paired_overlap/small/s1,synthetic,Two-walk-Auto,matrix_free,-1,reorder,0.00762611900063348,0.00772488299999996,188.051456,0.0,
paired_overlap/small/s1,synthetic,Two-walk-Auto,matrix_free,-1,score,0.0032394619993283413,0.0032869760000000525,0.0,0.0,
paired_overlap/small/s1,synthetic,Two-walk-Auto,matrix_free,-1,reorder,0.008095879999018507,0.008230282000000089,188.051456,0.0,
paired_overlap/small/s1,synthetic,Two-walk-Auto,matrix_free,-1,score,0.003288162999524502,0.003335717000000016,188.051456,0.0,
paired_overlap/small/s1,synthetic,Two-walk-Auto,matrix_free,-1,reorder,0.007994609997695079,0.008088453000000051,188.051456,0.0,
paired_overlap/small/s1,synthetic,Two-walk-Auto,matrix_free,-1,score,0.003236076001485344,0.0033608700000000713,188.051456,0.0,
paired_overlap/small/s1,synthetic,Two-walk-Auto,matrix_free,-1,reorder,0.009301293001044542,0.009391345999999912,188.051456,0.0,
paired_overlap/small/s1,synthetic,Two-walk-Auto,matrix_free,-1,score,0.003302231001725886,0.003354760999999984,188.051456,0.0,
paired_overlap/small/s1,synthetic,Two-walk-Auto,matrix_free,-1,reorder,0.009653253997385036,0.009843688999999989,188.051456,0.0,
paired_overlap/small/s1,synthetic,Two-walk-Auto,matrix_free,-1,score,0.0032390019987360574,0.0032390060000000442,0.0,0.0,
paired_overlap/small/s1,synthetic,Two-walk-Auto,matrix_free,-1,total,0.07139826200000243,0.07237207600000006,0.0,0.0,
paired_overlap/small/s1,synthetic,Two-walk-Auto,matrix_free,0,load,0.0022422799993364606,0.0022427529999999862,0.0,0.0,
paired_overlap/small/s1,synthetic,Two-walk-Auto,matrix_free,0,reorder,0.00837525499809999,0.008549472999999974,187.650048,0.0,
paired_overlap/small/s1,synthetic,Two-walk-Auto,matrix_free,0,score,0.0031929750002746005,0.00319305999999997,0.0,0.0,
paired_overlap/small/s1,synthetic,Two-walk-Auto,matrix_free,0,reorder,0.007597574000101304,0.007751151000000012,188.125184,0.0,
paired_overlap/small/s1,synthetic,Two-walk-Auto,matrix_free,0,score,0.0032053979994088877,0.003205483000000009,0.0,0.0,
paired_overlap/small/s1,synthetic,Two-walk-Auto,matrix_free,0,reorder,0.009935905000020284,0.010554403999999962,188.125184,0.0,
paired_overlap/small/s1,synthetic,Two-walk-Auto,matrix_free,0,score,0.0035121239998261444,0.0035911849999999967,188.125184,0.0,
paired_overlap/small/s1,synthetic,Two-walk-Auto,matrix_free,0,reorder,0.008814709999569459,0.008916499999999994,188.125184,0.0,
paired_overlap/small/s1,synthetic,Two-walk-Auto,matrix_free,0,score,0.003467559999990044,0.003523358000000032,188.125184,0.0,
paired_overlap/small/s1,synthetic,Two-walk-Auto,matrix_free,0,reorder,0.010094863999256631,0.010333967999999971,188.125184,0.0,
paired_overlap/small/s1,synthetic,Two-walk-Auto,matrix_free,0,score,0.0034317030003876425,0.0034317860000000477,0.0,0.0,
paired_overlap/small/s1,synthetic,Two-walk-Auto,matrix_free,0,reorder,0.01028458000291721,0.010441141000000043,188.125184,0.0,
paired_overlap/small/s1,synthetic,Two-walk-Auto,matrix_free,0,score,0.0035014040004170965,0.003607625999999975,188.125184,0.0,
paired_overlap/small/s1,synthetic,Two-walk-Auto,matrix_free,0,total,0.07548102699729498,0.077161162,0.0,0.0,
paired_overlap/small/s1,synthetic,Two-walk-Auto,matrix_free,1,load,0.0022988269993220456,0.002299249000000003,0.0,0.0,
paired_overlap/small/s1,synthetic,Two-walk-Auto,matrix_free,1,reorder,0.008418727000389481,0.008571847999999993,187.879424,0.0,
paired_overlap/small/s1,synthetic,Two-walk-Auto,matrix_free,1,score,0.0032032640010584146,0.0032033890000000564,0.0,0.0,
paired_overlap/small/s1,synthetic,Two-walk-Auto,matrix_free,1,reorder,0.007549222998932237,0.007776398999999934,188.35456,0.0,
paired_overlap/small/s1,synthetic,Two-walk-Auto,matrix_free,1,score,0.0031598729983670637,0.0031600689999999876,0.0,0.0,
paired_overlap/small/s1,synthetic,Two-walk-Auto,matrix_free,1,reorder,0.010788064999360358,0.011421298999999996,188.35456,0.0,
paired_overlap/small/s1,synthetic,Two-walk-Auto,matrix_free,1,score,0.003928856000129599,0.004015198000000053,188.35456,0.0,
paired_overlap/small/s1,synthetic,Two-walk-Auto,matrix_free,1,reorder,0.008640381998702651,0.008693263999999923,188.35456,0.0,
paired_overlap/small/s1,synthetic,Two-walk-Auto,matrix_free,1,score,0.003517584002111107,0.0036028280000000024,188.35456,0.0,
paired_overlap/small/s1,synthetic,Two-walk-Auto,matrix_free,1,reorder,0.010149826997803757,0.010592885999999968,188.35456,0.0,
paired_overlap/small/s1,synthetic,Two-walk-Auto,matrix_free,1,score,0.0034613380012160633,0.003461432000000042,0.0,0.0,
paired_overlap/small/s1,synthetic,Two-walk-Auto,matrix_free,1,reorder,0.010105061999638565,0.010252327000000006,188.35456,0.0,
paired_overlap/small/s1,synthetic,Two-walk-Auto,matrix_free,1,score,0.003181172000040533,0.003218127000000015,188.35456,0.0,
paired_overlap/small/s1,synthetic,Two-walk-Auto,matrix_free,1,total,0.07617061099881539,0.07803144400000006,0.0,0.0,
paired_overlap/medium/s0,synthetic,One-walk,dense,-1,load,0.005256398999335943,0.005327191000000009,187.265024,0.0,
paired_overlap/medium/s0,synthetic,One-walk,dense,-1,reorder,0.013572443000157364,0.013625145000000005,192.786432,0.0,
paired_overlap/medium/s0,synthetic,One-walk,dense,-1,total,0.013581819999672007,0.013633319999999949,0.0,0.0,
paired_overlap/medium/s0,synthetic,One-walk,dense,0,load,0.005271859001368284,0.005353279000000044,187.20768,0.0,
paired_overlap/medium/s0,synthetic,One-walk,dense,0,reorder,0.014847154998278711,0.014925936000000029,192.856064,0.0,
paired_overlap/medium/s0,synthetic,One-walk,dense,0,total,0.014857254998787539,0.014934803000000052,0.0,0.0,
paired_overlap/medium/s0,synthetic,One-walk,dense,1,load,0.004444825000973651,0.00444739499999991,0.0,0.0,
paired_overlap/medium/s0,synthetic,One-walk,dense,1,reorder,0.013310850998095702,0.01344230600000007,192.987136,0.0,
paired_overlap/medium/s0,synthetic,One-walk,dense,1,total,0.013339174998691306,0.013467241999999935,0.0,0.0,
paired_overlap/medium/s0,synthetic,One-walk,matrix_free,-1,load,0.004569548997096717,0.004569965000000065,0.0,0.0,
paired_overlap/medium/s0,synthetic,One-walk,matrix_free,-1,reorder,0.01399743000001763,0.01415071999999995,188.592128,0.0,
paired_overlap/medium/s0,synthetic,One-walk,matrix_free,-1,total,0.01400453399764956,0.014156741000000084,0.0,0.0,
paired_overlap/medium/s0,synthetic,One-walk,matrix_free,0,load,0.005027740000514314,0.005029463999999928,0.0,0.0,
paired_overlap/medium/s0,synthetic,One-walk,matrix_free,0,reorder,0.016443301999970572,0.0167826390000001,188.588032,0.0,
paired_overlap/medium/s0,synthetic,One-walk,matrix_free,0,total,0.016458652000437723,0.016794550000000075,0.0,0.0,
paired_overlap/medium/s0,synthetic,One-walk,matrix_free,1,load,0.004733658002805896,0.00473498299999997,0.0,0.0,
paired_overlap/medium/s0,synthetic,One-walk,matrix_free,1,reorder,0.015368535001471173,0.015514651000000046,188.280832,0.0,
paired_overlap/medium/s0,synthetic,One-walk,matrix_free,1,total,0.0153779520005628,0.015522746000000032,0.0,0.0,
paired_overlap/medium/s0,synthetic,Two-walk,dense,-1,load,0.004201067000394687,0.00420156599999999,0.0,0.0,
paired_overlap/medium/s0,synthetic,Two-walk,dense,-1,reorder,0.015768575998663437,0.015876113999999997,193.990656,0.0,
paired_overlap/medium/s0,synthetic,Two-walk,dense,-1,total,0.015779545999976108,0.015884710999999996,0.0,0.0,
paired_overlap/medium/s0,synthetic,Two-walk,dense,0,load,0.004317716997320531,0.004318403999999942,0.0,0.0,
paired_overlap/medium/s0,synthetic,Two-walk,dense,0,reorder,0.016505168998264708,0.016650704000000016,194.072576,0.0,
paired_overlap/medium/s0,synthetic,Two-walk,dense,0,total,0.01651512799799093,0.01665889899999995,0.0,0.0,
paired_overlap/medium/s0,synthetic,Two-walk,dense,1,load,0.005906088998017367,0.0060308880000000675,186.892288,0.0,
paired_overlap/medium/s0,synthetic,Two-walk,dense,1,reorder,0.015827385999727994,0.016075627999999953,194.080768,0.0,
paired_overlap/medium/s0,synthetic,Two-walk,dense,1,total,0.01583878800011007,0.0160842739999999,0.0,0.0,
paired_overlap/medium/s0,synthetic,Two-walk,matrix_free,-1,load,0.004529484001977835,0.004529188000000017,0.0,0.0,
paired_overlap/medium/s0,synthetic,Two-walk,matrix_free,-1,reorder,0.012682511998718837,0.012819635000000051,188.522496,0.0,
paired_overlap/medium/s0,synthetic,Two-walk,matrix_free,-1,total,0.012690576000750298,0.012826658000000046,0.0,0.0,
paired_overlap/medium/s0,synthetic,Two-walk,matrix_free,0,load,0.004456296999705955,0.004455771000000053,0.0,0.0,
paired_overlap/medium/s0,synthetic,Two-walk,matrix_free,0,reorder,0.012999868002225412,0.013123617000000087,188.432384,0.0,
paired_overlap/medium/s0,synthetic,Two-walk,matrix_free,0,total,0.013010347000090405,0.01313251400000004,0.0,0.0,
paired_overlap/medium/s0,synthetic,Two-walk,matrix_free,1,load,0.0049846180008898955,0.0049845899999999554,0.0,0.0,
paired_overlap/medium/s0,synthetic,Two-walk,matrix_free,1,reorder,0.013014545002079103,0.013089483999999985,188.567552,0.0,
paired_overlap/medium/s0,synthetic,Two-walk,matrix_free,1,total,0.013024112999119097,0.013097778999999976,0.0,0.0,
paired_overlap/medium/s0,synthetic,Two-walk-Auto,dense,-1,load,0.004123711998545332,0.004124592000000038,0.0,0.0,
paired_overlap/medium/s0,synthetic,Two-walk-Auto,dense,-1,reorder,0.0136128779995488,0.013708932999999979,0.0,0.0,
paired_overlap/medium/s0,synthetic,Two-walk-Auto,dense,-1,score,0.006532644998515025,0.006585123999999998,194.113536,0.0,
paired_overlap/medium/s0,synthetic,Two-walk-Auto,dense,-1,reorder,0.011351602999638999,0.011428368999999994,0.0,0.0,
paired_overlap/medium/s0,synthetic,Two-walk-Auto,dense,-1,score,0.006766184000298381,0.006842816000000029,194.43712,0.0,
paired_overlap/medium/s0,synthetic,Two-walk-Auto,dense,-1,reorder,0.011501554999995278,0.011575412000000007,195.465216,0.0,
paired_overlap/medium/s0,synthetic,Two-walk-Auto,dense,-1,score,0.006387291999999434,0.006440561000000011,195.465216,0.0,
paired_overlap/medium/s0,synthetic,Two-walk-Auto,dense,-1,reorder,0.012250349998794263,0.01232954399999997,196.497408,0.0,
paired_overlap/medium/s0,synthetic,Two-walk-Auto,dense,-1,score,0.00627562299996498,0.0063354779999998945,0.0,0.0,
paired_overlap/medium/s0,synthetic,Two-walk-Auto,dense,-1,reorder,0.011900674002390588,0.011650724000000001,197.5296,0.0,
paired_overlap/medium/s0,synthetic,Two-walk-Auto,dense,-1,score,0.0068107769984635524,0.006829399000000014,197.5296,0.0,
paired_overlap/medium/s0,synthetic,Two-walk-Auto,dense,-1,reorder,0.012087665003491566,0.012146239999999975,0.0,0.0,
paired_overlap/medium/s0,synthetic,Two-walk-Auto,dense,-1,score,0.006515844001114601,0.006556008999999974,198.557696,0.0,
paired_overlap/medium/s0,synthetic,Two-walk-Auto,dense,-1,total,0.11206380200019339,0.11249416099999998,0.0,0.0,
paired_overlap/medium/s0,synthetic,Two-walk-Auto,dense,0,load,0.004658776997530367,0.0046595219999999715,0.0,0.0,
paired_overlap/medium/s0,synthetic,Two-walk-Auto,dense,0,reorder,0.014288165999460034,0.014317630999999942,0.0,0.0,
paired_overlap/medium/s0,synthetic,Two-walk-Auto,dense,0,score,0.006383215000823839,0.006477062000000089,194.052096,0.0,
paired_overlap/medium/s0,synthetic,Two-walk-Auto,dense,0,reorder,0.01161400600176421,0.011711316000000083,194.371584,0.0,
paired_overlap/medium/s0,synthetic,Two-walk-Auto,dense,0,score,0.0062754029968346,0.006319034000000001,194.371584,0.0,
paired_overlap/medium/s0,synthetic,Two-walk-Auto,dense,0,reorder,0.011413738997362088,0.011458846999999994,195.403776,0.0,
paired_overlap/medium/s0,synthetic,Two-walk-Auto,dense,0,score,0.006301831999735441,0.006348209999999965,195.403776,0.0,
paired_overlap/medium/s0,synthetic,Two-walk-Auto,dense,0,reorder,0.013091118999000173,0.013198667000000053,196.431872,0.0,
paired_overlap/medium/s0,synthetic,Two-walk-Auto,dense,0,score,0.006768437997379806,0.006851971999999984,196.431872,0.0,
paired_overlap/medium/s0,synthetic,Two-walk-Auto,dense,0,reorder,0.012694173001364106,0.012816828000000058,197.464064,0.0,
paired_overlap/medium/s0,synthetic,Two-walk-Auto,dense,0,score,0.00779456500094966,0.00786389300000001,197.464064,0.0,
paired_overlap/medium/s0,synthetic,Two-walk-Auto,dense,0,reorder,0.014684671001305105,0.014862319999999984,198.496256,0.0,
paired_overlap/medium/s0,synthetic,Two-walk-Auto,dense,0,score,0.0070372629998018965,0.0070944349999999545,198.496256,0.0,
paired_overlap/medium/s0,synthetic,Two-walk-Auto,dense,0,total,0.11851530500280205,0.11946965300000001,0.0,0.0,
paired_overlap/medium/s0,synthetic,Two-walk-Auto,dense,1,load,0.004071363997354638,0.004071683000000048,0.0,0.0,
paired_overlap/medium/s0,synthetic,Two-walk-Auto,dense,1,reorder,0.013596967997727916,0.013661224000000027,0.0,0.0,
paired_overlap/medium/s0,synthetic,Two-walk-Auto,dense,1,score,0.006413432001863839,0.00658009599999998,194.015232,0.0,
paired_overlap/medium/s0,synthetic,Two-walk-Auto,dense,1,reorder,0.011606100997596513,0.011698023000000002,194.33472,0.0,
paired_overlap/medium/s0,synthetic,Two-walk-Auto,dense,1,score,0.006371182000293629,0.006441873999999959,0.0,0.0,
paired_overlap/medium/s0,synthetic,Two-walk-Auto,dense,1,reorder,0.011799042997154174,0.011950533000000041,194.33472,0.0,
paired_overlap/medium/s0,synthetic,Two-walk-Auto,dense,1,score,0.006399695001164218,0.006486559000000058,195.366912,0.0,
paired_overlap/medium/s0,synthetic,Two-walk-Auto,dense,1,reorder,0.012787308001861675,0.01288980900000003,196.399104,0.0,
paired_overlap/medium/s0,synthetic,Two-walk-Auto,dense,1,score,0.006329522999294568,0.006402683999999992,0.0,0.0,
paired_overlap/medium/s0,synthetic,Two-walk-Auto,dense,1,reorder,0.011751492998882895,0.011884029000000074,196.399104,0.0,
paired_overlap/medium/s0,synthetic,Two-walk-Auto,dense,1,score,0.006320928001514403,0.006390789000000008,197.431296,0.0,
paired_overlap/medium/s0,synthetic,Two-walk-Auto,dense,1,reorder,0.013932358000602107,0.01409587499999998,198.459392,0.0,
paired_overlap/medium/s0,synthetic,Two-walk-Auto,dense,1,score,0.0072099569988495205,0.00727955300000005,198.459392,0.0,
paired_overlap/medium/s0,synthetic,Two-walk-Auto,dense,1,total,0.11462175400083652,0.11585552500000007,0.0,0.0,
paired_overlap/medium/s0,synthetic,Two-walk-Auto,matrix_free,-1,load,0.0043926470025326125,0.004393293999999992,0.0,0.0,
paired_overlap/medium/s0,synthetic,Two-walk-Auto,matrix_free,-1,reorder,0.01574642400009907,0.016100294000000015,188.43648,0.0,
paired_overlap/medium/s0,synthetic,Two-walk-Auto,matrix_free,-1,score,0.00685973899817327,0.0069575299999999896,0.0,0.0,
paired_overlap/medium/s0,synthetic,Two-walk-Auto,matrix_free,-1,reorder,0.012050626002746867,0.012205411999999916,188.84608,0.0,
paired_overlap/medium/s0,synthetic,Two-walk-Auto,matrix_free,-1,score,0.007263376999617321,0.007294047000000026,188.84608,0.0,
paired_overlap/medium/s0,synthetic,Two-walk-Auto,matrix_free,-1,reorder,0.012987573998543667,0.013288444000000066,188.84608,0.0,
paired_overlap/medium/s0,synthetic,Two-walk-Auto,matrix_free,-1,score,0.007157437998102978,0.0071908370000000055,188.84608,0.0,
paired_overlap/medium/s0,synthetic,Two-walk-Auto,matrix_free,-1,reorder,0.013962555000034627,0.014131989000000011,188.84608,0.0,
paired_overlap/medium/s0,synthetic,Two-walk-Auto,matrix_free,-1,score,0.0068137030029902235,0.006858604000000046,188.84608,0.0,
paired_overlap/medium/s0,synthetic,Two-walk-Auto,matrix_free,-1,reorder,0.015392760000395356,0.015582898999999983,188.84608,0.0,
paired_overlap/medium/s0,synthetic,Two-walk-Auto,matrix_free,-1,score,0.006238313002540963,0.006272540999999965,188.84608,0.0,
paired_overlap/medium/s0,synthetic,Two-walk-Auto,matrix_free,-1,reorder,0.015917946002446115,0.016080454999999994,188.84608,0.0,
paired_overlap/medium/s0,synthetic,Two-walk-Auto,matrix_free,-1,score,0.006332348999421811,0.00639591000000006,188.84608,0.0,
paired_overlap/medium/s0,synthetic,Two-walk-Auto,matrix_free,-1,total,0.1268094970000675,0.12843690500000005,0.0,0.0,
paired_overlap/medium/s0,synthetic,Two-walk-Auto,matrix_free,0,load,0.004875735001405701,0.004875465999999995,0.0,0.0,
paired_overlap/medium/s0,synthetic,Two-walk-Auto,matrix_free,0,reorder,0.012399440001900075,0.012530660999999998,188.665856,0.0,
paired_overlap/medium/s0,synthetic,Two-walk-Auto,matrix_free,0,score,0.006347007001750171,0.006453537000000065,189.075456,0.0,
paired_overlap/medium/s0,synthetic,Two-walk-Auto,matrix_free,0,reorder,0.011313291000988102,0.01147196100000003,189.075456,0.0,
paired_overlap/medium/s0,synthetic,Two-walk-Auto,matrix_free,0,score,0.006915494002896594,0.006978366999999985,189.075456,0.0,
paired_overlap/medium/s0,synthetic,Two-walk-Auto,matrix_free,0,reorder,0.012633539001399186,0.012995372000000005,189.075456,0.0,
paired_overlap/medium/s0,synthetic,Two-walk-Auto,matrix_free,0,score,0.006563943999935873,0.006655163999999991,189.075456,0.0,
paired_overlap/medium/s0,synthetic,Two-walk-Auto,matrix_free,0,reorder,0.01612326100075734,0.016778991999999993,189.075456,0.0,
paired_overlap/medium/s0,synthetic,Two-walk-Auto,matrix_free,0,score,0.007063171997288009,0.007111348000000017,189.075456,0.0,
paired_overlap/medium/s0,synthetic,Two-walk-Auto,matrix_free,0,reorder,0.017420316999050556,0.01764025800000002,189.075456,0.0,
paired_overlap/medium/s0,synthetic,Two-walk-Auto,matrix_free,0,score,0.007200248997833114,0.0073209869999999455,189.075456,0.0,
paired_overlap/medium/s0,synthetic,Two-walk-Auto,matrix_free,0,reorder,0.02003928400154109,0.020358520000000047,189.075456,0.0,
paired_overlap/medium/s0,synthetic,Two-walk-Auto,matrix_free,0,score,0.006906697002705187,0.007003837000000068,189.075456,0.0,
paired_overlap/medium/s0,synthetic,Two-walk-Auto,matrix_free,0,total,0.13106378399970708,0.13341862699999996,0.0,0.0,
paired_overlap/medium/s0,synthetic,Two-walk-Auto,matrix_free,1,load,0.004173665998678189,0.004177892000000072,0.0,0.0,
paired_overlap/medium/s0,synthetic,Two-walk-Auto,matrix_free,1,reorder,0.012069780997990165,0.01221317700000002,188.489728,0.0,
paired_overlap/medium/s0,synthetic,Two-walk-Auto,matrix_free,1,score,0.006431665999116376,0.006528847000000004,188.899328,0.0,
paired_overlap/medium/s0,synthetic,Two-walk-Auto,matrix_free,1,reorder,0.01085174400213873,0.010950385000000007,188.899328,0.0,
paired_overlap/medium/s0,synthetic,Two-walk-Auto,matrix_free,1,score,0.006407369997759815,0.006623415000000077,0.0,0.0,
paired_overlap/medium/s0,synthetic,Two-walk-Auto,matrix_free,1,reorder,0.011287762001302326,0.011433837999999974,188.899328,0.0,
paired_overlap/medium/s0,synthetic,Two-walk-Auto,matrix_free,1,score,0.006277415999647928,0.006368690000000066,0.0,0.0,
paired_overlap/medium/s0,synthetic,Two-walk-Auto,matrix_free,1,reorder,0.012256291996891377,0.01242003199999997,188.899328,0.0,
paired_overlap/medium/s0,synthetic,Two-walk-Auto,matrix_free,1,score,0.006304787002591183,0.006438738999999916,0.0,0.0,
paired_overlap/medium/s0,synthetic,Two-walk-Auto,matrix_free,1,reorder,0.014520242002618033,0.014717598000000054,188.899328,0.0,
paired_overlap/medium/s0,synthetic,Two-walk-Auto,matrix_free,1,score,0.0064359940006397665,0.006550080999999985,188.899328,0.0,
paired_overlap/medium/s0,synthetic,Two-walk-Auto,matrix_free,1,reorder,0.015583257998514455,0.015765295000000012,188.899328,0.0,
paired_overlap/medium/s0,synthetic,Two-walk-Auto,matrix_free,1,score,0.006341956999676768,0.006503271000000033,188.899328,0.0,
paired_overlap/medium/s0,synthetic,Two-walk-Auto,matrix_free,1,total,0.11483488500016392,0.11657419999999996,0.0,0.0,
paired_overlap/medium/s1,synthetic,One-walk,dense,-1,load,0.006878283998958068,0.006402333000000038,186.617856,0.0,
paired_overlap/medium/s1,synthetic,One-walk,dense,-1,reorder,0.015222531001199968,0.015370611000000034,192.950272,0.0,
paired_overlap/medium/s1,synthetic,One-walk,dense,-1,total,0.015232660000037868,0.015378996000000034,0.0,0.0,
paired_overlap/medium/s1,synthetic,One-walk,dense,0,load,0.004850627999985591,0.004844027999999945,0.0,0.0,
paired_overlap/medium/s1,synthetic,One-walk,dense,0,reorder,0.014543165001668967,0.014628122999999937,193.14688,0.0,
paired_overlap/medium/s1,synthetic,One-walk,dense,0,total,0.014554467001289595,0.01463694900000001,0.0,0.0,
paired_overlap/medium/s1,synthetic,One-walk,dense,1,load,0.004116457999771228,0.004117057999999951,0.0,0.0,
paired_overlap/medium/s1,synthetic,One-walk,dense,1,reorder,0.013988742997753434,0.01414092999999994,193.163264,0.0,
paired_overlap/medium/s1,synthetic,One-walk,dense,1,total,0.013997480000398355,0.014147972999999925,0.0,0.0,
paired_overlap/medium/s1,synthetic,One-walk,matrix_free,-1,load,0.004104556999664055,0.004105075999999985,0.0,0.0,
paired_overlap/medium/s1,synthetic,One-walk,matrix_free,-1,reorder,0.014097818999289302,0.014248009999999978,188.321792,0.0,
paired_overlap/medium/s1,synthetic,One-walk,matrix_free,-1,total,0.01410514199960744,0.014254443000000006,0.0,0.0,
paired_overlap/medium/s1,synthetic,One-walk,matrix_free,0,load,0.004281718000129331,0.004282226999999916,0.0,0.0,
paired_overlap/medium/s1,synthetic,One-walk,matrix_free,0,reorder,0.014341224999952829,0.014644346999999946,188.481536,0.0,
paired_overlap/medium/s1,synthetic,One-walk,matrix_free,0,total,0.014350041998113738,0.014651740999999996,0.0,0.0,
paired_overlap/medium/s1,synthetic,One-walk,matrix_free,1,load,0.004518111996731022,0.004520662000000009,0.0,0.0,
paired_overlap/medium/s1,synthetic,One-walk,matrix_free,1,reorder,0.0147694400002365,0.01501141100000003,188.575744,0.0,
paired_overlap/medium/s1,synthetic,One-walk,matrix_free,1,total,0.014782523998292163,0.01502097899999999,0.0,0.0,
paired_overlap/medium/s1,synthetic,Two-walk,dense,-1,load,0.0041596800001570955,0.00416033799999993,0.0,0.0,
paired_overlap/medium/s1,synthetic,Two-walk,dense,-1,reorder,0.014577139001630712,0.01468037099999997,194.306048,0.0,
paired_overlap/medium/s1,synthetic,Two-walk,dense,-1,total,0.014584862998162862,0.014686962999999942,0.0,0.0,
paired_overlap/medium/s1,synthetic,Two-walk,dense,0,load,0.004532289000053424,0.004533095999999959,0.0,0.0,
paired_overlap/medium/s1,synthetic,Two-walk,dense,0,reorder,0.014950699998735217,0.015021476000000034,0.0,0.0,
paired_overlap/medium/s1,synthetic,Two-walk,dense,0,total,0.014959486998122884,0.015029059999999927,0.0,0.0,
paired_overlap/medium/s1,synthetic,Two-walk,dense,1,load,0.0040925339999375865,0.004093162999999955,0.0,0.0,
paired_overlap/medium/s1,synthetic,Two-walk,dense,1,reorder,0.014946723000321072,0.015004996000000048,194.183168,0.0,
paired_overlap/medium/s1,synthetic,Two-walk,dense,1,total,0.014955960999941453,0.015012479999999995,0.0,0.0,
paired_overlap/medium/s1,synthetic,Two-walk,matrix_free,-1,load,0.004106930999114411,0.004107509999999981,0.0,0.0,
paired_overlap/medium/s1,synthetic,Two-walk,matrix_free,-1,reorder,0.015355499999714084,0.015434950999999919,188.706816,0.0,
paired_overlap/medium/s1,synthetic,Two-walk,matrix_free,-1,total,0.015370798999356339,0.015446602000000031,0.0,0.0,
paired_overlap/medium/s1,synthetic,Two-walk,matrix_free,0,load,0.004856056999415159,0.004856780999999977,0.0,0.0,
paired_overlap/medium/s1,synthetic,Two-walk,matrix_free,0,reorder,0.01731828500123811,0.017524363000000043,188.23168,0.0,
paired_overlap/medium/s1,synthetic,Two-walk,matrix_free,0,total,0.017329325000901008,0.017533950999999992,0.0,0.0,
paired_overlap/medium/s1,synthetic,Two-walk,matrix_free,1,load,0.0040249660014524125,0.004025667000000066,0.0,0.0,
paired_overlap/medium/s1,synthetic,Two-walk,matrix_free,1,reorder,0.015229103002639022,0.01532428099999994,188.575744,0.0,
paired_overlap/medium/s1,synthetic,Two-walk,matrix_free,1,total,0.015236446997732855,0.015330693000000006,0.0,0.0,
paired_overlap/medium/s1,synthetic,Two-walk-Auto,dense,-1,load,0.004127199001231929,0.004127798000000071,0.0,0.0,
paired_overlap/medium/s1,synthetic,Two-walk-Auto,dense,-1,reorder,0.013992700998642249,0.014090946000000049,194.318336,0.0,
paired_overlap/medium/s1,synthetic,Two-walk-Auto,dense,-1,score,0.006295028997556074,0.006342580999999958,194.441216,0.0,
paired_overlap/medium/s1,synthetic,Two-walk-Auto,dense,-1,reorder,0.014077420000830898,0.01416758100000004,194.70336,0.0,
paired_overlap/medium/s1,synthetic,Two-walk-Auto,dense,-1,score,0.006215129000338493,0.006274371999999917,0.0,0.0,
paired_overlap/medium/s1,synthetic,Two-walk-Auto,dense,-1,reorder,0.014027106000867207,0.014162420000000009,195.764224,0.0,
paired_overlap/medium/s1,synthetic,Two-walk-Auto,dense,-1,score,0.006371031999151455,0.006438238999999957,195.764224,0.0,
paired_overlap/medium/s1,synthetic,Two-walk-Auto,dense,-1,reorder,0.014070277000428177,0.014137857000000031,0.0,0.0,
paired_overlap/medium/s1,synthetic,Two-walk-Auto,dense,-1,score,0.006348039001750294,0.006444531999999947,196.825088,0.0,
paired_overlap/medium/s1,synthetic,Two-walk-Auto,dense,-1,reorder,0.016658156000630697,0.016785123000000013,196.825088,0.0,
paired_overlap/medium/s1,synthetic,Two-walk-Auto,dense,-1,score,0.00694275500063668,0.0070638069999999775,197.885952,0.0,
paired_overlap/medium/s1,synthetic,Two-walk-Auto,dense,-1,reorder,0.015030329999717651,0.015143216000000015,198.94272,0.0,
paired_overlap/medium/s1,synthetic,Two-walk-Auto,dense,-1,score,0.006842926999524934,0.006942823000000042,0.0,0.0,
paired_overlap/medium/s1,synthetic,Two-walk-Auto,dense,-1,total,0.12695524100126931,0.12806788599999996,0.0,0.0,
paired_overlap/medium/s1,synthetic,Two-walk-Auto,dense,0,load,0.0051553990015236195,0.005227324000000033,187.088896,0.0,
paired_overlap/medium/s1,synthetic,Two-walk-Auto,dense,0,reorder,0.017332070998236304,0.01746382099999999,193.990656,0.0,
paired_overlap/medium/s1,synthetic,Two-walk-Auto,dense,0,score,0.006920482999703381,0.007020164000000051,0.0,0.0,
paired_overlap/medium/s1,synthetic,Two-walk-Auto,dense,0,reorder,0.017592178999620955,0.017773559999999966,194.113536,0.0,
paired_overlap/medium/s1,synthetic,Two-walk-Auto,dense,0,score,0.00686576100270031,0.006935236000000011,194.37568,0.0,
paired_overlap/medium/s1,synthetic,Two-walk-Auto,dense,0,reorder,0.01564454300023499,0.015729551000000064,0.0,0.0,
paired_overlap/medium/s1,synthetic,Two-walk-Auto,dense,0,score,0.006855101000837749,0.0069582180000000715,195.436544,0.0,
paired_overlap/medium/s1,synthetic,Two-walk-Auto,dense,0,reorder,0.016134151999722235,0.016292071000000075,196.497408,0.0,
paired_overlap/medium/s1,synthetic,Two-walk-Auto,dense,0,score,0.006489264000265393,0.006575455000000008,196.497408,0.0,
paired_overlap/medium/s1,synthetic,Two-walk-Auto,dense,0,reorder,0.014894784999341937,0.015056169999999924,197.554176,0.0,
paired_overlap/medium/s1,synthetic,Two-walk-Auto,dense,0,score,0.007150215002184268,0.0072386740000000005,197.554176,0.0,
paired_overlap/medium/s1,synthetic,Two-walk-Auto,dense,0,reorder,0.017253813999559497,0.017461205000000035,198.61504,0.0,
paired_overlap/medium/s1,synthetic,Two-walk-Auto,dense,0,score,0.006847225002275081,0.006890971999999995,198.61504,0.0,
paired_overlap/medium/s1,synthetic,Two-walk-Auto,dense,0,total,0.14015391200155136,0.14154290600000008,0.0,0.0,
paired_overlap/medium/s1,synthetic,Two-walk-Auto,dense,1,load,0.004116318999876967,0.0041164670000000125,0.0,0.0,
paired_overlap/medium/s1,synthetic,Two-walk-Auto,dense,1,reorder,0.014180034002492903,0.014262378000000075,194.248704,0.0,
paired_overlap/medium/s1,synthetic,Two-walk-Auto,dense,1,score,0.006447194999054773,0.006463935999999948,194.248704,0.0,
paired_overlap/medium/s1,synthetic,Two-walk-Auto,dense,1,reorder,0.01390697099850513,0.013996090000000017,194.510848,0.0,
paired_overlap/medium/s1,synthetic,Two-walk-Auto,dense,1,score,0.006338941999274539,0.006387643999999915,194.510848,0.0,
paired_overlap/medium/s1,synthetic,Two-walk-Auto,dense,1,reorder,0.013901931000873446,0.013983604999999955,195.571712,0.0,
paired_overlap/medium/s1,synthetic,Two-walk-Auto,dense,1,score,0.006334824000077788,0.00638285499999991,195.571712,0.0,
paired_overlap/medium/s1,synthetic,Two-walk-Auto,dense,1,reorder,0.013998282000102336,0.013991571000000036,196.62848,0.0,
paired_overlap/medium/s1,synthetic,Two-walk-Auto,dense,1,score,0.006890427001053467,0.006897566999999993,196.62848,0.0,
paired_overlap/medium/s1,synthetic,Two-walk-Auto,dense,1,reorder,0.013829165000061039,0.013591410999999942,0.0,0.0,
paired_overlap/medium/s1,synthetic,Two-walk-Auto,dense,1,score,0.006443247002607677,0.006527725999999956,197.689344,0.0,
paired_overlap/medium/s1,synthetic,Two-walk-Auto,dense,1,reorder,0.013555140001699328,0.013716888000000038,198.750208,0.0,
paired_overlap/medium/s1,synthetic,Two-walk-Auto,dense,1,score,0.006396468997991178,0.006467231000000018,0.0,0.0,
paired_overlap/medium/s1,synthetic,Two-walk-Auto,dense,1,total,0.12230037200060906,0.12273955200000009,0.0,0.0,
paired_overlap/medium/s1,synthetic,Two-walk-Auto,matrix_free,-1,load,0.00403163000009954,0.004032219000000059,0.0,0.0,
paired_overlap/medium/s1,synthetic,Two-walk-Auto,matrix_free,-1,reorder,0.015394663001643494,0.015527622000000019,188.612608,0.0,
paired_overlap/medium/s1,synthetic,Two-walk-Auto,matrix_free,-1,score,0.006416506999812555,0.006610521000000036,189.022208,0.0,
paired_overlap/medium/s1,synthetic,Two-walk-Auto,matrix_free,-1,reorder,0.015006674999312963,0.015202425999999991,189.022208,0.0,
paired_overlap/medium/s1,synthetic,Two-walk-Auto,matrix_free,-1,score,0.006340954998449888,0.006385409000000064,189.022208,0.0,
paired_overlap/medium/s1,synthetic,Two-walk-Auto,matrix_free,-1,reorder,0.01637210899934871,0.016558881000000025,189.022208,0.0,
paired_overlap/medium/s1,synthetic,Two-walk-Auto,matrix_free,-1,score,0.0063557329995092005,0.006402202000000079,189.022208,0.0,
paired_overlap/medium/s1,synthetic,Two-walk-Auto,matrix_free,-1,reorder,0.018552843997895252,0.018861985999999997,189.022208,0.0,
paired_overlap/medium/s1,synthetic,Two-walk-Auto,matrix_free,-1,score,0.0063724640021973755,0.006541460999999971,189.022208,0.0,
paired_overlap/medium/s1,synthetic,Two-walk-Auto,matrix_free,-1,reorder,0.018634666997968452,0.018684449999999964,189.022208,0.0,
paired_overlap/medium/s1,synthetic,Two-walk-Auto,matrix_free,-1,score,0.006324725000013132,0.006345354000000025,189.022208,0.0,
paired_overlap/medium/s1,synthetic,Two-walk-Auto,matrix_free,-1,reorder,0.021029253002780024,0.02184695400000003,189.022208,0.0,
paired_overlap/medium/s1,synthetic,Two-walk-Auto,matrix_free,-1,score,0.006312741999863647,0.0063630980000000115,189.022208,0.0,
paired_overlap/medium/s1,synthetic,Two-walk-Auto,matrix_free,-1,total,0.14317869099977543,0.14539057900000008,0.0,0.0,
paired_overlap/medium/s1,synthetic,Two-walk-Auto,matrix_free,0,load,0.004064511002070503,0.004065160999999984,0.0,0.0,
paired_overlap/medium/s1,synthetic,Two-walk-Auto,matrix_free,0,reorder,0.015317289002268808,0.015486286000000016,188.358656,0.0,
paired_overlap/medium/s1,synthetic,Two-walk-Auto,matrix_free,0,score,0.006385970002156682,0.006614181000000108,188.768256,0.0,
paired_overlap/medium/s1,synthetic,Two-walk-Auto,matrix_free,0,reorder,0.015176705001067603,0.015225888999999992,188.768256,0.0,
paired_overlap/medium/s1,synthetic,Two-walk-Auto,matrix_free,0,score,0.006816116998379584,0.006958261999999937,0.0,0.0,
paired_overlap/medium/s1,synthetic,Two-walk-Auto,matrix_free,0,reorder,0.016160972001671325,0.0163625220000001,188.768256,0.0,
paired_overlap/medium/s1,synthetic,Two-walk-Auto,matrix_free,0,score,0.006251957998756552,0.0063344029999999885,0.0,0.0,
paired_overlap/medium/s1,synthetic,Two-walk-Auto,matrix_free,0,reorder,0.018535299997893162,0.018847869000000017,188.768256,0.0,
paired_overlap/medium/s1,synthetic,Two-walk-Auto,matrix_free,0,score,0.006300258999544894,0.006341335999999975,188.768256,0.0,
paired_overlap/medium/s1,synthetic,Two-walk-Auto,matrix_free,0,reorder,0.01869370699932915,0.018944709000000004,188.768256,0.0,
paired_overlap/medium/s1,synthetic,Two-walk-Auto,matrix_free,0,score,0.006329563999315724,0.00635964,188.768256,0.0,
paired_overlap/medium/s1,synthetic,Two-walk-Auto,matrix_free,0,reorder,0.020338556001661345,0.02059213400000004,188.768256,0.0,
paired_overlap/medium/s1,synthetic,Two-walk-Auto,matrix_free,0,score,0.006318453000858426,0.006458085000000002,188.768256,0.0,
paired_overlap/medium/s1,synthetic,Two-walk-Auto,matrix_free,0,total,0.14269254799728515,0.14458779300000002,0.0,0.0,
paired_overlap/medium/s1,synthetic,Two-walk-Auto,matrix_free,1,load,0.00405783899987,0.004058268000000087,0.0,0.0,
paired_overlap/medium/s1,synthetic,Two-walk-Auto,matrix_free,1,reorder,0.01582925899856491,0.01603236600000002,188.411904,0.0,
paired_overlap/medium/s1,synthetic,Two-walk-Auto,matrix_free,1,score,0.006452564000937855,0.006547843000000109,188.821504,0.0,
paired_overlap/medium/s1,synthetic,Two-walk-Auto,matrix_free,1,reorder,0.01496777300053509,0.015153583999999998,188.821504,0.0,
paired_overlap/medium/s1,synthetic,Two-walk-Auto,matrix_free,1,score,0.0064161660011450294,0.006576738999999998,188.821504,0.0,
paired_overlap/medium/s1,synthetic,Two-walk-Auto,matrix_free,1,reorder,0.016461696999613196,0.016685172999999942,188.821504,0.0,
paired_overlap/medium/s1,synthetic,Two-walk-Auto,matrix_free,1,score,0.006437225998524809,0.0065580119999999464,188.821504,0.0,
paired_overlap/medium/s1,synthetic,Two-walk-Auto,matrix_free,1,reorder,0.01874728800248704,0.019067216000000053,188.821504,0.0,
paired_overlap/medium/s1,synthetic,Two-walk-Auto,matrix_free,1,score,0.007427374999679159,0.007608855999999942,188.821504,0.0,
paired_overlap/medium/s1,synthetic,Two-walk-Auto,matrix_free,1,reorder,0.022037976999854436,0.022441905999999956,188.821504,0.0,
paired_overlap/medium/s1,synthetic,Two-walk-Auto,matrix_free,1,score,0.0069084610004210845,0.006954873000000084,188.821504,0.0,
paired_overlap/medium/s1,synthetic,Two-walk-Auto,matrix_free,1,reorder,0.02206683099939255,0.022302315000000017,188.821504,0.0,
paired_overlap/medium/s1,synthetic,Two-walk-Auto,matrix_free,1,score,0.0063781149983697105,0.006428638000000042,188.821504,0.0,
paired_overlap/medium/s1,synthetic,Two-walk-Auto,matrix_free,1,total,0.15021066400004202,0.15243073000000007,0.0,0.0,
paired_overlap/large/s0,synthetic,One-walk,dense,-1,load,0.00893628799894941,0.00896698600000001,187.604992,0.0,
paired_overlap/large/s0,synthetic,One-walk,dense,-1,reorder,0.08440057400002843,0.08502089800000001,205.467648,0.0,
paired_overlap/large/s0,synthetic,One-walk,dense,-1,total,0.08441631299865548,0.08503194800000002,0.0,0.0,
paired_overlap/large/s0,synthetic,One-walk,dense,0,load,0.009137274999375222,0.009218347000000016,187.551744,0.0,
paired_overlap/large/s0,synthetic,One-walk,dense,0,reorder,0.07219425599760143,0.072529446,205.35296,0.0,
paired_overlap/large/s0,synthetic,One-walk,dense,0,total,0.07220540699927369,0.07253818099999998,0.0,0.0,
paired_overlap/large/s0,synthetic,One-walk,dense,1,load,0.008958959999290528,0.008991342000000069,187.375616,0.0,
paired_overlap/large/s0,synthetic,One-walk,dense,1,reorder,0.0726992939999036,0.073042618,205.160448,0.0,
paired_overlap/large/s0,synthetic,One-walk,dense,1,total,0.07271042499996838,0.07305151600000004,0.0,0.0,
paired_overlap/large/s0,synthetic,One-walk,matrix_free,-1,load,0.009024593997310149,0.009119482999999984,187.179008,0.0,
paired_overlap/large/s0,synthetic,One-walk,matrix_free,-1,reorder,0.04363023599944427,0.04415374300000008,190.918656,0.0,
paired_overlap/large/s0,synthetic,One-walk,matrix_free,-1,total,0.04363848199864151,0.04416086599999991,0.0,0.0,
paired_overlap/large/s0,synthetic,One-walk,matrix_free,0,load,0.008989998998004012,0.009061283999999947,187.527168,0.0,
paired_overlap/large/s0,synthetic,One-walk,matrix_free,0,reorder,0.04572730400104774,0.046389435000000034,191.254528,0.0,
paired_overlap/large/s0,synthetic,One-walk,matrix_free,0,total,0.04573912599880714,0.04639817099999999,0.0,0.0,
paired_overlap/large/s0,synthetic,One-walk,matrix_free,1,load,0.009030123997945338,0.009087404000000077,187.572224,0.0,
paired_overlap/large/s0,synthetic,One-walk,matrix_free,1,reorder,0.048917292999249185,0.04993016000000006,191.234048,0.0,
paired_overlap/large/s0,synthetic,One-walk,matrix_free,1,total,0.04893232099857414,0.04994153099999998,0.0,0.0,
paired_overlap/large/s0,synthetic,Two-walk,dense,-1,load,0.009137836001173127,0.009212545000000016,187.465728,0.0,
paired_overlap/large/s0,synthetic,Two-walk,dense,-1,reorder,0.08142608900016057,0.081852221,206.630912,0.0,
paired_overlap/large/s0,synthetic,Two-walk,dense,-1,total,0.08143817200107151,0.08186137800000004,0.0,0.0,
paired_overlap/large/s0,synthetic,Two-walk,dense,0,load,0.01109252699825447,0.011254191999999996,189.157376,0.0,
paired_overlap/large/s0,synthetic,Two-walk,dense,0,reorder,0.08714129999862053,0.08750463200000003,206.675968,0.0,
paired_overlap/large/s0,synthetic,Two-walk,dense,0,total,0.08715582700097002,0.08751563299999987,0.0,0.0,
paired_overlap/large/s0,synthetic,Two-walk,dense,1,load,0.010071730001072865,0.010135129999999992,187.523072,0.0,
paired_overlap/large/s0,synthetic,Two-walk,dense,1,reorder,0.08225885199863114,0.08265565699999988,206.692352,0.0,
paired_overlap/large/s0,synthetic,Two-walk,dense,1,total,0.08227048399930936,0.0826648539999999,0.0,0.0,
paired_overlap/large/s0,synthetic,Two-walk,matrix_free,-1,load,0.009015807998366654,0.009068827000000002,187.478016,0.0,
paired_overlap/large/s0,synthetic,Two-walk,matrix_free,-1,reorder,0.04225063600097201,0.04270816099999997,191.225856,0.0,
paired_overlap/large/s0,synthetic,Two-walk,matrix_free,-1,total,0.04225987300014822,0.042715905,0.0,0.0,
paired_overlap/large/s0,synthetic,Two-walk,matrix_free,0,load,0.008899668999220012,0.008950077000000056,187.486208,0.0,
paired_overlap/large/s0,synthetic,Two-walk,matrix_free,0,reorder,0.042282816997612827,0.04273342999999996,191.377408,0.0,
paired_overlap/large/s0,synthetic,Two-walk,matrix_free,0,total,0.04229192400089232,0.042741094000000035,0.0,0.0,
paired_overlap/large/s0,synthetic,Two-walk,matrix_free,1,load,0.008807176000118488,0.008883446999999989,187.318272,0.0,
paired_overlap/large/s0,synthetic,Two-walk,matrix_free,1,reorder,0.04151404300137074,0.042054934000000044,191.414272,0.0,
paired_overlap/large/s0,synthetic,Two-walk,matrix_free,1,total,0.041521336999721825,0.04206127599999998,0.0,0.0,
paired_overlap/large/s0,synthetic,Two-walk-Auto,dense,-1,load,0.008710112997505348,0.008734851999999904,187.559936,0.0,
paired_overlap/large/s0,synthetic,Two-walk-Auto,dense,-1,reorder,0.07472079999934067,0.07504052800000005,206.675968,0.0,
paired_overlap/large/s0,synthetic,Two-walk-Auto,dense,-1,score,0.013321001002623234,0.013472672000000019,202.698752,0.0,
paired_overlap/large/s0,synthetic,Two-walk-Auto,dense,-1,reorder,0.0814278120014933,0.08179413399999991,211.841024,0.0,
paired_overlap/large/s0,synthetic,Two-walk-Auto,dense,-1,score,0.013375323000218486,0.013401786000000082,211.841024,0.0,
paired_overlap/large/s0,synthetic,Two-walk-Auto,dense,-1,reorder,0.0729932970025402,0.07330206500000003,216.00256,0.0,
paired_overlap/large/s0,synthetic,Two-walk-Auto,dense,-1,score,0.013163054001779528,0.013271695000000028,216.00256,0.0,
paired_overlap/large/s0,synthetic,Two-walk-Auto,dense,-1,reorder,0.07283014999848092,0.07307208799999998,220.16,0.0,
paired_overlap/large/s0,synthetic,Two-walk-Auto,dense,-1,score,0.013259895000373945,0.013368069000000204,220.16,0.0,
paired_overlap/large/s0,synthetic,Two-walk-Auto,dense,-1,reorder,0.07303236900042975,0.07325311600000006,224.31744,0.0,
paired_overlap/large/s0,synthetic,Two-walk-Auto,dense,-1,score,0.013186047002818668,0.01331543699999993,224.31744,0.0,
paired_overlap/large/s0,synthetic,Two-walk-Auto,dense,-1,reorder,0.0713976509978238,0.07164766499999997,228.478976,0.0,
paired_overlap/large/s0,synthetic,Two-walk-Auto,dense,-1,score,0.013277979000122286,0.013405731999999837,228.478976,0.0,
paired_overlap/large/s0,synthetic,Two-walk-Auto,dense,-1,total,0.5260965150009724,0.5284407150000001,0.0,0.0,
paired_overlap/large/s0,synthetic,Two-walk-Auto,dense,0,load,0.00871204700160888,0.008770097999999948,187.392,0.0,
paired_overlap/large/s0,synthetic,Two-walk-Auto,dense,0,reorder,0.07697795799685991,0.077407157,206.503936,0.0,
paired_overlap/large/s0,synthetic,Two-walk-Auto,dense,0,score,0.013483284998073941,0.013650109999999938,202.522624,0.0,
paired_overlap/large/s0,synthetic,Two-walk-Auto,dense,0,reorder,0.0723374449989933,0.07263893900000007,211.664896,0.0,
paired_overlap/large/s0,synthetic,Two-walk-Auto,dense,0,score,0.01573541299876524,0.015908092999999957,211.664896,0.0,
paired_overlap/large/s0,synthetic,Two-walk-Auto,dense,0,reorder,0.07606350100104464,0.07645405799999994,215.826432,0.0,
paired_overlap/large/s0,synthetic,Two-walk-Auto,dense,0,score,0.013282257998071145,0.013399623999999943,215.826432,0.0,
paired_overlap/large/s0,synthetic,Two-walk-Auto,dense,0,reorder,0.07286557599945809,0.07314671300000009,219.983872,0.0,
paired_overlap/large/s0,synthetic,Two-walk-Auto,dense,0,score,0.013844012999470579,0.013883088999999904,219.983872,0.0,
paired_overlap/large/s0,synthetic,Two-walk-Auto,dense,0,reorder,0.07528898600139655,0.07491705000000004,224.141312,0.0,
paired_overlap/large/s0,synthetic,Two-walk-Auto,dense,0,score,0.013480018998961896,0.013601280000000049,224.141312,0.0,
paired_overlap/large/s0,synthetic,Two-walk-Auto,dense,0,reorder,0.07200528099929215,0.072266049,228.302848,0.0,
paired_overlap/large/s0,synthetic,Two-walk-Auto,dense,0,score,0.013439974001812516,0.0135536730000001,228.302848,0.0,
paired_overlap/large/s0,synthetic,Two-walk-Auto,dense,0,total,0.5289196949997859,0.530927264,0.0,0.0,
paired_overlap/large/s0,synthetic,Two-walk-Auto,dense,1,load,0.010770331999083282,0.010789291000000034,189.227008,0.0,
paired_overlap/large/s0,synthetic,Two-walk-Auto,dense,1,reorder,0.09088528799838969,0.09097234200000004,206.471168,0.0,
paired_overlap/large/s0,synthetic,Two-walk-Auto,dense,1,score,0.014719757000420941,0.014842057999999936,202.489856,0.0,
paired_overlap/large/s0,synthetic,Two-walk-Auto,dense,1,reorder,0.08483685299870558,0.08514773399999997,211.632128,0.0,
paired_overlap/large/s0,synthetic,Two-walk-Auto,dense,1,score,0.014689449002617039,0.01477869399999987,211.632128,0.0,
paired_overlap/large/s0,synthetic,Two-walk-Auto,dense,1,reorder,0.07662359200185165,0.07695245100000014,215.793664,0.0,
paired_overlap/large/s0,synthetic,Two-walk-Auto,dense,1,score,0.013342630998522509,0.013459856999999964,215.793664,0.0,
paired_overlap/large/s0,synthetic,Two-walk-Auto,dense,1,reorder,0.07230111699755071,0.07258042499999995,219.951104,0.0,
paired_overlap/large/s0,synthetic,Two-walk-Auto,dense,1,score,0.013237472998298472,0.013385097000000012,219.951104,0.0,
paired_overlap/large/s0,synthetic,Two-walk-Auto,dense,1,reorder,0.07277346400223905,0.07306656,224.108544,0.0,
paired_overlap/large/s0,synthetic,Two-walk-Auto,dense,1,score,0.013240339001640677,0.013372724000000114,224.108544,0.0,
paired_overlap/large/s0,synthetic,Two-walk-Auto,dense,1,reorder,0.07148466400030884,0.07175577700000013,228.265984,0.0,
paired_overlap/large/s0,synthetic,Two-walk-Auto,dense,1,score,0.013348672997381072,0.013496093000000098,228.265984,0.0,
paired_overlap/large/s0,synthetic,Two-walk-Auto,dense,1,total,0.551609747002658,0.5539167229999999,0.0,0.0,
paired_overlap/large/s0,synthetic,Two-walk-Auto,matrix_free,-1,load,0.011981744999502553,0.011798327999999914,187.74016,0.0,
paired_overlap/large/s0,synthetic,Two-walk-Auto,matrix_free,-1,reorder,0.05258029100150452,0.05239959100000002,191.393792,0.0,
paired_overlap/large/s0,synthetic,Two-walk-Auto,matrix_free,-1,score,0.014718675000040093,0.014743657999999993,191.574016,0.0,
paired_overlap/large/s0,synthetic,Two-walk-Auto,matrix_free,-1,reorder,0.037893917000474175,0.03826999600000014,191.574016,0.0,
paired_overlap/large/s0,synthetic,Two-walk-Auto,matrix_free,-1,score,0.014545660000294447,0.014652447000000013,191.574016,0.0,
paired_overlap/large/s0,synthetic,Two-walk-Auto,matrix_free,-1,reorder,0.045116317000065465,0.04557108199999993,191.574016,0.0,
paired_overlap/large/s0,synthetic,Two-walk-Auto,matrix_free,-1,score,0.0147934959968552,0.014927632999999885,191.574016,0.0,
paired_overlap/large/s0,synthetic,Two-walk-Auto,matrix_free,-1,reorder,0.05161215200132574,0.05196166400000002,191.574016,0.0,
paired_overlap/large/s0,synthetic,Two-walk-Auto,matrix_free,-1,score,0.01478709299772163,0.014890513999999966,191.574016,0.0,
paired_overlap/large/s0,synthetic,Two-walk-Auto,matrix_free,-1,reorder,0.06113291799920262,0.061401119999999976,191.574016,0.0,
paired_overlap/large/s0,synthetic,Two-walk-Auto,matrix_free,-1,score,0.014849891002086224,0.014879730999999952,191.574016,0.0,
paired_overlap/large/s0,synthetic,Two-walk-Auto,matrix_free,-1,reorder,0.056911101997684455,0.05731563500000014,191.574016,0.0,
paired_overlap/large/s0,synthetic,Two-walk-Auto,matrix_free,-1,score,0.015722489002655493,0.01574260900000013,191.574016,0.0,
paired_overlap/large/s0,synthetic,Two-walk-Auto,matrix_free,-1,total,0.39485170100306277,0.39691233000000004,0.0,0.0,
paired_overlap/large/s0,synthetic,Two-walk-Auto,matrix_free,0,load,0.008812906002276577,0.00885152900000008,187.265024,0.0,
paired_overlap/large/s0,synthetic,Two-walk-Auto,matrix_free,0,reorder,0.043962189000012586,0.044536806999999956,190.959616,0.0,
paired_overlap/large/s0,synthetic,Two-walk-Auto,matrix_free,0,score,0.015044455998577178,0.015221660999999997,191.438848,0.0,
paired_overlap/large/s0,synthetic,Two-walk-Auto,matrix_free,0,reorder,0.037495208001928404,0.03786781000000006,191.438848,0.0,
paired_overlap/large/s0,synthetic,Two-walk-Auto,matrix_free,0,score,0.013702988002478378,0.013858191999999936,191.438848,0.0,
paired_overlap/large/s0,synthetic,Two-walk-Auto,matrix_free,0,reorder,0.040694295003049774,0.04119230899999993,191.438848,0.0,
paired_overlap/large/s0,synthetic,Two-walk-Auto,matrix_free,0,score,0.013511147000826895,0.013730946000000022,191.438848,0.0,
paired_overlap/large/s0,synthetic,Two-walk-Auto,matrix_free,0,reorder,0.04790428099659039,0.04843983899999993,191.438848,0.0,
paired_overlap/large/s0,synthetic,Two-walk-Auto,matrix_free,0,score,0.013741720002144575,0.013905458999999953,191.438848,0.0,
paired_overlap/large/s0,synthetic,Two-walk-Auto,matrix_free,0,reorder,0.05906062699796166,0.059701540999999914,191.438848,0.0,
paired_overlap/large/s0,synthetic,Two-walk-Auto,matrix_free,0,score,0.014732250998349627,0.01493417099999994,191.438848,0.0,
paired_overlap/large/s0,synthetic,Two-walk-Auto,matrix_free,0,reorder,0.05377117600073689,0.054294419000000094,191.438848,0.0,
paired_overlap/large/s0,synthetic,Two-walk-Auto,matrix_free,0,score,0.013554518998716958,0.013752624999999963,191.438848,0.0,
paired_overlap/large/s0,synthetic,Two-walk-Auto,matrix_free,0,total,0.36729736699999194,0.371542762,0.0,0.0,
paired_overlap/large/s0,synthetic,Two-walk-Auto,matrix_free,1,load,0.00895667599979788,0.009031026000000053,187.293696,0.0,
paired_overlap/large/s0,synthetic,Two-walk-Auto,matrix_free,1,reorder,0.04214436600159388,0.04262012999999998,191.033344,0.0,
paired_overlap/large/s0,synthetic,Two-walk-Auto,matrix_free,1,score,0.013417762002063682,0.013546367999999975,191.512576,0.0,
paired_overlap/large/s0,synthetic,Two-walk-Auto,matrix_free,1,reorder,0.03477626300082193,0.035281145000000014,191.512576,0.0,
paired_overlap/large/s0,synthetic,Two-walk-Auto,matrix_free,1,score,0.013323605002369732,0.01345482599999992,191.512576,0.0,
paired_overlap/large/s0,synthetic,Two-walk-Auto,matrix_free,1,reorder,0.04101508700114209,0.04146345699999998,191.512576,0.0,
paired_overlap/large/s0,synthetic,Two-walk-Auto,matrix_free,1,score,0.01365832399824285,0.013813838999999994,191.512576,0.0,
paired_overlap/large/s0,synthetic,Two-walk-Auto,matrix_free,1,reorder,0.04782058500131825,0.04832545399999999,191.512576,0.0,
paired_overlap/large/s0,synthetic,Two-walk-Auto,matrix_free,1,score,0.013822732998960419,0.013971281999999974,191.512576,0.0,
paired_overlap/large/s0,synthetic,Two-walk-Auto,matrix_free,1,reorder,0.0626164429995697,0.0632933349999999,191.512576,0.0,
paired_overlap/large/s0,synthetic,Two-walk-Auto,matrix_free,1,score,0.013887254001019755,0.01404135300000009,191.512576,0.0,
paired_overlap/large/s0,synthetic,Two-walk-Auto,matrix_free,1,reorder,0.049882704999618,0.050517704,191.512576,0.0,
paired_overlap/large/s0,synthetic,Two-walk-Auto,matrix_free,1,score,0.013347579999390291,0.013472721999999937,191.512576,0.0,
paired_overlap/large/s0,synthetic,Two-walk-Auto,matrix_free,1,total,0.35981955700117396,0.363896872,0.0,0.0,
paired_overlap/large/s1,synthetic,One-walk,dense,-1,load,0.008723839000595035,0.008801378000000026,187.301888,0.0,
paired_overlap/large/s1,synthetic,One-walk,dense,-1,reorder,0.07582643500063568,0.07614633399999993,204.926976,0.0,
paired_overlap/large/s1,synthetic,One-walk,dense,-1,total,0.07583735599837382,0.07615499999999997,0.0,0.0,
paired_overlap/large/s1,synthetic,One-walk,dense,0,load,0.008508463997713989,0.008552051000000005,187.588608,0.0,
paired_overlap/large/s1,synthetic,One-walk,dense,0,reorder,0.06973910599845112,0.07013808199999993,205.254656,0.0,
paired_overlap/large/s1,synthetic,One-walk,dense,0,total,0.06974934600293636,0.07014609699999996,0.0,0.0,
paired_overlap/large/s1,synthetic,One-walk,dense,1,load,0.008809480001218617,0.008905300000000005,187.35104,0.0,
paired_overlap/large/s1,synthetic,One-walk,dense,1,reorder,0.07152293599938275,0.07190625299999998,204.865536,0.0,
paired_overlap/large/s1,synthetic,One-walk,dense,1,total,0.07154062900008284,0.07191682300000002,0.0,0.0,
paired_overlap/large/s1,synthetic,One-walk,matrix_free,-1,load,0.010488492000149563,0.010453935999999997,187.240448,0.0,
paired_overlap/large/s1,synthetic,One-walk,matrix_free,-1,reorder,0.04677265599821112,0.047426941,191.070208,0.0,
paired_overlap/large/s1,synthetic,One-walk,matrix_free,-1,total,0.04679025900259148,0.04743946399999999,0.0,0.0,
paired_overlap/large/s1,synthetic,One-walk,matrix_free,0,load,0.00964508800097974,0.009680260999999968,187.531264,0.0,
paired_overlap/large/s1,synthetic,One-walk,matrix_free,0,reorder,0.03921869400073774,0.03968514000000001,191.438848,0.0,
paired_overlap/large/s1,synthetic,One-walk,matrix_free,0,total,0.0392276109996601,0.03969295500000003,0.0,0.0,
paired_overlap/large/s1,synthetic,One-walk,matrix_free,1,load,0.008856689000822371,0.008899800000000013,187.547648,0.0,
paired_overlap/large/s1,synthetic,One-walk,matrix_free,1,reorder,0.03819781700076419,0.038612340999999994,191.311872,0.0,
paired_overlap/large/s1,synthetic,One-walk,matrix_free,1,total,0.03820623300271109,0.038619505,0.0,0.0,
paired_overlap/large/s1,synthetic,Two-walk,dense,-1,load,0.009799218001717236,0.009810812999999974,187.342848,0.0,
paired_overlap/large/s1,synthetic,Two-walk,dense,-1,reorder,0.07501107400094043,0.07541692099999997,206.880768,0.0,
paired_overlap/large/s1,synthetic,Two-walk,dense,-1,total,0.07502163399840356,0.07542532599999996,0.0,0.0,
paired_overlap/large/s1,synthetic,Two-walk,dense,0,load,0.00862580499961041,0.008651256999999912,187.359232,0.0,
paired_overlap/large/s1,synthetic,Two-walk,dense,0,reorder,0.07490832199982833,0.07523891799999993,206.237696,0.0,
paired_overlap/large/s1,synthetic,Two-walk,dense,0,total,0.0749190720016486,0.07524757399999993,0.0,0.0,
paired_overlap/large/s1,synthetic,Two-walk,dense,1,load,0.008571753998694476,0.008608205000000035,187.5968,0.0,
paired_overlap/large/s1,synthetic,Two-walk,dense,1,reorder,0.07435158700172906,0.07474903300000002,206.553088,0.0,
paired_overlap/large/s1,synthetic,Two-walk,dense,1,total,0.0743620959983673,0.07475753900000004,0.0,0.0,
paired_overlap/large/s1,synthetic,Two-walk,matrix_free,-1,load,0.011266452998825116,0.011408408999999953,187.88352,0.0,
paired_overlap/large/s1,synthetic,Two-walk,matrix_free,-1,reorder,0.03762144500069553,0.03794644600000008,191.148032,0.0,
paired_overlap/large/s1,synthetic,Two-walk,matrix_free,-1,total,0.03763396900103544,0.037956154000000075,0.0,0.0,
paired_overlap/large/s1,synthetic,Two-walk,matrix_free,0,load,0.00885778100200696,0.008899859999999982,187.482112,0.0,
paired_overlap/large/s1,synthetic,Two-walk,matrix_free,0,reorder,0.0344026010025118,0.034720795000000026,191.234048,0.0,
paired_overlap/large/s1,synthetic,Two-walk,matrix_free,0,total,0.03441110700077843,0.034727779000000014,0.0,0.0,
paired_overlap/large/s1,synthetic,Two-walk,matrix_free,1,load,0.008810952997009736,0.008850348000000063,187.437056,0.0,
paired_overlap/large/s1,synthetic,Two-walk,matrix_free,1,reorder,0.033605786000407534,0.03396699599999997,191.143936,0.0,
paired_overlap/large/s1,synthetic,Two-walk,matrix_free,1,total,0.03361397099797614,0.033974169999999915,0.0,0.0,
paired_overlap/large/s1,synthetic,Two-walk-Auto,dense,-1,load,0.008730240999284433,0.008784866000000058,187.490304,0.0,
paired_overlap/large/s1,synthetic,Two-walk-Auto,dense,-1,reorder,0.07443830899865134,0.07483414499999996,206.45888,0.0,
paired_overlap/large/s1,synthetic,Two-walk-Auto,dense,-1,score,0.01331343600031687,0.013450859999999953,202.522624,0.0,
paired_overlap/large/s1,synthetic,Two-walk-Auto,dense,-1,reorder,0.06827988700024434,0.06861538599999994,211.554304,0.0,
paired_overlap/large/s1,synthetic,Two-walk-Auto,dense,-1,score,0.013251680000394117,0.013399905999999961,211.554304,0.0,
paired_overlap/large/s1,synthetic,Two-walk-Auto,dense,-1,reorder,0.07379749600295327,0.07410355700000004,215.666688,0.0,
paired_overlap/large/s1,synthetic,Two-walk-Auto,dense,-1,score,0.014473204002570128,0.014607503000000022,215.666688,0.0,
paired_overlap/large/s1,synthetic,Two-walk-Auto,dense,-1,reorder,0.06873032300063642,0.06909715799999994,219.779072,0.0,
paired_overlap/large/s1,synthetic,Two-walk-Auto,dense,-1,score,0.013230390999524388,0.013379445000000212,219.779072,0.0,
paired_overlap/large/s1,synthetic,Two-walk-Auto,dense,-1,reorder,0.06785456800207612,0.06814727399999998,223.891456,0.0,
paired_overlap/large/s1,synthetic,Two-walk-Auto,dense,-1,score,0.013225491002231138,0.013359159000000176,223.891456,0.0,
paired_overlap/large/s1,synthetic,Two-walk-Auto,dense,-1,reorder,0.06756482399941888,0.06785085100000021,228.007936,0.0,
paired_overlap/large/s1,synthetic,Two-walk-Auto,dense,-1,score,0.013456453998514917,0.01357913200000005,228.007936,0.0,
paired_overlap/large/s1,synthetic,Two-walk-Auto,dense,-1,total,0.5017334730000584,0.5045264540000001,0.0,0.0,
paired_overlap/large/s1,synthetic,Two-walk-Auto,dense,0,load,0.008807416001218371,0.008844025000000033,187.301888,0.0,
paired_overlap/large/s1,synthetic,Two-walk-Auto,dense,0,reorder,0.07461288700142177,0.074990322,206.270464,0.0,
paired_overlap/large/s1,synthetic,Two-walk-Auto,dense,0,score,0.013215341998147778,0.013365309999999964,202.366976,0.0,
paired_overlap/large/s1,synthetic,Two-walk-Auto,dense,0,reorder,0.06833757500135107,0.06862669799999999,211.398656,0.0,
paired_overlap/large/s1,synthetic,Two-walk-Auto,dense,0,score,0.013508593001461122,0.013611290000000054,211.398656,0.0,
paired_overlap/large/s1,synthetic,Two-walk-Auto,dense,0,reorder,0.0685487410009955,0.06882253100000002,215.51104,0.0,
paired_overlap/large/s1,synthetic,Two-walk-Auto,dense,0,score,0.013183503000618657,0.013345735999999997,215.51104,0.0,
paired_overlap/large/s1,synthetic,Two-walk-Auto,dense,0,reorder,0.07488401600130601,0.0750515570000001,219.623424,0.0,
paired_overlap/large/s1,synthetic,Two-walk-Auto,dense,0,score,0.013141712999640731,0.013270262000000033,219.623424,0.0,
paired_overlap/large/s1,synthetic,Two-walk-Auto,dense,0,reorder,0.06814158699853579,0.06843476599999998,223.735808,0.0,
paired_overlap/large/s1,synthetic,Two-walk-Auto,dense,0,score,0.013647643998410786,0.013786135000000144,223.735808,0.0,
paired_overlap/large/s1,synthetic,Two-walk-Auto,dense,0,reorder,0.07009512399963569,0.07035348000000008,227.848192,0.0,
paired_overlap/large/s1,synthetic,Two-walk-Auto,dense,0,score,0.013134800999978324,0.013228443000000034,227.848192,0.0,
paired_overlap/large/s1,synthetic,Two-walk-Auto,dense,0,total,0.504559638997307,0.506978903,0.0,0.0,
paired_overlap/large/s1,synthetic,Two-walk-Auto,dense,1,load,0.008807895999780158,0.008867201000000047,187.551744,0.0,
paired_overlap/large/s1,synthetic,Two-walk-Auto,dense,1,reorder,0.07581167800162802,0.07621058600000008,206.5408,0.0,
paired_overlap/large/s1,synthetic,Two-walk-Auto,dense,1,score,0.01426562399865361,0.01380063499999995,202.604544,0.0,
paired_overlap/large/s1,synthetic,Two-walk-Auto,dense,1,reorder,0.06798558399896137,0.06827383499999995,211.636224,0.0,
paired_overlap/large/s1,synthetic,Two-walk-Auto,dense,1,score,0.013188380999054061,0.013321558000000011,211.636224,0.0,
paired_overlap/large/s1,synthetic,Two-walk-Auto,dense,1,reorder,0.0733487339966814,0.07371828699999994,215.748608,0.0,
paired_overlap/large/s1,synthetic,Two-walk-Auto,dense,1,score,0.015432425003382377,0.01553323299999998,215.748608,0.0,
paired_overlap/large/s1,synthetic,Two-walk-Auto,dense,1,reorder,0.07675210299930768,0.07706244799999995,219.860992,0.0,
paired_overlap/large/s1,synthetic,Two-walk-Auto,dense,1,score,0.01359800999853178,0.01371210700000014,219.860992,0.0,
paired_overlap/large/s1,synthetic,Two-walk-Auto,dense,1,reorder,0.06722599799832096,0.06751621799999996,223.973376,0.0,
paired_overlap/large/s1,synthetic,Two-walk-Auto,dense,1,score,0.01352142700125114,0.013663519000000068,223.973376,0.0,
paired_overlap/large/s1,synthetic,Two-walk-Auto,dense,1,reorder,0.0677081329995417,0.06798478199999991,228.08576,0.0,
paired_overlap/large/s1,synthetic,Two-walk-Auto,dense,1,score,0.0132069360006426,0.01332672800000001,228.08576,0.0,
paired_overlap/large/s1,synthetic,Two-walk-Auto,dense,1,total,0.5121701280004345,0.5142296449999999,0.0,0.0,
paired_overlap/large/s1,synthetic,Two-walk-Auto,matrix_free,-1,load,0.008654739998746663,0.008736574999999913,187.174912,0.0,
paired_overlap/large/s1,synthetic,Two-walk-Auto,matrix_free,-1,reorder,0.0338734779979859,0.034314525999999956,190.869504,0.0,
paired_overlap/large/s1,synthetic,Two-walk-Auto,matrix_free,-1,score,0.013342160997126484,0.013458761999999957,191.348736,0.0,
paired_overlap/large/s1,synthetic,Two-walk-Auto,matrix_free,-1,reorder,0.030155356998875504,0.030493424000000102,191.348736,0.0,
paired_overlap/large/s1,synthetic,Two-walk-Auto,matrix_free,-1,score,0.013546142999985022,0.013736253999999892,191.348736,0.0,
paired_overlap/large/s1,synthetic,Two-walk-Auto,matrix_free,-1,reorder,0.02990445700197597,0.030194035000000063,191.348736,0.0,
paired_overlap/large/s1,synthetic,Two-walk-Auto,matrix_free,-1,score,0.01342213999669184,0.01363236000000001,191.348736,0.0,
paired_overlap/large/s1,synthetic,Two-walk-Auto,matrix_free,-1,reorder,0.029682289001357276,0.029956187999999995,191.348736,0.0,
paired_overlap/large/s1,synthetic,Two-walk-Auto,matrix_free,-1,score,0.013292176998220384,0.013514599999999932,191.348736,0.0,
paired_overlap/large/s1,synthetic,Two-walk-Auto,matrix_free,-1,reorder,0.042413512001076015,0.04291310599999987,191.348736,0.0,
paired_overlap/large/s1,synthetic,Two-walk-Auto,matrix_free,-1,score,0.013230050000856863,0.013357255000000068,191.348736,0.0,
paired_overlap/large/s1,synthetic,Two-walk-Auto,matrix_free,-1,reorder,0.044754126996849664,0.045436967000000106,191.348736,0.0,
paired_overlap/large/s1,synthetic,Two-walk-Auto,matrix_free,-1,score,0.014825214999291347,0.014970825000000021,191.348736,0.0,
paired_overlap/large/s1,synthetic,Two-walk-Auto,matrix_free,-1,total,0.29253927799800294,0.29606757699999997,0.0,0.0,
paired_overlap/large/s1,synthetic,Two-walk-Auto,matrix_free,0,load,0.008811974999844097,0.008842373999999986,187.420672,0.0,
paired_overlap/large/s1,synthetic,Two-walk-Auto,matrix_free,0,reorder,0.03375720999974874,0.03414112200000008,191.115264,0.0,
paired_overlap/large/s1,synthetic,Two-walk-Auto,matrix_free,0,score,0.016067806998762535,0.01626056499999995,191.594496,0.0,
paired_overlap/large/s1,synthetic,Two-walk-Auto,matrix_free,0,reorder,0.03273287599949981,0.03295385399999995,191.594496,0.0,
paired_overlap/large/s1,synthetic,Two-walk-Auto,matrix_free,0,score,0.013733746000070823,0.013960046000000004,191.594496,0.0,
paired_overlap/large/s1,synthetic,Two-walk-Auto,matrix_free,0,reorder,0.029630101002112497,0.02986017399999996,191.594496,0.0,
paired_overlap/large/s1,synthetic,Two-walk-Auto,matrix_free,0,score,0.013332422000530642,0.013573301000000093,191.594496,0.0,
paired_overlap/large/s1,synthetic,Two-walk-Auto,matrix_free,0,reorder,0.029240359999676002,0.029610522000000028,191.594496,0.0,
paired_overlap/large/s1,synthetic,Two-walk-Auto,matrix_free,0,score,0.013318205001269234,0.013511982000000033,191.594496,0.0,
paired_overlap/large/s1,synthetic,Two-walk-Auto,matrix_free,0,reorder,0.041434603997913655,0.041862090999999935,191.594496,0.0,
paired_overlap/large/s1,synthetic,Two-walk-Auto,matrix_free,0,score,0.013333503000467317,0.01354273100000003,191.594496,0.0,
paired_overlap/large/s1,synthetic,Two-walk-Auto,matrix_free,0,reorder,0.039730764998239465,0.04015762299999992,191.594496,0.0,
paired_overlap/large/s1,synthetic,Two-walk-Auto,matrix_free,0,score,0.013291384999320144,0.013495943000000121,191.594496,0.0,
paired_overlap/large/s1,synthetic,Two-walk-Auto,matrix_free,0,total,0.28968324499874143,0.29300301100000004,0.0,0.0,
paired_overlap/large/s1,synthetic,Two-walk-Auto,matrix_free,1,load,0.009130342001299141,0.009194872999999992,187.449344,0.0,
paired_overlap/large/s1,synthetic,Two-walk-Auto,matrix_free,1,reorder,0.03477896799813607,0.03505365199999999,191.193088,0.0,
paired_overlap/large/s1,synthetic,Two-walk-Auto,matrix_free,1,score,0.014037495999218663,0.014262628,191.6928,0.0,
paired_overlap/large/s1,synthetic,Two-walk-Auto,matrix_free,1,reorder,0.02952876999916043,0.0298370859999999,191.6928,0.0,
paired_overlap/large/s1,synthetic,Two-walk-Auto,matrix_free,1,score,0.013867467001546174,0.014061544000000037,191.6928,0.0,
paired_overlap/large/s1,synthetic,Two-walk-Auto,matrix_free,1,reorder,0.02988488900155062,0.03020777200000002,191.6928,0.0,
paired_overlap/large/s1,synthetic,Two-walk-Auto,matrix_free,1,score,0.013864260999980615,0.01408686800000003,191.6928,0.0,
paired_overlap/large/s1,synthetic,Two-walk-Auto,matrix_free,1,reorder,0.03008645799855003,0.03039209799999998,191.6928,0.0,
paired_overlap/large/s1,synthetic,Two-walk-Auto,matrix_free,1,score,0.013614642000902677,0.013741032999999958,191.6928,0.0,
paired_overlap/large/s1,synthetic,Two-walk-Auto,matrix_free,1,reorder,0.04192393199991784,0.04238199400000009,191.6928,0.0,
paired_overlap/large/s1,synthetic,Two-walk-Auto,matrix_free,1,score,0.013771236001048237,0.013968087000000073,191.6928,0.0,
paired_overlap/large/s1,synthetic,Two-walk-Auto,matrix_free,1,reorder,0.04380242999832262,0.04452637799999981,191.6928,0.0,
paired_overlap/large/s1,synthetic,Two-walk-Auto,matrix_free,1,score,0.017831559001933783,0.018345900000000137,191.6928,0.0,
paired_overlap/large/s1,synthetic,Two-walk-Auto,matrix_free,1,total,0.2971007420019305,0.30095971899999985,0.0,0.0,
shared_super/small/s0,synthetic,One-walk,dense,-1,load,0.002233563001937,0.002233896000000013,0.0,0.0,
shared_super/small/s0,synthetic,One-walk,dense,-1,reorder,0.0038229970014072023,0.003878422999999964,0.0,0.0,
shared_super/small/s0,synthetic,One-walk,dense,-1,total,0.003830331999779446,0.0038847749999999515,0.0,0.0,
shared_super/small/s0,synthetic,One-walk,dense,0,load,0.00229820399908931,0.002298778999999973,0.0,0.0,
shared_super/small/s0,synthetic,One-walk,dense,0,reorder,0.004705974999524187,0.004767795000000019,0.0,0.0,
shared_super/small/s0,synthetic,One-walk,dense,0,total,0.004714572001830675,0.004774928000000012,0.0,0.0,
shared_super/small/s0,synthetic,One-walk,dense,1,load,0.0023011900011624675,0.002301432999999964,0.0,0.0,
shared_super/small/s0,synthetic,One-walk,dense,1,reorder,0.0038960249985393602,0.0039325939999999004,0.0,0.0,
shared_super/small/s0,synthetic,One-walk,dense,1,total,0.0039034889996401034,0.003938975000000067,0.0,0.0,
shared_super/small/s0,synthetic,One-walk,matrix_free,-1,load,0.004392246999486815,0.004393234999999995,0.0,0.0,
shared_super/small/s0,synthetic,One-walk,matrix_free,-1,reorder,0.0073150740026903804,0.007409331999999935,187.76064,0.0,
shared_super/small/s0,synthetic,One-walk,matrix_free,-1,total,0.007324811998842051,0.007417456999999961,0.0,0.0,
shared_super/small/s0,synthetic,One-walk,matrix_free,0,load,0.0022919330003787763,0.002292295999999916,0.0,0.0,
shared_super/small/s0,synthetic,One-walk,matrix_free,0,reorder,0.006426195002859458,0.006493448999999929,187.813888,0.0,
shared_super/small/s0,synthetic,One-walk,matrix_free,0,total,0.006433429000026081,0.006499710999999908,0.0,0.0,
shared_super/small/s0,synthetic,One-walk,matrix_free,1,load,0.0026604140002746135,0.0026614259999999668,0.0,0.0,
shared_super/small/s0,synthetic,One-walk,matrix_free,1,reorder,0.007860297999286558,0.008065666000000027,187.777024,0.0,
shared_super/small/s0,synthetic,One-walk,matrix_free,1,total,0.00787155899888603,0.008074413000000003,0.0,0.0,
shared_super/small/s0,synthetic,Two-walk,dense,-1,load,0.0024871999994502403,0.0024876610000000854,0.0,0.0,
shared_super/small/s0,synthetic,Two-walk,dense,-1,reorder,0.004368240999610862,0.004411558000000038,188.350464,0.0,
shared_super/small/s0,synthetic,Two-walk,dense,-1,total,0.004377077999379253,0.004419303000000041,0.0,0.0,
shared_super/small/s0,synthetic,Two-walk,dense,0,load,0.0023752290035190526,0.002375690999999902,0.0,0.0,
shared_super/small/s0,synthetic,Two-walk,dense,0,reorder,0.004188103997876169,0.004272217999999994,189.861888,0.0,
shared_super/small/s0,synthetic,Two-walk,dense,0,total,0.004196968999167439,0.0042794210000000055,0.0,0.0,
shared_super/small/s0,synthetic,Two-walk,dense,1,load,0.0024374759996135253,0.0024374379999999585,0.0,0.0,
shared_super/small/s0,synthetic,Two-walk,dense,1,reorder,0.004279084998415783,0.004370651999999975,188.387328,0.0,
shared_super/small/s0,synthetic,Two-walk,dense,1,total,0.0042912270000670105,0.004380150000000027,0.0,0.0,
shared_super/small/s0,synthetic,Two-walk,matrix_free,-1,load,0.0024759789994277526,0.0024763709999999772,0.0,0.0,
shared_super/small/s0,synthetic,Two-walk,matrix_free,-1,reorder,0.008304562001285376,0.008442315000000034,187.691008,0.0,
shared_super/small/s0,synthetic,Two-walk,matrix_free,-1,total,0.008312967998790555,0.008449659000000054,0.0,0.0,
shared_super/small/s0,synthetic,Two-walk,matrix_free,0,load,0.002575103997514816,0.0025752049999999693,0.0,0.0,
shared_super/small/s0,synthetic,Two-walk,matrix_free,0,reorder,0.008810272000118857,0.008958397000000007,187.613184,0.0,
shared_super/small/s0,synthetic,Two-walk,matrix_free,0,total,0.00882104199990863,0.008967293999999959,0.0,0.0,
shared_super/small/s0,synthetic,Two-walk,matrix_free,1,load,0.0026492030010558665,0.0026486820000000133,0.0,0.0,
shared_super/small/s0,synthetic,Two-walk,matrix_free,1,reorder,0.008570161000534426,0.008759909999999982,187.817984,0.0,
shared_super/small/s0,synthetic,Two-walk,matrix_free,1,total,0.008579088000260526,0.008767725000000004,0.0,0.0,
shared_super/small/s0,synthetic,Two-walk-Auto,dense,-1,load,0.002800869002385298,0.0027934520000000296,0.0,0.0,
shared_super/small/s0,synthetic,Two-walk-Auto,dense,-1,reorder,0.0047768479998921975,0.00478168000000001,187.080704,0.0,
shared_super/small/s0,synthetic,Two-walk-Auto,dense,-1,score,0.0037803679988428485,0.0038306419999999397,189.693952,0.0,
shared_super/small/s0,synthetic,Two-walk-Auto,dense,-1,reorder,0.0038685129984514788,0.0038572820000000174,0.0,0.0,
shared_super/small/s0,synthetic,Two-walk-Auto,dense,-1,score,0.003940698003134457,0.003951057999999952,189.775872,0.0,
shared_super/small/s0,synthetic,Two-walk-Auto,dense,-1,reorder,0.004255329000443453,0.00426832399999999,0.0,0.0,
shared_super/small/s0,synthetic,Two-walk-Auto,dense,-1,score,0.003647467998234788,0.003672476999999952,190.046208,0.0,
shared_super/small/s0,synthetic,Two-walk-Auto,dense,-1,reorder,0.004126477997488109,0.004191164999999941,0.0,0.0,
shared_super/small/s0,synthetic,Two-walk-Auto,dense,-1,score,0.0035975639984826557,0.0036503199999999847,190.316544,0.0,
shared_super/small/s0,synthetic,Two-walk-Auto,dense,-1,reorder,0.003993657999671996,0.004062034000000048,0.0,0.0,
shared_super/small/s0,synthetic,Two-walk-Auto,dense,-1,score,0.0036434800022107083,0.003674880000000047,190.58688,0.0,
shared_super/small/s0,synthetic,Two-walk-Auto,dense,-1,reorder,0.0036119420001341496,0.0036749219999999694,0.0,0.0,
shared_super/small/s0,synthetic,Two-walk-Auto,dense,-1,score,0.0035423609988356475,0.003582137999999957,190.857216,0.0,
shared_super/small/s0,synthetic,Two-walk-Auto,dense,-1,total,0.04688719200203195,0.04728816400000002,0.0,0.0,
shared_super/small/s0,synthetic,Two-walk-Auto,dense,0,load,0.0032428390004497487,0.0032456180000000057,0.0,0.0,
shared_super/small/s0,synthetic,Two-walk-Auto,dense,0,reorder,0.005260918002022663,0.005416539999999914,187.469824,0.0,
shared_super/small/s0,synthetic,Two-walk-Auto,dense,0,score,0.0036102779995417222,0.003650015000000062,190.083072,0.0,
shared_super/small/s0,synthetic,Two-walk-Auto,dense,0,reorder,0.004142227000556886,0.004224439999999996,0.0,0.0,
shared_super/small/s0,synthetic,Two-walk-Auto,dense,0,score,0.003585012000257848,0.0036134850000000274,190.164992,0.0,
shared_super/small/s0,synthetic,Two-walk-Auto,dense,0,reorder,0.0040843290007615,0.004173573000000097,0.0,0.0,
shared_super/small/s0,synthetic,Two-walk-Auto,dense,0,score,0.003504700998746557,0.0035220959999999746,190.435328,0.0,
shared_super/small/s0,synthetic,Two-walk-Auto,dense,0,reorder,0.004139131000556517,0.0042571979999999066,0.0,0.0,
shared_super/small/s0,synthetic,Two-walk-Auto,dense,0,score,0.004167834998952458,0.004174906000000034,190.705664,0.0,
shared_super/small/s0,synthetic,Two-walk-Auto,dense,0,reorder,0.004477926999243209,0.004591031999999995,190.705664,0.0,
shared_super/small/s0,synthetic,Two-walk-Auto,dense,0,score,0.0037124900009075645,0.003786300999999881,190.976,0.0,
shared_super/small/s0,synthetic,Two-walk-Auto,dense,0,reorder,0.004207819998555351,0.004276563999999983,0.0,0.0,
shared_super/small/s0,synthetic,Two-walk-Auto,dense,0,score,0.003579209998861188,0.00361834399999994,191.246336,0.0,
shared_super/small/s0,synthetic,Two-walk-Auto,dense,0,total,0.04861248100132798,0.04942437799999988,0.0,0.0,
shared_super/small/s0,synthetic,Two-walk-Auto,dense,1,load,0.0024939719987742137,0.0024946440000001013,0.0,0.0,
shared_super/small/s0,synthetic,Two-walk-Auto,dense,1,reorder,0.004502493000472896,0.004593469000000017,188.428288,0.0,
shared_super/small/s0,synthetic,Two-walk-Auto,dense,1,score,0.003363654999702703,0.003509233000000056,0.0,0.0,
shared_super/small/s0,synthetic,Two-walk-Auto,dense,1,reorder,0.0055476460001955274,0.005645766999999968,190.066688,0.0,
shared_super/small/s0,synthetic,Two-walk-Auto,dense,1,score,0.0034957630014105234,0.0035422330000000057,190.148608,0.0,
shared_super/small/s0,synthetic,Two-walk-Auto,dense,1,reorder,0.0036108899985265452,0.0036553340000000656,0.0,0.0,
shared_super/small/s0,synthetic,Two-walk-Auto,dense,1,score,0.00347934299861663,0.0035395480000000035,190.418944,0.0,
shared_super/small/s0,synthetic,Two-walk-Auto,dense,1,reorder,0.003403660000913078,0.003445702999999911,0.0,0.0,
shared_super/small/s0,synthetic,Two-walk-Auto,dense,1,score,0.0034936700030812062,0.00352014299999992,190.68928,0.0,
shared_super/small/s0,synthetic,Two-walk-Auto,dense,1,reorder,0.003538152999681188,0.0035908809999999347,0.0,0.0,
shared_super/small/s0,synthetic,Two-walk-Auto,dense,1,score,0.003506944001856027,0.0035527940000000813,190.959616,0.0,
shared_super/small/s0,synthetic,Two-walk-Auto,dense,1,reorder,0.0037902859985479154,0.0038901040000000053,0.0,0.0,
shared_super/small/s0,synthetic,Two-walk-Auto,dense,1,score,0.0036521369984257035,0.0036813249999999575,191.229952,0.0,
shared_super/small/s0,synthetic,Two-walk-Auto,dense,1,total,0.04547942799763405,0.04624969699999992,0.0,0.0,
shared_super/small/s0,synthetic,Two-walk-Auto,matrix_free,-1,load,0.002510654001525836,0.0025110349999999393,0.0,0.0,
shared_super/small/s0,synthetic,Two-walk-Auto,matrix_free,-1,reorder,0.008020627999940189,0.008143304000000073,187.674624,0.0,
shared_super/small/s0,synthetic,Two-walk-Auto,matrix_free,-1,score,0.0032290330018440727,0.0032292279999999174,0.0,0.0,
shared_super/small/s0,synthetic,Two-walk-Auto,matrix_free,-1,reorder,0.007610399003169732,0.007794614000000033,188.14976,0.0,
shared_super/small/s0,synthetic,Two-walk-Auto,matrix_free,-1,score,0.0032076120005513076,0.0032076680000000524,0.0,0.0,
shared_super/small/s0,synthetic,Two-walk-Auto,matrix_free,-1,reorder,0.007134766001399839,0.007353940999999975,188.14976,0.0,
shared_super/small/s0,synthetic,Two-walk-Auto,matrix_free,-1,score,0.003254950999689754,0.0032554070000000435,0.0,0.0,
shared_super/small/s0,synthetic,Two-walk-Auto,matrix_free,-1,reorder,0.008555522999813547,0.008893181000000028,188.14976,0.0,
shared_super/small/s0,synthetic,Two-walk-Auto,matrix_free,-1,score,0.005843140999786556,0.0059642530000000304,188.14976,0.0,
shared_super/small/s0,synthetic,Two-walk-Auto,matrix_free,-1,reorder,0.009273912000935525,0.009459022000000039,188.14976,0.0,
shared_super/small/s0,synthetic,Two-walk-Auto,matrix_free,-1,score,0.003645594002591679,0.003645966999999972,0.0,0.0,
shared_super/small/s0,synthetic,Two-walk-Auto,matrix_free,-1,reorder,0.009971220999432262,0.01024953400000006,188.14976,0.0,
shared_super/small/s0,synthetic,Two-walk-Auto,matrix_free,-1,score,0.003723230001924094,0.0038475260000000455,188.14976,0.0,
shared_super/small/s0,synthetic,Two-walk-Auto,matrix_free,-1,total,0.07356974800131866,0.075131277,0.0,0.0,
shared_super/small/s0,synthetic,Two-walk-Auto,matrix_free,0,load,0.0024276680014736485,0.0024281699999999518,0.0,0.0,
shared_super/small/s0,synthetic,Two-walk-Auto,matrix_free,0,reorder,0.008559601003071293,0.008838365999999986,187.650048,0.0,
shared_super/small/s0,synthetic,Two-walk-Auto,matrix_free,0,score,0.0032399830015492626,0.003240979999999949,0.0,0.0,
shared_super/small/s0,synthetic,Two-walk-Auto,matrix_free,0,reorder,0.008312817000842188,0.008477181999999917,188.125184,0.0,
shared_super/small/s0,synthetic,Two-walk-Auto,matrix_free,0,score,0.00336461699771462,0.003462844000000076,188.125184,0.0,
shared_super/small/s0,synthetic,Two-walk-Auto,matrix_free,0,reorder,0.007639153001946397,0.007747326999999915,188.125184,0.0,
shared_super/small/s0,synthetic,Two-walk-Auto,matrix_free,0,score,0.003499489997921046,0.003592596000000059,188.125184,0.0,
shared_super/small/s0,synthetic,Two-walk-Auto,matrix_free,0,reorder,0.0118513819979853,0.012280075000000057,188.125184,0.0,
shared_super/small/s0,synthetic,Two-walk-Auto,matrix_free,0,score,0.0037421960005303845,0.0038572030000000312,188.125184,0.0,
shared_super/small/s0,synthetic,Two-walk-Auto,matrix_free,0,reorder,0.008851408998452825,0.008940065999999969,188.125184,0.0,
shared_super/small/s0,synthetic,Two-walk-Auto,matrix_free,0,score,0.0035764439999184106,0.0036291660000000725,188.125184,0.0,
shared_super/small/s0,synthetic,Two-walk-Auto,matrix_free,0,reorder,0.009699812002509134,0.009905710999999928,188.125184,0.0,
shared_super/small/s0,synthetic,Two-walk-Auto,matrix_free,0,score,0.0037052160005259793,0.0037509730000000463,0.0,0.0,
shared_super/small/s0,synthetic,Two-walk-Auto,matrix_free,0,total,0.07617440900139627,0.07783687400000006,0.0,0.0,
shared_super/small/s0,synthetic,Two-walk-Auto,matrix_free,1,load,0.002898030998039758,0.0028990599999999533,0.0,0.0,
shared_super/small/s0,synthetic,Two-walk-Auto,matrix_free,1,reorder,0.009573825002007652,0.009894528000000014,187.633664,0.0,
shared_super/small/s0,synthetic,Two-walk-Auto,matrix_free,1,score,0.0038814079998701345,0.003951036999999991,188.1088,0.0,
shared_super/small/s0,synthetic,Two-walk-Auto,matrix_free,1,reorder,0.00866495900118025,0.00873079599999993,188.1088,0.0,
shared_super/small/s0,synthetic,Two-walk-Auto,matrix_free,1,score,0.003575553000700893,0.003642601999999995,188.1088,0.0,
shared_super/small/s0,synthetic,Two-walk-Auto,matrix_free,1,reorder,0.008544203003111761,0.008576366000000002,188.1088,0.0,
shared_super/small/s0,synthetic,Two-walk-Auto,matrix_free,1,score,0.003528463999828091,0.0036267519999999553,188.1088,0.0,
shared_super/small/s0,synthetic,Two-walk-Auto,matrix_free,1,reorder,0.008685526998306159,0.008806925000000021,188.1088,0.0,
shared_super/small/s0,synthetic,Two-walk-Auto,matrix_free,1,score,0.0034168349993706215,0.0034169390000000632,0.0,0.0,
shared_super/small/s0,synthetic,Two-walk-Auto,matrix_free,1,reorder,0.008837552999466425,0.009016104999999941,188.112896,0.0,
shared_super/small/s0,synthetic,Two-walk-Auto,matrix_free,1,score,0.003716778999660164,0.0038118959999999813,188.112896,0.0,
shared_super/small/s0,synthetic,Two-walk-Auto,matrix_free,1,reorder,0.009441566999157658,0.009539457000000029,188.112896,0.0,
shared_super/small/s0,synthetic,Two-walk-Auto,matrix_free,1,score,0.003701229998114286,0.003790355000000023,188.112896,0.0,
shared_super/small/s0,synthetic,Two-walk-Auto,matrix_free,1,total,0.07568122399970889,0.07690290600000005,0.0,0.0,
shared_super/small/s1,synthetic,One-walk,dense,-1,load,0.002608077000331832,0.002608998000000029,0.0,0.0,
shared_super/small/s1,synthetic,One-walk,dense,-1,reorder,0.004406544001540169,0.004493862000000015,187.846656,0.0,
shared_super/small/s1,synthetic,One-walk,dense,-1,total,0.004416361996845808,0.004501877000000043,0.0,0.0,
shared_super/small/s1,synthetic,One-walk,dense,0,load,0.0029305309981282335,0.002931791999999933,0.0,0.0,
shared_super/small/s1,synthetic,One-walk,dense,0,reorder,0.005141303001437336,0.005218276000000022,187.35104,0.0,
shared_super/small/s1,synthetic,One-walk,dense,0,total,0.005154678001417778,0.00522902599999997,0.0,0.0,
shared_super/small/s1,synthetic,One-walk,dense,1,load,0.002756375997705618,0.00275640399999999,0.0,0.0,
shared_super/small/s1,synthetic,One-walk,dense,1,reorder,0.004233588999341009,0.004337719999999989,188.383232,0.0,
shared_super/small/s1,synthetic,One-walk,dense,1,total,0.004242225000780309,0.0043451840000000574,0.0,0.0,
shared_super/small/s1,synthetic,One-walk,matrix_free,-1,load,0.002337058002012782,0.002335547000000049,0.0,0.0,
shared_super/small/s1,synthetic,One-walk,matrix_free,-1,reorder,0.006679430000076536,0.007270401999999954,187.88352,0.0,
shared_super/small/s1,synthetic,One-walk,matrix_free,-1,total,0.006686655000521569,0.0072765129999999845,0.0,0.0,
shared_super/small/s1,synthetic,One-walk,matrix_free,0,load,0.0025547170007484965,0.002555357999999952,0.0,0.0,
shared_super/small/s1,synthetic,One-walk,matrix_free,0,reorder,0.007718091001152061,0.00797063599999992,187.57632,0.0,
shared_super/small/s1,synthetic,One-walk,matrix_free,0,total,0.007730322999123018,0.00798005199999996,0.0,0.0,
shared_super/small/s1,synthetic,One-walk,matrix_free,1,load,0.00250196699926164,0.002502529000000031,0.0,0.0,
shared_super/small/s1,synthetic,One-walk,matrix_free,1,reorder,0.007248108999192482,0.00741207899999996,187.817984,0.0,
shared_super/small/s1,synthetic,One-walk,matrix_free,1,total,0.00725633399997605,0.007419232999999914,0.0,0.0,
shared_super/small/s1,synthetic,Two-walk,dense,-1,load,0.0025889909993566107,0.0025880090000000022,0.0,0.0,
shared_super/small/s1,synthetic,Two-walk,dense,-1,reorder,0.004521849001321243,0.004589329999999947,188.186624,0.0,
shared_super/small/s1,synthetic,Two-walk,dense,-1,total,0.004530906997388229,0.0045966550000000606,0.0,0.0,
shared_super/small/s1,synthetic,Two-walk,dense,0,load,0.002709246997255832,0.002703534999999979,0.0,0.0,
shared_super/small/s1,synthetic,Two-walk,dense,0,reorder,0.0043255810014670715,0.004349504000000004,187.96544,0.0,
shared_super/small/s1,synthetic,Two-walk,dense,0,total,0.004334117002144922,0.004356876999999981,0.0,0.0,
shared_super/small/s1,synthetic,Two-walk,dense,1,load,0.0027299649991618935,0.0027298140000000526,0.0,0.0,
shared_super/small/s1,synthetic,Two-walk,dense,1,reorder,0.005944411001109984,0.0059055740000000245,187.375616,0.0,
shared_super/small/s1,synthetic,Two-walk,dense,1,total,0.005959970003459603,0.005917426000000003,0.0,0.0,
shared_super/small/s1,synthetic,Two-walk,matrix_free,-1,load,0.0027698100020643324,0.0027702090000000235,0.0,0.0,
shared_super/small/s1,synthetic,Two-walk,matrix_free,-1,reorder,0.0080811719999474,0.008266609999999952,187.580416,0.0,
shared_super/small/s1,synthetic,Two-walk,matrix_free,-1,total,0.008093505002761958,0.008276128999999965,0.0,0.0,
shared_super/small/s1,synthetic,Two-walk,matrix_free,0,load,0.002551690999098355,0.002552372000000025,0.0,0.0,
shared_super/small/s1,synthetic,Two-walk,matrix_free,0,reorder,0.007966106000822037,0.008095086999999945,187.53536,0.0,
shared_super/small/s1,synthetic,Two-walk,matrix_free,0,total,0.007974463002028642,0.00810213999999998,0.0,0.0,
shared_super/small/s1,synthetic,Two-walk,matrix_free,1,load,0.0023852680023992434,0.0023857710000000365,0.0,0.0,
shared_super/small/s1,synthetic,Two-walk,matrix_free,1,reorder,0.009795299996767426,0.010123510000000002,187.51488,0.0,
shared_super/small/s1,synthetic,Two-walk,matrix_free,1,total,0.009808375001739478,0.010133428000000055,0.0,0.0,
shared_super/small/s1,synthetic,Two-walk-Auto,dense,-1,load,0.002959416000521742,0.0029595340000000414,0.0,0.0,
shared_super/small/s1,synthetic,Two-walk-Auto,dense,-1,reorder,0.004632897998817498,0.00475081300000002,187.400192,0.0,
shared_super/small/s1,synthetic,Two-walk-Auto,dense,-1,score,0.003561637000530027,0.0035683910000000596,189.87008,0.0,
shared_super/small/s1,synthetic,Two-walk-Auto,dense,-1,reorder,0.0034223559996462427,0.00344851700000004,0.0,0.0,
shared_super/small/s1,synthetic,Two-walk-Auto,dense,-1,score,0.003488158999971347,0.0035036210000000123,189.947904,0.0,
shared_super/small/s1,synthetic,Two-walk-Auto,dense,-1,reorder,0.0034180879993073177,0.003454677999999989,0.0,0.0,
shared_super/small/s1,synthetic,Two-walk-Auto,dense,-1,score,0.0035845399979734793,0.0035855649999999573,190.21824,0.0,
shared_super/small/s1,synthetic,Two-walk-Auto,dense,-1,reorder,0.003289386997494148,0.0033271320000000104,0.0,0.0,
shared_super/small/s1,synthetic,Two-walk-Auto,dense,-1,score,0.003513405998091912,0.003568792000000043,190.48448,0.0,
shared_super/small/s1,synthetic,Two-walk-Auto,dense,-1,reorder,0.0033158750011352822,0.0033576180000000067,0.0,0.0,
shared_super/small/s1,synthetic,Two-walk-Auto,dense,-1,score,0.003497235997201642,0.003534246999999935,190.75072,0.0,
shared_super/small/s1,synthetic,Two-walk-Auto,dense,-1,reorder,0.0030804540001554415,0.0031284790000000173,0.0,0.0,
shared_super/small/s1,synthetic,Two-walk-Auto,dense,-1,score,0.0033171480026794598,0.0033571159999999933,191.021056,0.0,
shared_super/small/s1,synthetic,Two-walk-Auto,dense,-1,total,0.0421907240015571,0.04264912700000001,0.0,0.0,
shared_super/small/s1,synthetic,Two-walk-Auto,dense,0,load,0.0026398959998914506,0.0026405070000000697,0.0,0.0,
shared_super/small/s1,synthetic,Two-walk-Auto,dense,0,reorder,0.0046162469989212696,0.004731776999999937,187.613184,0.0,
shared_super/small/s1,synthetic,Two-walk-Auto,dense,0,score,0.003674188999866601,0.0038543429999999823,189.874176,0.0,
shared_super/small/s1,synthetic,Two-walk-Auto,dense,0,reorder,0.003748397997696884,0.003749790999999947,0.0,0.0,
shared_super/small/s1,synthetic,Two-walk-Auto,dense,0,score,0.0035695020014827605,0.0037110710000000102,189.952,0.0,
shared_super/small/s1,synthetic,Two-walk-Auto,dense,0,reorder,0.00358294699981343,0.00358471199999999,0.0,0.0,
shared_super/small/s1,synthetic,Two-walk-Auto,dense,0,score,0.004686839998612413,0.004812048999999985,190.222336,0.0,
shared_super/small/s1,synthetic,Two-walk-Auto,dense,0,reorder,0.0049136249981529545,0.005060320999999979,190.222336,0.0,
shared_super/small/s1,synthetic,Two-walk-Auto,dense,0,score,0.003831013000308303,0.0039441740000000225,190.488576,0.0,
shared_super/small/s1,synthetic,Two-walk-Auto,dense,0,reorder,0.003821153997705551,0.003822176999999982,0.0,0.0,
shared_super/small/s1,synthetic,Two-walk-Auto,dense,0,score,0.003498599002341507,0.003546801000000044,190.758912,0.0,
shared_super/small/s1,synthetic,Two-walk-Auto,dense,0,reorder,0.0033836219990917016,0.003408292000000035,0.0,0.0,
shared_super/small/s1,synthetic,Two-walk-Auto,dense,0,score,0.00377778300025966,0.003790518000000076,191.025152,0.0,
shared_super/small/s1,synthetic,Two-walk-Auto,dense,0,total,0.04734383799950592,0.048235225999999964,0.0,0.0,
shared_super/small/s1,synthetic,Two-walk-Auto,dense,1,load,0.002485727000021143,0.0024858180000000285,0.0,0.0,
shared_super/small/s1,synthetic,Two-walk-Auto,dense,1,reorder,0.004314400001021568,0.004403703999999897,189.78816,0.0,
shared_super/small/s1,synthetic,Two-walk-Auto,dense,1,score,0.0034355099996901117,0.003435693999999989,0.0,0.0,
shared_super/small/s1,synthetic,Two-walk-Auto,dense,1,reorder,0.003428406998864375,0.0034907180000000038,0.0,0.0,
shared_super/small/s1,synthetic,Two-walk-Auto,dense,1,score,0.0034586639994813595,0.0034795370000000325,189.93152,0.0,
shared_super/small/s1,synthetic,Two-walk-Auto,dense,1,reorder,0.003523495000990806,0.0035805840000000533,0.0,0.0,
shared_super/small/s1,synthetic,Two-walk-Auto,dense,1,score,0.0033170480019180104,0.003381290999999953,190.201856,0.0,
shared_super/small/s1,synthetic,Two-walk-Auto,dense,1,reorder,0.0031349059972853865,0.003191516999999977,0.0,0.0,
shared_super/small/s1,synthetic,Two-walk-Auto,dense,1,score,0.0032934839982772246,0.0033317110000000705,190.468096,0.0,
shared_super/small/s1,synthetic,Two-walk-Auto,dense,1,reorder,0.003710838002007222,0.003788915000000004,0.0,0.0,
shared_super/small/s1,synthetic,Two-walk-Auto,dense,1,score,0.0033305029974144418,0.0033785880000000157,190.738432,0.0,
shared_super/small/s1,synthetic,Two-walk-Auto,dense,1,reorder,0.005580798002483789,0.005771649999999906,190.738432,0.0,
shared_super/small/s1,synthetic,Two-walk-Auto,dense,1,score,0.0035184760017727967,0.0036079460000000285,191.004672,0.0,
shared_super/small/s1,synthetic,Two-walk-Auto,dense,1,total,0.044140223999420414,0.0449250590000001,0.0,0.0,
shared_super/small/s1,synthetic,Two-walk-Auto,matrix_free,-1,load,0.0027526180019776803,0.002754318999999894,0.0,0.0,
shared_super/small/s1,synthetic,Two-walk-Auto,matrix_free,-1,reorder,0.008614514001237694,0.008928607000000088,187.674624,0.0,
shared_super/small/s1,synthetic,Two-walk-Auto,matrix_free,-1,score,0.004103154002223164,0.004176406999999993,0.0,0.0,
shared_super/small/s1,synthetic,Two-walk-Auto,matrix_free,-1,reorder,0.00805625599969062,0.008160059000000053,188.14976,0.0,
shared_super/small/s1,synthetic,Two-walk-Auto,matrix_free,-1,score,0.003659009998955298,0.0037252539999999,188.14976,0.0,
shared_super/small/s1,synthetic,Two-walk-Auto,matrix_free,-1,reorder,0.007479293002688792,0.007566887999999938,188.14976,0.0,
shared_super/small/s1,synthetic,Two-walk-Auto,matrix_free,-1,score,0.00359016099901055,0.0036338650000000694,188.14976,0.0,
shared_super/small/s1,synthetic,Two-walk-Auto,matrix_free,-1,reorder,0.00790609400064568,0.008018383000000018,188.14976,0.0,
shared_super/small/s1,synthetic,Two-walk-Auto,matrix_free,-1,score,0.003534936000505695,0.0036291339999999783,188.14976,0.0,
shared_super/small/s1,synthetic,Two-walk-Auto,matrix_free,-1,reorder,0.007815003002178855,0.007964432999999937,188.153856,0.0,
shared_super/small/s1,synthetic,Two-walk-Auto,matrix_free,-1,score,0.0035672979975061025,0.0036274419999999807,188.153856,0.0,
shared_super/small/s1,synthetic,Two-walk-Auto,matrix_free,-1,reorder,0.007724792998487828,0.007825088000000036,188.153856,0.0,
shared_super/small/s1,synthetic,Two-walk-Auto,matrix_free,-1,score,0.0033203739985765424,0.0034073390000000092,188.153856,0.0,
shared_super/small/s1,synthetic,Two-walk-Auto,matrix_free,-1,total,0.06946569299907424,0.07074883200000004,0.0,0.0,
shared_super/small/s1,synthetic,Two-walk-Auto,matrix_free,0,load,0.002603166998596862,0.002601152999999967,0.0,0.0,
shared_super/small/s1,synthetic,Two-walk-Auto,matrix_free,0,reorder,0.008674366999912309,0.008737708000000066,187.543552,0.0,
shared_super/small/s1,synthetic,Two-walk-Auto,matrix_free,0,score,0.003929408001567936,0.003944014999999967,188.018688,0.0,
shared_super/small/s1,synthetic,Two-walk-Auto,matrix_free,0,reorder,0.00763427299898467,0.007703414999999936,188.018688,0.0,
shared_super/small/s1,synthetic,Two-walk-Auto,matrix_free,0,score,0.0038769790007791016,0.004018742999999936,0.0,0.0,
shared_super/small/s1,synthetic,Two-walk-Auto,matrix_free,0,reorder,0.007445097999152495,0.007741029000000066,188.018688,0.0,
shared_super/small/s1,synthetic,Two-walk-Auto,matrix_free,0,score,0.003450298001553165,0.0034503309999999177,0.0,0.0,
shared_super/small/s1,synthetic,Two-walk-Auto,matrix_free,0,reorder,0.007954864999192068,0.008131563999999925,188.018688,0.0,
shared_super/small/s1,synthetic,Two-walk-Auto,matrix_free,0,score,0.003480905001197243,0.00351932899999996,0.0,0.0,
shared_super/small/s1,synthetic,Two-walk-Auto,matrix_free,0,reorder,0.007693584997468861,0.007858350999999986,188.018688,0.0,
shared_super/small/s1,synthetic,Two-walk-Auto,matrix_free,0,score,0.0034089900000253692,0.0034593059999999953,188.018688,0.0,
shared_super/small/s1,synthetic,Two-walk-Auto,matrix_free,0,reorder,0.007996674001333304,0.008100475999999968,188.018688,0.0,
shared_super/small/s1,synthetic,Two-walk-Auto,matrix_free,0,score,0.005236471999523928,0.005418470000000064,188.018688,0.0,
shared_super/small/s1,synthetic,Two-walk-Auto,matrix_free,0,total,0.07088121099877753,0.07217190299999998,0.0,0.0,
shared_super/small/s1,synthetic,Two-walk-Auto,matrix_free,1,load,0.0029481050005415455,0.002949384999999971,0.0,0.0,
shared_super/small/s1,synthetic,Two-walk-Auto,matrix_free,1,reorder,0.009817352001846302,0.01014759300000001,187.6992,0.0,
shared_super/small/s1,synthetic,Two-walk-Auto,matrix_free,1,score,0.00376562100063893,0.003850318999999991,188.174336,0.0,
shared_super/small/s1,synthetic,Two-walk-Auto,matrix_free,1,reorder,0.008530285998858744,0.008642280999999974,188.174336,0.0,
shared_super/small/s1,synthetic,Two-walk-Auto,matrix_free,1,score,0.0037403230016934685,0.0038360800000000195,188.174336,0.0,
shared_super/small/s1,synthetic,Two-walk-Auto,matrix_free,1,reorder,0.007492748001823202,0.00760193599999992,188.174336,0.0,
shared_super/small/s1,synthetic,Two-walk-Auto,matrix_free,1,score,0.0035017350019188598,0.0035724900000000392,188.174336,0.0,
shared_super/small/s1,synthetic,Two-walk-Auto,matrix_free,1,reorder,0.007672485000512097,0.007764627000000024,188.174336,0.0,
shared_super/small/s1,synthetic,Two-walk-Auto,matrix_free,1,score,0.0034952029964188114,0.0035737919999999646,188.174336,0.0,
shared_super/small/s1,synthetic,Two-walk-Auto,matrix_free,1,reorder,0.007627660997968633,0.00772355300000005,188.174336,0.0,
shared_super/small/s1,synthetic,Two-walk-Auto,matrix_free,1,score,0.003509168000164209,0.0035937780000000474,188.174336,0.0,
shared_super/small/s1,synthetic,Two-walk-Auto,matrix_free,1,reorder,0.007947721001983155,0.00803090899999992,188.174336,0.0,
shared_super/small/s1,synthetic,Two-walk-Auto,matrix_free,1,score,0.003496504999930039,0.0036325280000000237,188.174336,0.0,
shared_super/small/s1,synthetic,Two-walk-Auto,matrix_free,1,total,0.07071529899985762,0.07207487499999998,0.0,0.0,
shared_super/medium/s0,synthetic,One-walk,dense,-1,load,0.004836951000470435,0.004837866000000024,0.0,0.0,
shared_super/medium/s0,synthetic,One-walk,dense,-1,reorder,0.014339772998937406,0.01444667299999991,193.114112,0.0,
shared_super/medium/s0,synthetic,One-walk,dense,-1,total,0.014348769997013733,0.014454387999999985,0.0,0.0,
shared_super/medium/s0,synthetic,One-walk,dense,0,load,0.004512221999902977,0.004512616999999941,0.0,0.0,
shared_super/medium/s0,synthetic,One-walk,dense,0,reorder,0.014283397998951841,0.014333799999999952,193.150976,0.0,
shared_super/medium/s0,synthetic,One-walk,dense,0,total,0.014293477001046995,0.01434234599999995,0.0,0.0,
shared_super/medium/s0,synthetic,One-walk,dense,1,load,0.004517882000072859,0.004518428000000019,0.0,0.0,
shared_super/medium/s0,synthetic,One-walk,dense,1,reorder,0.013987461999931838,0.014089412999999995,0.0,0.0,
shared_super/medium/s0,synthetic,One-walk,dense,1,total,0.013997841000673361,0.014098600000000072,0.0,0.0,
shared_super/medium/s0,synthetic,One-walk,matrix_free,-1,load,0.004528411998762749,0.00452907800000002,0.0,0.0,
shared_super/medium/s0,synthetic,One-walk,matrix_free,-1,reorder,0.01135071099997731,0.01146359600000002,188.49792,0.0,
shared_super/medium/s0,synthetic,One-walk,matrix_free,-1,total,0.01135944699854008,0.011470941000000012,0.0,0.0,
shared_super/medium/s0,synthetic,One-walk,matrix_free,0,load,0.004850276000070153,0.004843867000000057,0.0,0.0,
shared_super/medium/s0,synthetic,One-walk,matrix_free,0,reorder,0.011439407997386297,0.011551957999999973,188.510208,0.0,
shared_super/medium/s0,synthetic,One-walk,matrix_free,0,total,0.011447822998889023,0.011559222000000036,0.0,0.0,
shared_super/medium/s0,synthetic,One-walk,matrix_free,1,load,0.004838974997255718,0.004839888999999986,0.0,0.0,
shared_super/medium/s0,synthetic,One-walk,matrix_free,1,reorder,0.011905662999197375,0.012049793000000086,188.481536,0.0,
shared_super/medium/s0,synthetic,One-walk,matrix_free,1,total,0.01191707399993902,0.012058589000000008,0.0,0.0,
shared_super/medium/s0,synthetic,Two-walk,dense,-1,load,0.005002011999749811,0.0050048069999999445,0.0,0.0,
shared_super/medium/s0,synthetic,Two-walk,dense,-1,reorder,0.017783749997761333,0.01791995600000007,194.00704,0.0,
shared_super/medium/s0,synthetic,Two-walk,dense,-1,total,0.01779948900002637,0.01793177899999998,0.0,0.0,
shared_super/medium/s0,synthetic,Two-walk,dense,0,load,0.0048108629998750985,0.0048122569999999865,0.0,0.0,
shared_super/medium/s0,synthetic,Two-walk,dense,0,reorder,0.016350657999282703,0.016534220000000044,194.052096,0.0,
shared_super/medium/s0,synthetic,Two-walk,dense,0,total,0.01637041499998304,0.016548707999999968,0.0,0.0,
shared_super/medium/s0,synthetic,Two-walk,dense,1,load,0.004976003001502249,0.004978287999999997,0.0,0.0,
shared_super/medium/s0,synthetic,Two-walk,dense,1,reorder,0.01712381099787308,0.017213383999999943,0.0,0.0,
shared_super/medium/s0,synthetic,Two-walk,dense,1,total,0.01713777700206265,0.01722426399999999,0.0,0.0,
shared_super/medium/s0,synthetic,Two-walk,matrix_free,-1,load,0.004423575002874713,0.00442329099999994,0.0,0.0,
shared_super/medium/s0,synthetic,Two-walk,matrix_free,-1,reorder,0.018337548997806152,0.018816832999999922,188.27264,0.0,
shared_super/medium/s0,synthetic,Two-walk,matrix_free,-1,total,0.018350132999330526,0.01882655199999994,0.0,0.0,
shared_super/medium/s0,synthetic,Two-walk,matrix_free,0,load,0.005177700997592183,0.005235278999999982,0.0,0.0,
shared_super/medium/s0,synthetic,Two-walk,matrix_free,0,reorder,0.01800056600040989,0.018343918000000015,188.551168,0.0,
shared_super/medium/s0,synthetic,Two-walk,matrix_free,0,total,0.018017458001850173,0.018356049999999957,0.0,0.0,
shared_super/medium/s0,synthetic,Two-walk,matrix_free,1,load,0.004688963002990931,0.004690500000000042,0.0,0.0,
shared_super/medium/s0,synthetic,Two-walk,matrix_free,1,reorder,0.017024292999849422,0.017221086000000052,188.162048,0.0,
shared_super/medium/s0,synthetic,Two-walk,matrix_free,1,total,0.017036997000104748,0.017231005000000077,0.0,0.0,
shared_super/medium/s0,synthetic,Two-walk-Auto,dense,-1,load,0.004789883001649287,0.004792050000000048,0.0,0.0,
shared_super/medium/s0,synthetic,Two-walk-Auto,dense,-1,reorder,0.018292224001925206,0.018535416000000082,194.297856,0.0,
shared_super/medium/s0,synthetic,Two-walk-Auto,dense,-1,score,0.007336654998653103,0.007479255000000018,0.0,0.0,
shared_super/medium/s0,synthetic,Two-walk-Auto,dense,-1,reorder,0.014600753002014244,0.014774756,194.420736,0.0,
shared_super/medium/s0,synthetic,Two-walk-Auto,dense,-1,score,0.00729546799993841,0.007427518999999938,194.68288,0.0,
shared_super/medium/s0,synthetic,Two-walk-Auto,dense,-1,reorder,0.01582795700232964,0.015982023000000067,195.743744,0.0,
shared_super/medium/s0,synthetic,Two-walk-Auto,dense,-1,score,0.007236317000206327,0.007288498999999948,195.743744,0.0,
shared_super/medium/s0,synthetic,Two-walk-Auto,dense,-1,reorder,0.015175493001152063,0.015298653999999967,196.804608,0.0,
shared_super/medium/s0,synthetic,Two-walk-Auto,dense,-1,score,0.007516541998484172,0.007618252999999964,196.804608,0.0,
shared_super/medium/s0,synthetic,Two-walk-Auto,dense,-1,reorder,0.014544026998919435,0.014698542999999953,197.861376,0.0,
shared_super/medium/s0,synthetic,Two-walk-Auto,dense,-1,score,0.007249801001307787,0.007335936000000043,197.861376,0.0,
shared_super/medium/s0,synthetic,Two-walk-Auto,dense,-1,reorder,0.014351715999509906,0.014473552000000112,198.92224,0.0,
shared_super/medium/s0,synthetic,Two-walk-Auto,dense,-1,score,0.006903019999299431,0.006946287999999967,198.92224,0.0,
shared_super/medium/s0,synthetic,Two-walk-Auto,dense,-1,total,0.13649439999790047,0.137995773,0.0,0.0,
shared_super/medium/s0,synthetic,Two-walk-Auto,dense,0,load,0.008166132000042126,0.008316578000000074,186.85952,0.0,
shared_super/medium/s0,synthetic,Two-walk-Auto,dense,0,reorder,0.019551088000298478,0.01973073999999997,194.330624,0.0,
shared_super/medium/s0,synthetic,Two-walk-Auto,dense,0,score,0.012914716997329379,0.013205016999999986,194.449408,0.0,
shared_super/medium/s0,synthetic,Two-walk-Auto,dense,0,reorder,0.016272261000267463,0.01641941899999999,194.715648,0.0,
shared_super/medium/s0,synthetic,Two-walk-Auto,dense,0,score,0.00706974300192087,0.0071399010000000596,194.715648,0.0,
shared_super/medium/s0,synthetic,Two-walk-Auto,dense,0,reorder,0.015094080001290422,0.015263779000000088,195.772416,0.0,
shared_super/medium/s0,synthetic,Two-walk-Auto,dense,0,score,0.007439788001647685,0.007538658000000087,195.772416,0.0,
shared_super/medium/s0,synthetic,Two-walk-Auto,dense,0,reorder,0.016291727999487193,0.016490802000000082,196.83328,0.0,
shared_super/medium/s0,synthetic,Two-walk-Auto,dense,0,score,0.006977920998906484,0.007051243999999901,196.83328,0.0,
shared_super/medium/s0,synthetic,Two-walk-Auto,dense,0,reorder,0.013869530997908441,0.013990060000000026,197.894144,0.0,
shared_super/medium/s0,synthetic,Two-walk-Auto,dense,0,score,0.0070496150001417845,0.007118618000000021,197.894144,0.0,
shared_super/medium/s0,synthetic,Two-walk-Auto,dense,0,reorder,0.017471512997872196,0.01766134500000005,198.955008,0.0,
shared_super/medium/s0,synthetic,Two-walk-Auto,dense,0,score,0.0071229829991352744,0.007208908999999819,198.955008,0.0,
shared_super/medium/s0,synthetic,Two-walk-Auto,dense,0,total,0.1472936469981505,0.14895808100000008,0.0,0.0,
shared_super/medium/s0,synthetic,Two-walk-Auto,dense,1,load,0.004853102000197396,0.004845069000000035,0.0,0.0,
shared_super/medium/s0,synthetic,Two-walk-Auto,dense,1,reorder,0.017482333998486865,0.01764724800000006,0.0,0.0,
shared_super/medium/s0,synthetic,Two-walk-Auto,dense,1,score,0.007170853998104576,0.007266244999999949,194.265088,0.0,
shared_super/medium/s0,synthetic,Two-walk-Auto,dense,1,reorder,0.014696883998112753,0.014845837999999945,194.527232,0.0,
shared_super/medium/s0,synthetic,Two-walk-Auto,dense,1,score,0.007371109000814613,0.007453558000000027,194.527232,0.0,
shared_super/medium/s0,synthetic,Two-walk-Auto,dense,1,reorder,0.014997959002357675,0.015128466000000063,195.588096,0.0,
shared_super/medium/s0,synthetic,Two-walk-Auto,dense,1,score,0.007225506000395399,0.007283740999999955,195.588096,0.0,
shared_super/medium/s0,synthetic,Two-walk-Auto,dense,1,reorder,0.01688776700029848,0.017186673999999957,196.644864,0.0,
shared_super/medium/s0,synthetic,Two-walk-Auto,dense,1,score,0.007029136999335606,0.007075329999999935,196.644864,0.0,
shared_super/medium/s0,synthetic,Two-walk-Auto,dense,1,reorder,0.013773781000054441,0.013902204000000085,197.705728,0.0,
shared_super/medium/s0,synthetic,Two-walk-Auto,dense,1,score,0.007145456002035644,0.007207649000000149,197.705728,0.0,
shared_super/medium/s0,synthetic,Two-walk-Auto,dense,1,reorder,0.01712886899986188,0.017340548000000178,198.766592,0.0,
shared_super/medium/s0,synthetic,Two-walk-Auto,dense,1,score,0.007233852000354091,0.007285513999999882,198.766592,0.0,
shared_super/medium/s0,synthetic,Two-walk-Auto,dense,1,total,0.13830896799845505,0.13976228400000013,0.0,0.0,
shared_super/medium/s0,synthetic,Two-walk-Auto,matrix_free,-1,load,0.005426427997008432,0.005457614999999971,187.092992,0.0,
shared_super/medium/s0,synthetic,Two-walk-Auto,matrix_free,-1,reorder,0.017644868999923347,0.017872856000000104,188.645376,0.0,
shared_super/medium/s0,synthetic,Two-walk-Auto,matrix_free,-1,score,0.007950838000397198,0.008132606999999958,189.054976,0.0,
shared_super/medium/s0,synthetic,Two-walk-Auto,matrix_free,-1,reorder,0.019982626999990316,0.020195222000000013,189.054976,0.0,
shared_super/medium/s0,synthetic,Two-walk-Auto,matrix_free,-1,score,0.007562329003121704,0.0076744890000000066,189.054976,0.0,
shared_super/medium/s0,synthetic,Two-walk-Auto,matrix_free,-1,reorder,0.01946278199829976,0.01972672799999997,189.054976,0.0,
shared_super/medium/s0,synthetic,Two-walk-Auto,matrix_free,-1,score,0.00762413399934303,0.007764166999999933,189.054976,0.0,
shared_super/medium/s0,synthetic,Two-walk-Auto,matrix_free,-1,reorder,0.019314643999678083,0.019699962000000015,189.054976,0.0,
shared_super/medium/s0,synthetic,Two-walk-Auto,matrix_free,-1,score,0.007285668998520123,0.007355372999999998,189.054976,0.0,
shared_super/medium/s0,synthetic,Two-walk-Auto,matrix_free,-1,reorder,0.018487300996639533,0.018965875000000132,189.059072,0.0,
shared_super/medium/s0,synthetic,Two-walk-Auto,matrix_free,-1,score,0.007250863000081154,0.007341748000000203,189.059072,0.0,
shared_super/medium/s0,synthetic,Two-walk-Auto,matrix_free,-1,reorder,0.017455834000429604,0.017763784000000005,189.059072,0.0,
shared_super/medium/s0,synthetic,Two-walk-Auto,matrix_free,-1,score,0.00717302699922584,0.00729708200000001,189.059072,0.0,
shared_super/medium/s0,synthetic,Two-walk-Auto,matrix_free,-1,total,0.15742134100219118,0.15998086199999995,0.0,0.0,
shared_super/medium/s0,synthetic,Two-walk-Auto,matrix_free,0,load,0.005969237001409056,0.006080829000000065,186.867712,0.0,
shared_super/medium/s0,synthetic,Two-walk-Auto,matrix_free,0,reorder,0.01738091300285305,0.01760320400000004,188.428288,0.0,
shared_super/medium/s0,synthetic,Two-walk-Auto,matrix_free,0,score,0.008560382000723621,0.008222405000000155,188.837888,0.0,
shared_super/medium/s0,synthetic,Two-walk-Auto,matrix_free,0,reorder,0.019093889000942,0.019332115000000094,188.837888,0.0,
shared_super/medium/s0,synthetic,Two-walk-Auto,matrix_free,0,score,0.007733259997621644,0.007899880999999942,188.837888,0.0,
shared_super/medium/s0,synthetic,Two-walk-Auto,matrix_free,0,reorder,0.019429619002039544,0.019640471999999853,188.837888,0.0,
shared_super/medium/s0,synthetic,Two-walk-Auto,matrix_free,0,score,0.007616099999722792,0.007747496999999992,188.837888,0.0,
shared_super/medium/s0,synthetic,Two-walk-Auto,matrix_free,0,reorder,0.019155104000674328,0.01944797399999998,188.837888,0.0,
shared_super/medium/s0,synthetic,Two-walk-Auto,matrix_free,0,score,0.008803108001302462,0.009000553999999994,188.837888,0.0,
shared_super/medium/s0,synthetic,Two-walk-Auto,matrix_free,0,reorder,0.0192072019999614,0.01949881199999992,188.837888,0.0,
shared_super/medium/s0,synthetic,Two-walk-Auto,matrix_free,0,score,0.007876758998463629,0.008021640999999802,188.837888,0.0,
shared_super/medium/s0,synthetic,Two-walk-Auto,matrix_free,0,reorder,0.018657880002137972,0.018906528999999894,188.837888,0.0,
shared_super/medium/s0,synthetic,Two-walk-Auto,matrix_free,0,score,0.008960223000030965,0.008871728999999995,188.837888,0.0,
shared_super/medium/s0,synthetic,Two-walk-Auto,matrix_free,0,total,0.16269153599932906,0.16437491299999984,0.0,0.0,
shared_super/medium/s0,synthetic,Two-walk-Auto,matrix_free,1,load,0.006050439998944057,0.00614856500000005,186.85952,0.0,
shared_super/medium/s0,synthetic,Two-walk-Auto,matrix_free,1,reorder,0.017878526999993483,0.018125689999999972,188.485632,0.0,
shared_super/medium/s0,synthetic,Two-walk-Auto,matrix_free,1,score,0.007689246001973515,0.007839195999999937,188.915712,0.0,
shared_super/medium/s0,synthetic,Two-walk-Auto,matrix_free,1,reorder,0.02080437000040547,0.021198896000000023,188.915712,0.0,
shared_super/medium/s0,synthetic,Two-walk-Auto,matrix_free,1,score,0.007984741001564544,0.008084579000000147,188.915712,0.0,
shared_super/medium/s0,synthetic,Two-walk-Auto,matrix_free,1,reorder,0.01985357500234386,0.020099839000000008,188.915712,0.0,
shared_super/medium/s0,synthetic,Two-walk-Auto,matrix_free,1,score,0.007415151998429792,0.007476448000000024,188.915712,0.0,
shared_super/medium/s0,synthetic,Two-walk-Auto,matrix_free,1,reorder,0.01791401399896131,0.018183911999999802,188.915712,0.0,
shared_super/medium/s0,synthetic,Two-walk-Auto,matrix_free,1,score,0.007484631998522673,0.007640535999999809,188.915712,0.0,
shared_super/medium/s0,synthetic,Two-walk-Auto,matrix_free,1,reorder,0.01830589000019245,0.018529962999999983,188.915712,0.0,
shared_super/medium/s0,synthetic,Two-walk-Auto,matrix_free,1,score,0.007396036999125499,0.007453227000000062,188.915712,0.0,
shared_super/medium/s0,synthetic,Two-walk-Auto,matrix_free,1,reorder,0.018034139997325838,0.01778693600000003,188.915712,0.0,
shared_super/medium/s0,synthetic,Two-walk-Auto,matrix_free,1,score,0.007373013002506923,0.007455618999999913,188.915712,0.0,
shared_super/medium/s0,synthetic,Two-walk-Auto,matrix_free,1,total,0.1583007320004981,0.160029851,0.0,0.0,
shared_super/medium/s1,synthetic,One-walk,dense,-1,load,0.004790504000993678,0.004793131999999978,0.0,0.0,
shared_super/medium/s1,synthetic,One-walk,dense,-1,reorder,0.016559652001888026,0.01679240000000015,192.811008,0.0,
shared_super/medium/s1,synthetic,One-walk,dense,-1,total,0.016575410001678392,0.016803790999999957,0.0,0.0,
shared_super/medium/s1,synthetic,One-walk,dense,0,load,0.004909587998554343,0.0049117140000000115,0.0,0.0,
shared_super/medium/s1,synthetic,One-walk,dense,0,reorder,0.014609791000111727,0.014693991000000017,192.954368,0.0,
shared_super/medium/s1,synthetic,One-walk,dense,0,total,0.014624006998928962,0.014704631000000079,0.0,0.0,
shared_super/medium/s1,synthetic,One-walk,dense,1,load,0.004873379999480676,0.004605210999999998,0.0,0.0,
shared_super/medium/s1,synthetic,One-walk,dense,1,reorder,0.014093781999690691,0.014216231999999995,193.101824,0.0,
shared_super/medium/s1,synthetic,One-walk,dense,1,total,0.014107086000876734,0.014226242,0.0,0.0,
shared_super/medium/s1,synthetic,One-walk,matrix_free,-1,load,0.004604565001500305,0.004605841000000055,0.0,0.0,
shared_super/medium/s1,synthetic,One-walk,matrix_free,-1,reorder,0.014587628000299446,0.014941577999999955,188.12928,0.0,
shared_super/medium/s1,synthetic,One-walk,matrix_free,-1,total,0.014610211001127027,0.01495947200000003,0.0,0.0,
shared_super/medium/s1,synthetic,One-walk,matrix_free,0,load,0.004688332002842799,0.004689558000000038,0.0,0.0,
shared_super/medium/s1,synthetic,One-walk,matrix_free,0,reorder,0.013032138002017746,0.013172788000000102,188.239872,0.0,
shared_super/medium/s1,synthetic,One-walk,matrix_free,0,total,0.013042086000496056,0.013181053999999914,0.0,0.0,
shared_super/medium/s1,synthetic,One-walk,matrix_free,1,load,0.004518413003097521,0.004519168999999934,0.0,0.0,
shared_super/medium/s1,synthetic,One-walk,matrix_free,1,reorder,0.01415199099938036,0.01322290199999998,188.588032,0.0,
shared_super/medium/s1,synthetic,One-walk,matrix_free,1,total,0.014163973002723651,0.013232872000000007,0.0,0.0,
shared_super/medium/s1,synthetic,Two-walk,dense,-1,load,0.004819789002795005,0.004823097999999915,0.0,0.0,
shared_super/medium/s1,synthetic,Two-walk,dense,-1,reorder,0.01610411500223563,0.016240715000000017,193.765376,0.0,
shared_super/medium/s1,synthetic,Two-walk,dense,-1,total,0.016120916996442247,0.016253740000000017,0.0,0.0,
shared_super/medium/s1,synthetic,Two-walk,dense,0,load,0.004373782001493964,0.004374368999999989,0.0,0.0,
shared_super/medium/s1,synthetic,Two-walk,dense,0,reorder,0.014960789001634112,0.01505848200000004,194.093056,0.0,
shared_super/medium/s1,synthetic,Two-walk,dense,0,total,0.014971468997828197,0.01506700900000002,0.0,0.0,
shared_super/medium/s1,synthetic,Two-walk,dense,1,load,0.00406165599997621,0.004062114999999977,0.0,0.0,
shared_super/medium/s1,synthetic,Two-walk,dense,1,reorder,0.013549289000366116,0.013660060999999946,0.0,0.0,
shared_super/medium/s1,synthetic,Two-walk,dense,1,total,0.013562283998908242,0.01367108100000003,0.0,0.0,
shared_super/medium/s1,synthetic,Two-walk,matrix_free,-1,load,0.0043881890014745295,0.004388947000000032,0.0,0.0,
shared_super/medium/s1,synthetic,Two-walk,matrix_free,-1,reorder,0.013776014999166364,0.013873099,188.37504,0.0,
shared_super/medium/s1,synthetic,Two-walk,matrix_free,-1,total,0.013785032002488151,0.013880573000000007,0.0,0.0,
shared_super/medium/s1,synthetic,Two-walk,matrix_free,0,load,0.004020728996692924,0.004021248000000033,0.0,0.0,
shared_super/medium/s1,synthetic,Two-walk,matrix_free,0,reorder,0.013014765001571504,0.013182918000000043,188.588032,0.0,
shared_super/medium/s1,synthetic,Two-walk,matrix_free,0,total,0.013026528002228588,0.01319206500000003,0.0,0.0,
shared_super/medium/s1,synthetic,Two-walk,matrix_free,1,load,0.004417372998432256,0.004417308999999925,0.0,0.0,
shared_super/medium/s1,synthetic,Two-walk,matrix_free,1,reorder,0.015591242001391947,0.015921057999999988,188.649472,0.0,
shared_super/medium/s1,synthetic,Two-walk,matrix_free,1,total,0.01560320499993395,0.015930595000000047,0.0,0.0,
shared_super/medium/s1,synthetic,Two-walk-Auto,dense,-1,load,0.0046660410007461905,0.0046681990000000395,0.0,0.0,
shared_super/medium/s1,synthetic,Two-walk-Auto,dense,-1,reorder,0.0173414689998026,0.017553159999999957,190.332928,0.0,
shared_super/medium/s1,synthetic,Two-walk-Auto,dense,-1,score,0.007342995999351842,0.007435060000000049,193.880064,0.0,
shared_super/medium/s1,synthetic,Two-walk-Auto,dense,-1,reorder,0.013566240999352885,0.01367012099999998,194.199552,0.0,
shared_super/medium/s1,synthetic,Two-walk-Auto,dense,-1,score,0.007019970002147602,0.007062224000000006,194.199552,0.0,
shared_super/medium/s1,synthetic,Two-walk-Auto,dense,-1,reorder,0.013489937999111135,0.013606702000000026,195.207168,0.0,
shared_super/medium/s1,synthetic,Two-walk-Auto,dense,-1,score,0.007075825000356417,0.007121335999999978,195.207168,0.0,
shared_super/medium/s1,synthetic,Two-walk-Auto,dense,-1,reorder,0.01233002000299166,0.01243799499999998,196.21888,0.0,
shared_super/medium/s1,synthetic,Two-walk-Auto,dense,-1,score,0.0071401759996660985,0.007258482999999982,0.0,0.0,
shared_super/medium/s1,synthetic,Two-walk-Auto,dense,-1,reorder,0.014180024001689162,0.014346435000000102,197.226496,0.0,
shared_super/medium/s1,synthetic,Two-walk-Auto,dense,-1,score,0.006925753998075379,0.007020457000000091,0.0,0.0,
shared_super/medium/s1,synthetic,Two-walk-Auto,dense,-1,reorder,0.013691154999833088,0.01376765499999999,198.234112,0.0,
shared_super/medium/s1,synthetic,Two-walk-Auto,dense,-1,score,0.0069829309977649245,0.007045654000000123,198.234112,0.0,
shared_super/medium/s1,synthetic,Two-walk-Auto,dense,-1,total,0.1272195780002221,0.12843812200000004,0.0,0.0,
shared_super/medium/s1,synthetic,Two-walk-Auto,dense,0,load,0.004394359999423614,0.004393674999999986,0.0,0.0,
shared_super/medium/s1,synthetic,Two-walk-Auto,dense,0,reorder,0.013782036003249232,0.01386729100000006,0.0,0.0,
shared_super/medium/s1,synthetic,Two-walk-Auto,dense,0,score,0.006277445998421172,0.006356163999999942,193.9456,0.0,
shared_super/medium/s1,synthetic,Two-walk-Auto,dense,0,reorder,0.011952812001254642,0.01211331800000004,194.387968,0.0,
shared_super/medium/s1,synthetic,Two-walk-Auto,dense,0,score,0.006352476997562917,0.006397432999999952,194.387968,0.0,
shared_super/medium/s1,synthetic,Two-walk-Auto,dense,0,reorder,0.012022672999592032,0.01214720300000005,0.0,0.0,
shared_super/medium/s1,synthetic,Two-walk-Auto,dense,0,score,0.00892322399886325,0.009067535999999987,195.395584,0.0,
shared_super/medium/s1,synthetic,Two-walk-Auto,dense,0,reorder,0.012984608998522162,0.013176985999999946,196.4032,0.0,
shared_super/medium/s1,synthetic,Two-walk-Auto,dense,0,score,0.0069223370010149665,0.006982506000000055,196.4032,0.0,
shared_super/medium/s1,synthetic,Two-walk-Auto,dense,0,reorder,0.014319514997623628,0.014432943999999948,197.410816,0.0,
shared_super/medium/s1,synthetic,Two-walk-Auto,dense,0,score,0.007838707002520096,0.007905241000000007,197.410816,0.0,
shared_super/medium/s1,synthetic,Two-walk-Auto,dense,0,reorder,0.015304954999010079,0.015582665000000051,198.418432,0.0,
shared_super/medium/s1,synthetic,Two-walk-Auto,dense,0,score,0.007169470998633187,0.007225959999999976,198.418432,0.0,
shared_super/medium/s1,synthetic,Two-walk-Auto,dense,0,total,0.1239904949979973,0.12537203299999988,0.0,0.0,
shared_super/medium/s1,synthetic,Two-walk-Auto,dense,1,load,0.0043154829982086085,0.004316029999999915,0.0,0.0,
shared_super/medium/s1,synthetic,Two-walk-Auto,dense,1,reorder,0.014546801998221781,0.014656125999999992,194.002944,0.0,
shared_super/medium/s1,synthetic,Two-walk-Auto,dense,1,score,0.007321946999581996,0.007404895999999939,194.125824,0.0,
shared_super/medium/s1,synthetic,Two-walk-Auto,dense,1,reorder,0.013517048002540832,0.013621347000000061,0.0,0.0,
shared_super/medium/s1,synthetic,Two-walk-Auto,dense,1,score,0.0069282479998946656,0.007001521000000066,194.445312,0.0,
shared_super/medium/s1,synthetic,Two-walk-Auto,dense,1,reorder,0.012275005999981659,0.012350833999999922,0.0,0.0,
shared_super/medium/s1,synthetic,Two-walk-Auto,dense,1,score,0.006953905998670962,0.007048668000000036,195.452928,0.0,
shared_super/medium/s1,synthetic,Two-walk-Auto,dense,1,reorder,0.012315021998801967,0.012401306,196.460544,0.0,
shared_super/medium/s1,synthetic,Two-walk-Auto,dense,1,score,0.006469256000855239,0.006539798000000041,0.0,0.0,
shared_super/medium/s1,synthetic,Two-walk-Auto,dense,1,reorder,0.01242085099875112,0.012564259999999994,197.472256,0.0,
shared_super/medium/s1,synthetic,Two-walk-Auto,dense,1,score,0.0064072800014400855,0.006461261000000107,197.472256,0.0,
shared_super/medium/s1,synthetic,Two-walk-Auto,dense,1,reorder,0.012172574002761394,0.012259001000000103,0.0,0.0,
shared_super/medium/s1,synthetic,Two-walk-Auto,dense,1,score,0.006279590001213364,0.006354309999999863,198.479872,0.0,
shared_super/medium/s1,synthetic,Two-walk-Auto,dense,1,total,0.11770315999820014,0.11874653599999996,0.0,0.0,
shared_super/medium/s1,synthetic,Two-walk-Auto,matrix_free,-1,load,0.006138815999293001,0.006309887000000014,187.20768,0.0,
shared_super/medium/s1,synthetic,Two-walk-Auto,matrix_free,-1,reorder,0.015165292999881785,0.015356433000000003,188.755968,0.0,
shared_super/medium/s1,synthetic,Two-walk-Auto,matrix_free,-1,score,0.007096164001268335,0.007147884999999965,189.165568,0.0,
shared_super/medium/s1,synthetic,Two-walk-Auto,matrix_free,-1,reorder,0.0167700669990154,0.01714331899999999,189.165568,0.0,
shared_super/medium/s1,synthetic,Two-walk-Auto,matrix_free,-1,score,0.008681089002493536,0.008272002999999972,189.165568,0.0,
shared_super/medium/s1,synthetic,Two-walk-Auto,matrix_free,-1,reorder,0.016348965997167397,0.01655719999999994,189.165568,0.0,
shared_super/medium/s1,synthetic,Two-walk-Auto,matrix_free,-1,score,0.008008646000234876,0.008015125999999984,189.165568,0.0,
shared_super/medium/s1,synthetic,Two-walk-Auto,matrix_free,-1,reorder,0.016517882999323774,0.015367313000000049,189.165568,0.0,
shared_super/medium/s1,synthetic,Two-walk-Auto,matrix_free,-1,score,0.01186957499885466,0.01141861199999994,189.165568,0.0,
shared_super/medium/s1,synthetic,Two-walk-Auto,matrix_free,-1,reorder,0.014226390001567779,0.014485430999999993,189.165568,0.0,
shared_super/medium/s1,synthetic,Two-walk-Auto,matrix_free,-1,score,0.01066403100048774,0.010892414999999933,189.165568,0.0,
shared_super/medium/s1,synthetic,Two-walk-Auto,matrix_free,-1,reorder,0.016312808002112433,0.01659522499999988,189.165568,0.0,
shared_super/medium/s1,synthetic,Two-walk-Auto,matrix_free,-1,score,0.007231597999634687,0.007295000999999912,189.165568,0.0,
shared_super/medium/s1,synthetic,Two-walk-Auto,matrix_free,-1,total,0.14910035799766774,0.14872001699999993,0.0,0.0,
shared_super/medium/s1,synthetic,Two-walk-Auto,matrix_free,0,load,0.005366705998312682,0.005482122000000089,186.92096,0.0,
shared_super/medium/s1,synthetic,Two-walk-Auto,matrix_free,0,reorder,0.015050948997668456,0.015247144000000046,188.391424,0.0,
shared_super/medium/s1,synthetic,Two-walk-Auto,matrix_free,0,score,0.006830284000898246,0.006895011999999978,188.801024,0.0,
shared_super/medium/s1,synthetic,Two-walk-Auto,matrix_free,0,reorder,0.01734175000092364,0.017769522000000038,188.801024,0.0,
shared_super/medium/s1,synthetic,Two-walk-Auto,matrix_free,0,score,0.007099970000126632,0.0071767010000000075,188.801024,0.0,
shared_super/medium/s1,synthetic,Two-walk-Auto,matrix_free,0,reorder,0.015085503000591416,0.015364598999999979,188.801024,0.0,
shared_super/medium/s1,synthetic,Two-walk-Auto,matrix_free,0,score,0.007135135998396436,0.007230279000000062,188.801024,0.0,
shared_super/medium/s1,synthetic,Two-walk-Auto,matrix_free,0,reorder,0.013371624998399056,0.013487931000000009,188.801024,0.0,
shared_super/medium/s1,synthetic,Two-walk-Auto,matrix_free,0,score,0.007016053001279943,0.0070563430000000205,188.801024,0.0,
shared_super/medium/s1,synthetic,Two-walk-Auto,matrix_free,0,reorder,0.014023530002305051,0.014264909999999964,188.801024,0.0,
shared_super/medium/s1,synthetic,Two-walk-Auto,matrix_free,0,score,0.007195660000434145,0.007266286000000011,188.801024,0.0,
shared_super/medium/s1,synthetic,Two-walk-Auto,matrix_free,0,reorder,0.01751914200212923,0.01786511599999996,188.801024,0.0,
shared_super/medium/s1,synthetic,Two-walk-Auto,matrix_free,0,score,0.007098437999957241,0.0071630649999999685,188.801024,0.0,
shared_super/medium/s1,synthetic,Two-walk-Auto,matrix_free,0,total,0.1349203050012875,0.13691716199999993,0.0,0.0,
shared_super/medium/s1,synthetic,Two-walk-Auto,matrix_free,1,load,0.006361473999277223,0.006893619999999934,186.945536,0.0,
shared_super/medium/s1,synthetic,Two-walk-Auto,matrix_free,1,reorder,0.013570458999311086,0.013755230999999979,188.379136,0.0,
shared_super/medium/s1,synthetic,Two-walk-Auto,matrix_free,1,score,0.007158410000556614,0.007200475000000095,188.788736,0.0,
shared_super/medium/s1,synthetic,Two-walk-Auto,matrix_free,1,reorder,0.01485956899705343,0.014988434999999911,188.788736,0.0,
shared_super/medium/s1,synthetic,Two-walk-Auto,matrix_free,1,score,0.007163880000007339,0.007202675999999908,188.788736,0.0,
shared_super/medium/s1,synthetic,Two-walk-Auto,matrix_free,1,reorder,0.017319799000688363,0.017711829999999984,188.788736,0.0,
shared_super/medium/s1,synthetic,Two-walk-Auto,matrix_free,1,score,0.007443856000463711,0.0075319120000000295,188.788736,0.0,
shared_super/medium/s1,synthetic,Two-walk-Auto,matrix_free,1,reorder,0.015570753999782028,0.015844553999999955,188.788736,0.0,
shared_super/medium/s1,synthetic,Two-walk-Auto,matrix_free,1,score,0.007448124000802636,0.007536514000000105,188.788736,0.0,
shared_super/medium/s1,synthetic,Two-walk-Auto,matrix_free,1,reorder,0.014680462998512667,0.014814578999999939,188.788736,0.0,
shared_super/medium/s1,synthetic,Two-walk-Auto,matrix_free,1,score,0.007280770001671044,0.0073578380000001165,188.788736,0.0,
shared_super/medium/s1,synthetic,Two-walk-Auto,matrix_free,1,reorder,0.016386567000154173,0.016767377999999944,188.788736,0.0,
shared_super/medium/s1,synthetic,Two-walk-Auto,matrix_free,1,score,0.007222250002087094,0.0073294539999999575,188.788736,0.0,
shared_super/medium/s1,synthetic,Two-walk-Auto,matrix_free,1,total,0.13625640399914118,0.13817021200000001,0.0,0.0,
shared_super/large/s0,synthetic,One-walk,dense,-1,load,0.009282228002120974,0.009331960000000028,187.486208,0.0,
shared_super/large/s0,synthetic,One-walk,dense,-1,reorder,0.07884801900218008,0.07928497400000001,204.955648,0.0,
shared_super/large/s0,synthetic,One-walk,dense,-1,total,0.07886365800004569,0.07929723600000005,0.0,0.0,
shared_super/large/s0,synthetic,One-walk,dense,0,load,0.00871585400091135,0.008778262000000092,187.322368,0.0,
shared_super/large/s0,synthetic,One-walk,dense,0,reorder,0.07778621399847907,0.07817987800000004,204.734464,0.0,
shared_super/large/s0,synthetic,One-walk,dense,0,total,0.07780175399966538,0.07819204099999999,0.0,0.0,
shared_super/large/s0,synthetic,One-walk,dense,1,load,0.008654337998450501,0.008695875999999991,187.441152,0.0,
shared_super/large/s0,synthetic,One-walk,dense,1,reorder,0.07133575400075642,0.07173893399999998,204.836864,0.0,
shared_super/large/s0,synthetic,One-walk,dense,1,total,0.07134672499887529,0.07174745100000002,0.0,0.0,
shared_super/large/s0,synthetic,One-walk,matrix_free,-1,load,0.010837126999831526,0.010971922999999939,189.161472,0.0,
shared_super/large/s0,synthetic,One-walk,matrix_free,-1,reorder,0.029321873000299092,0.029767695999999955,191.01696,0.0,
shared_super/large/s0,synthetic,One-walk,matrix_free,-1,total,0.029336249001062242,0.029779007999999996,0.0,0.0,
shared_super/large/s0,synthetic,One-walk,matrix_free,0,load,0.011297180997644318,0.011506322999999985,188.551168,0.0,
shared_super/large/s0,synthetic,One-walk,matrix_free,0,reorder,0.029096678998030256,0.029508517000000012,191.107072,0.0,
shared_super/large/s0,synthetic,One-walk,matrix_free,0,total,0.0291145930023049,0.029520701000000038,0.0,0.0,
shared_super/large/s0,synthetic,One-walk,matrix_free,1,load,0.012848202997702174,0.012888699999999975,187.908096,0.0,
shared_super/large/s0,synthetic,One-walk,matrix_free,1,reorder,0.039625957997486694,0.03962835500000006,191.332352,0.0,
shared_super/large/s0,synthetic,One-walk,matrix_free,1,total,0.0396423890015285,0.03964074800000006,0.0,0.0,
shared_super/large/s0,synthetic,Two-walk,dense,-1,load,0.01291071000014199,0.012913273999999975,187.543552,0.0,
shared_super/large/s0,synthetic,Two-walk,dense,-1,reorder,0.11706683499869541,0.09935053700000007,205.135872,0.0,
shared_super/large/s0,synthetic,Two-walk,dense,-1,total,0.11708592099967063,0.09936532399999987,0.0,0.0,
shared_super/large/s0,synthetic,Two-walk,dense,0,load,0.03964448300030199,0.0159865079999999,189.566976,0.0,
shared_super/large/s0,synthetic,Two-walk,dense,0,reorder,0.1810283539998636,0.08639960499999999,206.471168,0.0,
shared_super/large/s0,synthetic,Two-walk,dense,0,total,0.1810431019985117,0.08641062500000007,0.0,0.0,
shared_super/large/s0,synthetic,Two-walk,dense,1,load,0.019928787001845194,0.012885313999999815,187.572224,0.0,
shared_super/large/s0,synthetic,Two-walk,dense,1,reorder,0.0954359729985299,0.09471849200000015,205.983744,0.0,
shared_super/large/s0,synthetic,Two-walk,dense,1,total,0.09894976000214228,0.09473808800000016,0.0,0.0,
shared_super/large/s0,synthetic,Two-walk,matrix_free,-1,load,0.00944460300161154,0.00952073199999992,187.404288,0.0,
shared_super/large/s0,synthetic,Two-walk,matrix_free,-1,reorder,0.1215270499997132,0.06370894699999985,191.143936,0.0,
shared_super/large/s0,synthetic,Two-walk,matrix_free,-1,total,0.12154570399798104,0.06372321400000014,0.0,0.0,
shared_super/large/s0,synthetic,Two-walk,matrix_free,0,load,0.012509126001532422,0.012613994000000073,188.059648,0.0,
shared_super/large/s0,synthetic,Two-walk,matrix_free,0,reorder,0.057429003001743695,0.057474161000000024,190.971904,0.0,
shared_super/large/s0,synthetic,Two-walk,matrix_free,0,total,0.05744712800151319,0.05748839899999991,0.0,0.0,
shared_super/large/s0,synthetic,Two-walk,matrix_free,1,load,0.023002808000455843,0.0132092399999999,188.895232,0.0,
shared_super/large/s0,synthetic,Two-walk,matrix_free,1,reorder,0.09542092499759747,0.05628773499999995,191.148032,0.0,
shared_super/large/s0,synthetic,Two-walk,matrix_free,1,total,0.09543741599918576,0.05630009899999999,0.0,0.0,
shared_super/large/s0,synthetic,Two-walk-Auto,dense,-1,load,0.009849181999015855,0.009885856999999998,187.416576,0.0,
shared_super/large/s0,synthetic,Two-walk-Auto,dense,-1,reorder,0.0929529810018721,0.09356625099999993,206.184448,0.0,
shared_super/large/s0,synthetic,Two-walk-Auto,dense,-1,score,0.01485609200244653,0.014982943000000026,202.32192,0.0,
shared_super/large/s0,synthetic,Two-walk-Auto,dense,-1,reorder,0.07717396500083851,0.07748121799999996,210.41152,0.0,
shared_super/large/s0,synthetic,Two-walk-Auto,dense,-1,score,0.014926124000339769,0.015042175000000046,202.452992,0.0,
shared_super/large/s0,synthetic,Two-walk-Auto,dense,-1,reorder,0.0811456730007194,0.08150061400000008,216.805376,0.0,
shared_super/large/s0,synthetic,Two-walk-Auto,dense,-1,score,0.016163195999979507,0.016463082000000018,216.805376,0.0,
shared_super/large/s0,synthetic,Two-walk-Auto,dense,-1,reorder,0.07832928499919944,0.07877950699999992,218.50112,0.0,
shared_super/large/s0,synthetic,Two-walk-Auto,dense,-1,score,0.015322988998377696,0.015517093000000148,210.542592,0.0,
shared_super/large/s0,synthetic,Two-walk-Auto,dense,-1,reorder,0.0865590860012162,0.08755701000000005,224.899072,0.0,
shared_super/large/s0,synthetic,Two-walk-Auto,dense,-1,score,0.015172596999036614,0.01522077799999999,224.899072,0.0,
shared_super/large/s0,synthetic,Two-walk-Auto,dense,-1,reorder,0.08021471499887411,0.08069925599999994,226.59072,0.0,
shared_super/large/s0,synthetic,Two-walk-Auto,dense,-1,score,0.017370012999890605,0.01795196599999982,218.632192,0.0,
shared_super/large/s0,synthetic,Two-walk-Auto,dense,-1,total,0.590363356997841,0.5949053029999999,0.0,0.0,
shared_super/large/s0,synthetic,Two-walk-Auto,dense,0,load,0.011941720997128868,0.012160154000000034,187.826176,0.0,
shared_super/large/s0,synthetic,Two-walk-Auto,dense,0,reorder,0.08739934400000493,0.08809238399999997,206.102528,0.0,
shared_super/large/s0,synthetic,Two-walk-Auto,dense,0,score,0.01667183099925751,0.017015253999999924,202.24,0.0,
shared_super/large/s0,synthetic,Two-walk-Auto,dense,0,reorder,0.07835385100042913,0.07879909499999993,210.3296,0.0,
shared_super/large/s0,synthetic,Two-walk-Auto,dense,0,score,0.017038890997355338,0.017391546999999896,202.371072,0.0,
shared_super/large/s0,synthetic,Two-walk-Auto,dense,0,reorder,0.0885040579996712,0.08940007500000013,216.727552,0.0,
shared_super/large/s0,synthetic,Two-walk-Auto,dense,0,score,0.014635688999987906,0.014856489000000028,216.727552,0.0,
shared_super/large/s0,synthetic,Two-walk-Auto,dense,0,reorder,0.07677817199873971,0.07709478000000014,218.4192,0.0,
shared_super/large/s0,synthetic,Two-walk-Auto,dense,0,score,0.014808453001023736,0.014987333000000103,210.460672,0.0,
shared_super/large/s0,synthetic,Two-walk-Auto,dense,0,reorder,0.08318409999992582,0.08387515700000003,224.817152,0.0,
shared_super/large/s0,synthetic,Two-walk-Auto,dense,0,score,0.015169991998845944,0.015384343000000023,224.817152,0.0,
shared_super/large/s0,synthetic,Two-walk-Auto,dense,0,reorder,0.07174563400258194,0.072183624,226.504704,0.0,
shared_super/large/s0,synthetic,Two-walk-Auto,dense,0,score,0.018812870999681763,0.019265752999999997,218.550272,0.0,
shared_super/large/s0,synthetic,Two-walk-Auto,dense,0,total,0.5832874719999381,0.588501838,0.0,0.0,
shared_super/large/s0,synthetic,Two-walk-Auto,dense,1,load,0.009603531001630472,0.009675198000000051,187.486208,0.0,
shared_super/large/s0,synthetic,Two-walk-Auto,dense,1,reorder,0.08045618699907209,0.08104580500000003,206.270464,0.0,
shared_super/large/s0,synthetic,Two-walk-Auto,dense,1,score,0.01799070800188929,0.018251302999999997,202.407936,0.0,
shared_super/large/s0,synthetic,Two-walk-Auto,dense,1,reorder,0.08704424600000493,0.08759887899999996,210.497536,0.0,
shared_super/large/s0,synthetic,Two-walk-Auto,dense,1,score,0.016916791999392444,0.017214217999999892,202.543104,0.0,
shared_super/large/s0,synthetic,Two-walk-Auto,dense,1,reorder,0.08428957499927492,0.08476542200000003,216.891392,0.0,
shared_super/large/s0,synthetic,Two-walk-Auto,dense,1,score,0.017877897000289522,0.018213071999999997,216.891392,0.0,
shared_super/large/s0,synthetic,Two-walk-Auto,dense,1,reorder,0.08472640499894624,0.08536005399999991,218.587136,0.0,
shared_super/large/s0,synthetic,Two-walk-Auto,dense,1,score,0.018862163997255266,0.019195359000000023,210.628608,0.0,
shared_super/large/s0,synthetic,Two-walk-Auto,dense,1,reorder,0.08334371000091778,0.0840535309999999,224.985088,0.0,
shared_super/large/s0,synthetic,Two-walk-Auto,dense,1,score,0.017801732999942033,0.01828500700000002,224.985088,0.0,
shared_super/large/s0,synthetic,Two-walk-Auto,dense,1,reorder,0.08041142400179524,0.0810450439999999,226.676736,0.0,
shared_super/large/s0,synthetic,Two-walk-Auto,dense,1,score,0.014707853999425424,0.01485399300000001,218.718208,0.0,
shared_super/large/s0,synthetic,Two-walk-Auto,dense,1,total,0.6046474760005367,0.610064631,0.0,0.0,
shared_super/large/s0,synthetic,Two-walk-Auto,matrix_free,-1,load,0.009617116000299575,0.00970061000000011,187.252736,0.0,
shared_super/large/s0,synthetic,Two-walk-Auto,matrix_free,-1,reorder,0.04917386400120449,0.049753479000000045,191.004672,0.0,
shared_super/large/s0,synthetic,Two-walk-Auto,matrix_free,-1,score,0.015277123002306325,0.01548427100000005,191.479808,0.0,
shared_super/large/s0,synthetic,Two-walk-Auto,matrix_free,-1,reorder,0.04371214999991935,0.044546858000000134,191.479808,0.0,
shared_super/large/s0,synthetic,Two-walk-Auto,matrix_free,-1,score,0.01578034799968009,0.016099631999999975,191.479808,0.0,
shared_super/large/s0,synthetic,Two-walk-Auto,matrix_free,-1,reorder,0.04376796499855118,0.04445832500000013,191.479808,0.0,
shared_super/large/s0,synthetic,Two-walk-Auto,matrix_free,-1,score,0.020402365997142624,0.020809357000000084,191.479808,0.0,
shared_super/large/s0,synthetic,Two-walk-Auto,matrix_free,-1,reorder,0.04287136199855013,0.04336807900000017,191.479808,0.0,
shared_super/large/s0,synthetic,Two-walk-Auto,matrix_free,-1,score,0.014417479000258027,0.014540878999999896,191.479808,0.0,
shared_super/large/s0,synthetic,Two-walk-Auto,matrix_free,-1,reorder,0.04227173600156675,0.042690879000000015,191.479808,0.0,
shared_super/large/s0,synthetic,Two-walk-Auto,matrix_free,-1,score,0.016388489999371814,0.016690097999999987,191.479808,0.0,
shared_super/large/s0,synthetic,Two-walk-Auto,matrix_free,-1,reorder,0.052802087000600295,0.053633329000000174,191.479808,0.0,
shared_super/large/s0,synthetic,Two-walk-Auto,matrix_free,-1,score,0.015593146003084257,0.015757534999999878,191.479808,0.0,
shared_super/large/s0,synthetic,Two-walk-Auto,matrix_free,-1,total,0.3726278750000347,0.3779742549999998,0.0,0.0,
shared_super/large/s0,synthetic,Two-walk-Auto,matrix_free,0,load,0.010267667999869445,0.010345712000000118,187.53536,0.0,
shared_super/large/s0,synthetic,Two-walk-Auto,matrix_free,0,reorder,0.04581401700124843,0.046524228,191.377408,0.0,
shared_super/large/s0,synthetic,Two-walk-Auto,matrix_free,0,score,0.015896295000857208,0.01614276299999995,191.852544,0.0,
shared_super/large/s0,synthetic,Two-walk-Auto,matrix_free,0,reorder,0.04184416399948532,0.04300149100000006,191.852544,0.0,
shared_super/large/s0,synthetic,Two-walk-Auto,matrix_free,0,score,0.016099297001346713,0.01639898399999984,191.852544,0.0,
shared_super/large/s0,synthetic,Two-walk-Auto,matrix_free,0,reorder,0.04117615900031524,0.04180049699999988,191.852544,0.0,
shared_super/large/s0,synthetic,Two-walk-Auto,matrix_free,0,score,0.015901665999990655,0.016224817999999974,191.852544,0.0,
shared_super/large/s0,synthetic,Two-walk-Auto,matrix_free,0,reorder,0.053618459001882,0.054375400000000074,191.852544,0.0,
shared_super/large/s0,synthetic,Two-walk-Auto,matrix_free,0,score,0.018467363002855564,0.01906462700000011,191.852544,0.0,
shared_super/large/s0,synthetic,Two-walk-Auto,matrix_free,0,reorder,0.04361038000206463,0.044284720000000055,191.852544,0.0,
shared_super/large/s0,synthetic,Two-walk-Auto,matrix_free,0,score,0.01630803900116007,0.016578116999999892,191.852544,0.0,
shared_super/large/s0,synthetic,Two-walk-Auto,matrix_free,0,reorder,0.056843774997105356,0.05788607000000012,191.852544,0.0,
shared_super/large/s0,synthetic,Two-walk-Auto,matrix_free,0,score,0.01624632299717632,0.016696378999999872,191.852544,0.0,
shared_super/large/s0,synthetic,Two-walk-Auto,matrix_free,0,total,0.3820199389992922,0.38913980699999984,0.0,0.0,
shared_super/large/s0,synthetic,Two-walk-Auto,matrix_free,1,load,0.0125655120027659,0.01256701700000007,187.908096,0.0,
shared_super/large/s0,synthetic,Two-walk-Auto,matrix_free,1,reorder,0.06379648899746826,0.06378751599999988,191.238144,0.0,
shared_super/large/s0,synthetic,Two-walk-Auto,matrix_free,1,score,0.024480382999172434,0.024483617999999874,191.71328,0.0,
shared_super/large/s0,synthetic,Two-walk-Auto,matrix_free,1,reorder,0.05056947499906528,0.05057054399999994,191.71328,0.0,
shared_super/large/s0,synthetic,Two-walk-Auto,matrix_free,1,score,0.021943529001873685,0.021946553999999896,191.71328,0.0,
shared_super/large/s0,synthetic,Two-walk-Auto,matrix_free,1,reorder,0.05472026899951743,0.054619835000000005,191.71328,0.0,
shared_super/large/s0,synthetic,Two-walk-Auto,matrix_free,1,score,0.022112897000624798,0.022114659000000092,191.71328,0.0,
shared_super/large/s0,synthetic,Two-walk-Auto,matrix_free,1,reorder,0.06529329899785807,0.0645171739999999,191.71328,0.0,
shared_super/large/s0,synthetic,Two-walk-Auto,matrix_free,1,score,0.02598685100019793,0.025797716000000026,191.71328,0.0,
shared_super/large/s0,synthetic,Two-walk-Auto,matrix_free,1,reorder,0.07054381700072554,0.07051545599999987,191.71328,0.0,
shared_super/large/s0,synthetic,Two-walk-Auto,matrix_free,1,score,0.02638416700210655,0.026281529000000026,191.71328,0.0,
shared_super/large/s0,synthetic,Two-walk-Auto,matrix_free,1,reorder,0.07078464000005624,0.06991905100000007,191.71328,0.0,
shared_super/large/s0,synthetic,Two-walk-Auto,matrix_free,1,score,0.024184957997931633,0.024186983999999967,191.71328,0.0,
shared_super/large/s0,synthetic,Two-walk-Auto,matrix_free,1,total,0.521045112000138,0.518950939,0.0,0.0,
shared_super/large/s1,synthetic,One-walk,dense,-1,load,0.017029954000463476,0.01283553000000004,187.858944,0.0,
shared_super/large/s1,synthetic,One-walk,dense,-1,reorder,0.08720769399951678,0.08749715899999999,205.205504,0.0,
shared_super/large/s1,synthetic,One-walk,dense,-1,total,0.08722913399833487,0.08751321900000009,0.0,0.0,
shared_super/large/s1,synthetic,One-walk,dense,0,load,0.02530373899935512,0.013588949000000072,188.12928,0.0,
shared_super/large/s1,synthetic,One-walk,dense,0,reorder,0.10446231899913982,0.0818924379999999,205.336576,0.0,
shared_super/large/s1,synthetic,One-walk,dense,0,total,0.10447845000089728,0.08190443999999997,0.0,0.0,
shared_super/large/s1,synthetic,One-walk,dense,1,load,0.02188977799960412,0.013405354999999952,187.502592,0.0,
shared_super/large/s1,synthetic,One-walk,dense,1,reorder,0.184911935000855,0.08966384800000005,204.88192,0.0,
shared_super/large/s1,synthetic,One-walk,dense,1,total,0.18492908799817087,0.08967618200000005,0.0,0.0,
shared_super/large/s1,synthetic,One-walk,matrix_free,-1,load,0.012675248002778972,0.01249062599999995,187.82208,0.0,
shared_super/large/s1,synthetic,One-walk,matrix_free,-1,reorder,0.03990464199887356,0.03944431100000001,191.639552,0.0,
shared_super/large/s1,synthetic,One-walk,matrix_free,-1,total,0.039924708999024006,0.03946008100000009,0.0,0.0,
shared_super/large/s1,synthetic,One-walk,matrix_free,0,load,0.014794506001635455,0.014961924999999932,188.923904,0.0,
shared_super/large/s1,synthetic,One-walk,matrix_free,0,reorder,0.03812945900062914,0.03837597299999995,191.16032,0.0,
shared_super/large/s1,synthetic,One-walk,matrix_free,0,total,0.0381463209996582,0.03838905799999992,0.0,0.0,
shared_super/large/s1,synthetic,One-walk,matrix_free,1,load,0.00907259399900795,0.009131243000000011,187.752448,0.0,
shared_super/large/s1,synthetic,One-walk,matrix_free,1,reorder,0.028135314998507965,0.028546064000000038,191.438848,0.0,
shared_super/large/s1,synthetic,One-walk,matrix_free,1,total,0.028147958997578826,0.028556182999999957,0.0,0.0,
shared_super/large/s1,synthetic,Two-walk,dense,-1,load,0.01234808299705037,0.01238739100000008,187.420672,0.0,
shared_super/large/s1,synthetic,Two-walk,dense,-1,reorder,0.09621474499726901,0.09436462599999995,199.9872,0.0,
shared_super/large/s1,synthetic,Two-walk,dense,-1,total,0.09623432200169191,0.09438064600000007,0.0,0.0,
shared_super/large/s1,synthetic,Two-walk,dense,0,load,0.009475089998886688,0.009558033000000021,187.654144,0.0,
shared_super/large/s1,synthetic,Two-walk,dense,0,reorder,0.08921255799941719,0.08969325699999997,206.573568,0.0,
shared_super/large/s1,synthetic,Two-walk,dense,0,total,0.08922571299990523,0.08970356600000007,0.0,0.0,
shared_super/large/s1,synthetic,Two-walk,dense,1,load,0.009879810000711586,0.009917251999999932,187.363328,0.0,
shared_super/large/s1,synthetic,Two-walk,dense,1,reorder,0.0919111349976447,0.09251446799999996,206.327808,0.0,
shared_super/large/s1,synthetic,Two-walk,dense,1,total,0.09192410899777315,0.09252470700000004,0.0,0.0,
shared_super/large/s1,synthetic,Two-walk,matrix_free,-1,load,0.009443791001103818,0.009490903999999967,187.727872,0.0,
shared_super/large/s1,synthetic,Two-walk,matrix_free,-1,reorder,0.08539109299817937,0.08616893299999995,191.483904,0.0,
shared_super/large/s1,synthetic,Two-walk,matrix_free,-1,total,0.08540913699835073,0.08618470300000003,0.0,0.0,
shared_super/large/s1,synthetic,Two-walk,matrix_free,0,load,0.009472815996559802,0.00951013200000006,187.629568,0.0,
shared_super/large/s1,synthetic,Two-walk,matrix_free,0,reorder,0.08447640599842998,0.08554673899999998,191.434752,0.0,
shared_super/large/s1,synthetic,Two-walk,matrix_free,0,total,0.08448909999788157,0.08555640600000003,0.0,0.0,
shared_super/large/s1,synthetic,Two-walk,matrix_free,1,load,0.011675500998535426,0.011805014000000003,187.748352,0.0,
shared_super/large/s1,synthetic,Two-walk,matrix_free,1,reorder,0.08031033400038723,0.08097065399999992,191.01696,0.0,
shared_super/large/s1,synthetic,Two-walk,matrix_free,1,total,0.08032513199941604,0.08098210600000011,0.0,0.0,
shared_super/large/s1,synthetic,Two-walk-Auto,dense,-1,load,0.00971361800111481,0.009796037999999951,187.404288,0.0,
shared_super/large/s1,synthetic,Two-walk-Auto,dense,-1,reorder,0.08849926900074934,0.08892171999999998,206.364672,0.0,
shared_super/large/s1,synthetic,Two-walk-Auto,dense,-1,score,0.015619124998920597,0.015775818000000053,202.4448,0.0,
shared_super/large/s1,synthetic,Two-walk-Auto,dense,-1,reorder,0.07726892399659846,0.07771061999999984,210.644992,0.0,
shared_super/large/s1,synthetic,Two-walk-Auto,dense,-1,score,0.014671947003080277,0.014918583999999901,202.575872,0.0,
shared_super/large/s1,synthetic,Two-walk-Auto,dense,-1,reorder,0.08154393899894785,0.08199737500000004,217.104384,0.0,
shared_super/large/s1,synthetic,Two-walk-Auto,dense,-1,score,0.014933607999410015,0.015028920000000001,217.104384,0.0,
shared_super/large/s1,synthetic,Two-walk-Auto,dense,-1,reorder,0.07610391699927277,0.07647745399999994,218.84928,0.0,
shared_super/large/s1,synthetic,Two-walk-Auto,dense,-1,score,0.014255836002121214,0.014380246999999846,210.776064,0.0,
shared_super/large/s1,synthetic,Two-walk-Auto,dense,-1,reorder,0.07673659500142094,0.07725806199999985,225.312768,0.0,
shared_super/large/s1,synthetic,Two-walk-Auto,dense,-1,score,0.015234221998980502,0.015385395000000024,225.312768,0.0,
shared_super/large/s1,synthetic,Two-walk-Auto,dense,-1,reorder,0.07754847899923334,0.07794796200000009,227.053568,0.0,
shared_super/large/s1,synthetic,Two-walk-Auto,dense,-1,score,0.017591187002835795,0.017741232000000107,218.980352,0.0,
shared_super/large/s1,synthetic,Two-walk-Auto,dense,-1,total,0.5701777089998359,0.5736896520000001,0.0,0.0,
shared_super/large/s1,synthetic,Two-walk-Auto,dense,0,load,0.00857583999822964,0.008613442999999998,187.527168,0.0,
shared_super/large/s1,synthetic,Two-walk-Auto,dense,0,reorder,0.08526650900239474,0.08575380899999996,206.385152,0.0,
shared_super/large/s1,synthetic,Two-walk-Auto,dense,0,score,0.014437116002227413,0.01454918500000002,202.461184,0.0,
shared_super/large/s1,synthetic,Two-walk-Auto,dense,0,reorder,0.0895160379986919,0.0901721379999999,210.665472,0.0,
shared_super/large/s1,synthetic,Two-walk-Auto,dense,0,score,0.01604637700074818,0.016366864000000092,202.592256,0.0,
shared_super/large/s1,synthetic,Two-walk-Auto,dense,0,reorder,0.08811235299799591,0.08874335000000011,217.124864,0.0,
shared_super/large/s1,synthetic,Two-walk-Auto,dense,0,score,0.015208975000859937,0.015377439999999964,217.124864,0.0,
shared_super/large/s1,synthetic,Two-walk-Auto,dense,0,reorder,0.08048589399913908,0.0809201719999999,218.865664,0.0,
shared_super/large/s1,synthetic,Two-walk-Auto,dense,0,score,0.014297574001830071,0.014403001000000026,210.796544,0.0,
shared_super/large/s1,synthetic,Two-walk-Auto,dense,0,reorder,0.08141876499939826,0.08174554299999981,225.329152,0.0,
shared_super/large/s1,synthetic,Two-walk-Auto,dense,0,score,0.014256356000259984,0.014336145999999994,225.329152,0.0,
shared_super/large/s1,synthetic,Two-walk-Auto,dense,0,reorder,0.07532583500142209,0.0757542320000002,227.069952,0.0,
shared_super/large/s1,synthetic,Two-walk-Auto,dense,0,score,0.01479314400057774,0.014891674000000021,218.996736,0.0,
shared_super/large/s1,synthetic,Two-walk-Auto,dense,0,total,0.5893099599998095,0.593134208,0.0,0.0,
shared_super/large/s1,synthetic,Two-walk-Auto,dense,1,load,0.00892011799805914,0.008946797999999978,187.465728,0.0,
shared_super/large/s1,synthetic,Two-walk-Auto,dense,1,reorder,0.08038864100308274,0.08072488599999994,206.385152,0.0,
shared_super/large/s1,synthetic,Two-walk-Auto,dense,1,score,0.014312772000266705,0.014396667999999946,202.46528,0.0,
shared_super/large/s1,synthetic,Two-walk-Auto,dense,1,reorder,0.08036001799700898,0.08095194900000002,210.665472,0.0,
shared_super/large/s1,synthetic,Two-walk-Auto,dense,1,score,0.01455234200329869,0.014672350999999972,202.596352,0.0,
shared_super/large/s1,synthetic,Two-walk-Auto,dense,1,reorder,0.08486755000194535,0.08544729200000001,217.124864,0.0,
shared_super/large/s1,synthetic,Two-walk-Auto,dense,1,score,0.01584360700144316,0.016110883999999936,217.124864,0.0,
shared_super/large/s1,synthetic,Two-walk-Auto,dense,1,reorder,0.07844388900048216,0.07895680100000013,218.873856,0.0,
shared_super/large/s1,synthetic,Two-walk-Auto,dense,1,score,0.015068892000272172,0.015256788000000077,210.80064,0.0,
shared_super/large/s1,synthetic,Two-walk-Auto,dense,1,reorder,0.07604434400127502,0.07642484800000005,225.333248,0.0,
shared_super/large/s1,synthetic,Two-walk-Auto,dense,1,score,0.013559908999013714,0.013687602000000076,225.333248,0.0,
shared_super/large/s1,synthetic,Two-walk-Auto,dense,1,reorder,0.07345112600160064,0.07380998800000005,227.074048,0.0,
shared_super/large/s1,synthetic,Two-walk-Auto,dense,1,score,0.015106472998013487,0.015208737000000028,219.004928,0.0,
shared_super/large/s1,synthetic,Two-walk-Auto,dense,1,total,0.5621316610013309,0.5657609219999999,0.0,0.0,
shared_super/large/s1,synthetic,Two-walk-Auto,matrix_free,-1,load,0.009609992001060164,0.009690419000000006,187.502592,0.0,
shared_super/large/s1,synthetic,Two-walk-Auto,matrix_free,-1,reorder,0.08441314700030489,0.08536564800000002,191.2832,0.0,
shared_super/large/s1,synthetic,Two-walk-Auto,matrix_free,-1,score,0.014538676998199662,0.014655682999999975,191.762432,0.0,
shared_super/large/s1,synthetic,Two-walk-Auto,matrix_free,-1,reorder,0.0725090870000713,0.07351502700000001,191.766528,0.0,
shared_super/large/s1,synthetic,Two-walk-Auto,matrix_free,-1,score,0.018069865996949375,0.018442052999999792,191.766528,0.0,
shared_super/large/s1,synthetic,Two-walk-Auto,matrix_free,-1,reorder,0.09396033200027887,0.09551438000000001,191.766528,0.0,
shared_super/large/s1,synthetic,Two-walk-Auto,matrix_free,-1,score,0.015807720003067516,0.016091887000000193,191.766528,0.0,
shared_super/large/s1,synthetic,Two-walk-Auto,matrix_free,-1,reorder,0.06217779899816378,0.06288180100000007,191.766528,0.0,
shared_super/large/s1,synthetic,Two-walk-Auto,matrix_free,-1,score,0.014107798000623006,0.014241388000000077,191.766528,0.0,
shared_super/large/s1,synthetic,Two-walk-Auto,matrix_free,-1,reorder,0.08974892500191345,0.09111510099999998,191.766528,0.0,
shared_super/large/s1,synthetic,Two-walk-Auto,matrix_free,-1,score,0.014915363997715758,0.01509616700000005,191.766528,0.0,
shared_super/large/s1,synthetic,Two-walk-Auto,matrix_free,-1,reorder,0.051651326997671276,0.05234080399999996,191.766528,0.0,
shared_super/large/s1,synthetic,Two-walk-Auto,matrix_free,-1,score,0.01490063600067515,0.015068493000000016,191.766528,0.0,
shared_super/large/s1,synthetic,Two-walk-Auto,matrix_free,-1,total,0.5469583640006022,0.5544629430000001,0.0,0.0,
shared_super/large/s1,synthetic,Two-walk-Auto,matrix_free,0,load,0.017904036001709756,0.011641546000000003,187.5968,0.0,
shared_super/large/s1,synthetic,Two-walk-Auto,matrix_free,0,reorder,0.09263315000134753,0.09315943700000007,191.20128,0.0,
shared_super/large/s1,synthetic,Two-walk-Auto,matrix_free,0,score,0.019952552000177093,0.019954069000000074,191.680512,0.0,
shared_super/large/s1,synthetic,Two-walk-Auto,matrix_free,0,reorder,0.07723369799714419,0.07792575000000002,191.680512,0.0,
shared_super/large/s1,synthetic,Two-walk-Auto,matrix_free,0,score,0.015578157999698306,0.015875156000000112,191.680512,0.0,
shared_super/large/s1,synthetic,Two-walk-Auto,matrix_free,0,reorder,0.08603101399785373,0.08735551299999988,191.680512,0.0,
shared_super/large/s1,synthetic,Two-walk-Auto,matrix_free,0,score,0.01405624100152636,0.014212847999999889,191.680512,0.0,
shared_super/large/s1,synthetic,Two-walk-Auto,matrix_free,0,reorder,0.0650196960014,0.0661228519999999,191.680512,0.0,
shared_super/large/s1,synthetic,Two-walk-Auto,matrix_free,0,score,0.014890717997332104,0.015076588999999974,191.680512,0.0,
shared_super/large/s1,synthetic,Two-walk-Auto,matrix_free,0,reorder,0.08596294699964346,0.08668951899999988,191.680512,0.0,
shared_super/large/s1,synthetic,Two-walk-Auto,matrix_free,0,score,0.01534449999962817,0.015516781999999951,191.680512,0.0,
shared_super/large/s1,synthetic,Two-walk-Auto,matrix_free,0,reorder,0.05107681799927377,0.05167603399999998,191.680512,0.0,
shared_super/large/s1,synthetic,Two-walk-Auto,matrix_free,0,score,0.014934809998521814,0.015113106000000043,191.680512,0.0,
shared_super/large/s1,synthetic,Two-walk-Auto,matrix_free,0,total,0.5528921350014571,0.5588275149999999,0.0,0.0,
shared_super/large/s1,synthetic,Two-walk-Auto,matrix_free,1,load,0.01549530199918081,0.012738839000000057,187.547648,0.0,
shared_super/large/s1,synthetic,Two-walk-Auto,matrix_free,1,reorder,0.11176366800282267,0.11176496299999994,191.197184,0.0,
shared_super/large/s1,synthetic,Two-walk-Auto,matrix_free,1,score,0.020456777998333564,0.020458262000000005,191.676416,0.0,
shared_super/large/s1,synthetic,Two-walk-Auto,matrix_free,1,reorder,0.10055152700078906,0.09869240899999987,191.676416,0.0,
shared_super/large/s1,synthetic,Two-walk-Auto,matrix_free,1,score,0.020860234999418026,0.0207914429999998,191.676416,0.0,
shared_super/large/s1,synthetic,Two-walk-Auto,matrix_free,1,reorder,0.14134402600029716,0.12374972000000017,191.676416,0.0,
shared_super/large/s1,synthetic,Two-walk-Auto,matrix_free,1,score,0.021544039002037607,0.021161106999999957,191.676416,0.0,
shared_super/large/s1,synthetic,Two-walk-Auto,matrix_free,1,reorder,0.10267078600008972,0.0916988980000002,191.676416,0.0,
shared_super/large/s1,synthetic,Two-walk-Auto,matrix_free,1,score,0.022289128999545937,0.021330684999999905,191.676416,0.0,
shared_super/large/s1,synthetic,Two-walk-Auto,matrix_free,1,reorder,0.13295133900101064,0.11811175900000004,191.676416,0.0,
shared_super/large/s1,synthetic,Two-walk-Auto,matrix_free,1,score,0.025055902999156388,0.02465496800000011,191.676416,0.0,
shared_super/large/s1,synthetic,Two-walk-Auto,matrix_free,1,reorder,0.08645395900020958,0.07207561099999982,191.676416,0.0,
shared_super/large/s1,synthetic,Two-walk-Auto,matrix_free,1,score,0.029547466001531575,0.022996317000000044,191.676416,0.0,
shared_super/large/s1,synthetic,Two-walk-Auto,matrix_free,1,total,0.8157786589981697,0.7476990889999999,0.0,0.0,
shared_super_noisy/small/s0,synthetic,One-walk,dense,-1,load,0.005918752998695709,0.0032848719999998277,0.0,0.0,
shared_super_noisy/small/s0,synthetic,One-walk,dense,-1,reorder,0.009592088998033432,0.005221692999999972,187.265024,0.0,
shared_super_noisy/small/s0,synthetic,One-walk,dense,-1,total,0.009607067997421836,0.005233213999999986,0.0,0.0,
shared_super_noisy/small/s0,synthetic,One-walk,dense,0,load,0.006505033998109866,0.0035087709999999106,186.494976,0.0,
shared_super_noisy/small/s0,synthetic,One-walk,dense,0,reorder,0.0114460799995868,0.005448356999999904,189.485056,0.0,
shared_super_noisy/small/s0,synthetic,One-walk,dense,0,total,0.011460317000455689,0.005459698000000124,0.0,0.0,
shared_super_noisy/small/s0,synthetic,One-walk,dense,1,load,0.006495616002212046,0.003568551999999947,186.912768,0.0,
shared_super_noisy/small/s0,synthetic,One-walk,dense,1,reorder,0.011325743998895632,0.005432917999999898,188.08832,0.0,
shared_super_noisy/small/s0,synthetic,One-walk,dense,1,total,0.011338498999975855,0.005443959000000165,0.0,0.0,
shared_super_noisy/small/s0,synthetic,One-walk,matrix_free,-1,load,0.0030394670029636472,0.00303989299999996,0.0,0.0,
shared_super_noisy/small/s0,synthetic,One-walk,matrix_free,-1,reorder,0.011769638000259874,0.011849004000000107,0.0,0.0,
shared_super_noisy/small/s0,synthetic,One-walk,matrix_free,-1,total,0.011783162997744512,0.011859875000000075,0.0,0.0,
shared_super_noisy/small/s0,synthetic,One-walk,matrix_free,0,load,0.004248896999342833,0.003896396000000024,186.544128,0.0,
shared_super_noisy/small/s0,synthetic,One-walk,matrix_free,0,reorder,0.024613893001514953,0.012407639999999942,187.584512,0.0,
shared_super_noisy/small/s0,synthetic,One-walk,matrix_free,0,total,0.0246283910018974,0.01241892099999986,0.0,0.0,
shared_super_noisy/small/s0,synthetic,One-walk,matrix_free,1,load,0.012550603998533916,0.005686462000000114,186.65472,0.0,
shared_super_noisy/small/s0,synthetic,One-walk,matrix_free,1,reorder,0.014894564999849536,0.012578489000000026,187.691008,0.0,
shared_super_noisy/small/s0,synthetic,One-walk,matrix_free,1,total,0.014909032001014566,0.012589829999999802,0.0,0.0,
shared_super_noisy/small/s0,synthetic,Two-walk,dense,-1,load,0.005153936999704456,0.004965383000000045,0.0,0.0,
shared_super_noisy/small/s0,synthetic,Two-walk,dense,-1,reorder,0.0054421370005002245,0.005355773000000008,188.297216,0.0,
shared_super_noisy/small/s0,synthetic,Two-walk,dense,-1,total,0.005455012000311399,0.005366603999999997,0.0,0.0,
shared_super_noisy/small/s0,synthetic,Two-walk,dense,0,load,0.0031243859993992373,0.0031248230000000543,0.0,0.0,
shared_super_noisy/small/s0,synthetic,Two-walk,dense,0,reorder,0.00496557299993583,0.005028258999999924,187.916288,0.0,
shared_super_noisy/small/s0,synthetic,Two-walk,dense,0,total,0.00497803600228508,0.005039110000000013,0.0,0.0,
shared_super_noisy/small/s0,synthetic,Two-walk,dense,1,load,0.003138432999548968,0.003138818999999904,0.0,0.0,
shared_super_noisy/small/s0,synthetic,Two-walk,dense,1,reorder,0.005761658001574688,0.005762263999999906,189.566976,0.0,
shared_super_noisy/small/s0,synthetic,Two-walk,dense,1,total,0.005773890999989817,0.005773405000000009,0.0,0.0,
shared_super_noisy/small/s0,synthetic,Two-walk,matrix_free,-1,load,0.006477201000961941,0.003488091999999998,186.59328,0.0,
shared_super_noisy/small/s0,synthetic,Two-walk,matrix_free,-1,reorder,0.06185409200043068,0.029287894999999953,187.621376,0.0,
shared_super_noisy/small/s0,synthetic,Two-walk,matrix_free,-1,total,0.061872868001955794,0.029303024000000066,0.0,0.0,
shared_super_noisy/small/s0,synthetic,Two-walk,matrix_free,0,load,0.004239699999743607,0.003488783999999967,186.482688,0.0,
shared_super_noisy/small/s0,synthetic,Two-walk,matrix_free,0,reorder,0.045138116998714395,0.027357829999999916,187.469824,0.0,
shared_super_noisy/small/s0,synthetic,Two-walk,matrix_free,0,total,0.0472485290010809,0.02737762599999982,0.0,0.0,
shared_super_noisy/small/s0,synthetic,Two-walk,matrix_free,1,load,0.0033106449991464615,0.0033112220000000026,0.0,0.0,
shared_super_noisy/small/s0,synthetic,Two-walk,matrix_free,1,reorder,0.027382852000300772,0.027383429999999986,187.551744,0.0,
shared_super_noisy/small/s0,synthetic,Two-walk,matrix_free,1,total,0.02739316099905409,0.027392577000000085,0.0,0.0,
shared_super_noisy/small/s0,synthetic,Two-walk-Auto,dense,-1,load,0.0033452200004830956,0.0033407760000001563,0.0,0.0,
shared_super_noisy/small/s0,synthetic,Two-walk-Auto,dense,-1,reorder,0.0056566900020698085,0.005638622999999843,189.452288,0.0,
shared_super_noisy/small/s0,synthetic,Two-walk-Auto,dense,-1,score,0.005250177997368155,0.0052357610000000054,189.636608,0.0,
shared_super_noisy/small/s0,synthetic,Two-walk-Auto,dense,-1,reorder,0.003938464000384556,0.003929446999999975,0.0,0.0,
shared_super_noisy/small/s0,synthetic,Two-walk-Auto,dense,-1,score,0.0049506050017953385,0.004951188000000162,189.718528,0.0,
shared_super_noisy/small/s0,synthetic,Two-walk-Auto,dense,-1,reorder,0.004727797000668943,0.004707441999999951,189.718528,0.0,
shared_super_noisy/small/s0,synthetic,Two-walk-Auto,dense,-1,score,0.005301993998727994,0.005064068000000033,189.984768,0.0,
shared_super_noisy/small/s0,synthetic,Two-walk-Auto,dense,-1,reorder,0.004193161999864969,0.004194172999999912,190.246912,0.0,
shared_super_noisy/small/s0,synthetic,Two-walk-Auto,dense,-1,score,0.005012210996937938,0.00501261300000011,190.246912,0.0,
shared_super_noisy/small/s0,synthetic,Two-walk-Auto,dense,-1,reorder,0.004268053999112453,0.004263491000000119,190.513152,0.0,
shared_super_noisy/small/s0,synthetic,Two-walk-Auto,dense,-1,score,0.0047220560009009205,0.004722149000000009,0.0,0.0,
shared_super_noisy/small/s0,synthetic,Two-walk-Auto,dense,-1,reorder,0.003836613002931699,0.003837254000000012,190.513152,0.0,
shared_super_noisy/small/s0,synthetic,Two-walk-Auto,dense,-1,score,0.004944805001287023,0.004941008999999941,190.779392,0.0,
shared_super_noisy/small/s0,synthetic,Two-walk-Auto,dense,-1,total,0.056927070996607654,0.05661107899999984,0.0,0.0,
shared_super_noisy/small/s0,synthetic,Two-walk-Auto,dense,0,load,0.003104649000306381,0.003105536999999936,0.0,0.0,
shared_super_noisy/small/s0,synthetic,Two-walk-Auto,dense,0,reorder,0.004990860998077551,0.004992103999999831,189.894656,0.0,
shared_super_noisy/small/s0,synthetic,Two-walk-Auto,dense,0,score,0.004931288000079803,0.0049315509999998675,0.0,0.0,
shared_super_noisy/small/s0,synthetic,Two-walk-Auto,dense,0,reorder,0.00398187500104541,0.003982496000000113,190.078976,0.0,
shared_super_noisy/small/s0,synthetic,Two-walk-Auto,dense,0,score,0.004937790999974823,0.004938082999999871,190.1568,0.0,
shared_super_noisy/small/s0,synthetic,Two-walk-Auto,dense,0,reorder,0.004205336001177784,0.004205954000000123,190.42304,0.0,
shared_super_noisy/small/s0,synthetic,Two-walk-Auto,dense,0,score,0.00521080299949972,0.005191335999999991,190.42304,0.0,
shared_super_noisy/small/s0,synthetic,Two-walk-Auto,dense,0,reorder,0.004345076999015873,0.004346707000000061,0.0,0.0,
shared_super_noisy/small/s0,synthetic,Two-walk-Auto,dense,0,score,0.004964091000147164,0.004964653000000041,190.68928,0.0,
shared_super_noisy/small/s0,synthetic,Two-walk-Auto,dense,0,reorder,0.0042461520024517085,0.004247971999999933,190.68928,0.0,
shared_super_noisy/small/s0,synthetic,Two-walk-Auto,dense,0,score,0.005132665999553865,0.005133147000000005,190.951424,0.0,
shared_super_noisy/small/s0,synthetic,Two-walk-Auto,dense,0,reorder,0.0042730019995360635,0.00427358099999986,191.217664,0.0,
shared_super_noisy/small/s0,synthetic,Two-walk-Auto,dense,0,score,0.0049208689997612964,0.004921272000000032,0.0,0.0,
shared_super_noisy/small/s0,synthetic,Two-walk-Auto,dense,0,total,0.0562813090000418,0.056259250000000094,0.0,0.0,
shared_super_noisy/small/s0,synthetic,Two-walk-Auto,dense,1,load,0.003214234999177279,0.0032149510000001325,0.0,0.0,
shared_super_noisy/small/s0,synthetic,Two-walk-Auto,dense,1,reorder,0.00503222800034564,0.005032869999999967,189.677568,0.0,
shared_super_noisy/small/s0,synthetic,Two-walk-Auto,dense,1,score,0.004722015997685958,0.004722110000000113,0.0,0.0,
shared_super_noisy/small/s0,synthetic,Two-walk-Auto,dense,1,reorder,0.0038207430006877985,0.0038212849999998966,189.861888,0.0,
shared_super_noisy/small/s0,synthetic,Two-walk-Auto,dense,1,score,0.006545830001414288,0.006545980000000062,189.939712,0.0,
shared_super_noisy/small/s0,synthetic,Two-walk-Auto,dense,1,reorder,0.0041920910007320344,0.004192519000000061,189.939712,0.0,
shared_super_noisy/small/s0,synthetic,Two-walk-Auto,dense,1,score,0.004914287001156481,0.004914458999999871,190.205952,0.0,
shared_super_noisy/small/s0,synthetic,Two-walk-Auto,dense,1,reorder,0.004141607001656666,0.004142274999999973,190.38208,0.0,
shared_super_noisy/small/s0,synthetic,Two-walk-Auto,dense,1,score,0.0050617629967746325,0.005062446000000165,190.472192,0.0,
shared_super_noisy/small/s0,synthetic,Two-walk-Auto,dense,1,reorder,0.004475002002436668,0.004475798999999947,190.734336,0.0,
shared_super_noisy/small/s0,synthetic,Two-walk-Auto,dense,1,score,0.004903675999230472,0.004904519999999968,0.0,0.0,
shared_super_noisy/small/s0,synthetic,Two-walk-Auto,dense,1,reorder,0.004345798999565886,0.004346927000000056,190.734336,0.0,
shared_super_noisy/small/s0,synthetic,Two-walk-Auto,dense,1,score,0.005043348999606678,0.005032839999999927,191.000576,0.0,
shared_super_noisy/small/s0,synthetic,Two-walk-Auto,dense,1,total,0.05732080099915038,0.057308101000000056,0.0,0.0,
shared_super_noisy/small/s0,synthetic,Two-walk-Auto,matrix_free,-1,load,0.0032585570006631315,0.0032592029999998218,0.0,0.0,
shared_super_noisy/small/s0,synthetic,Two-walk-Auto,matrix_free,-1,reorder,0.03041611700245994,0.030323407000000024,187.875328,0.0,
shared_super_noisy/small/s0,synthetic,Two-walk-Auto,matrix_free,-1,score,0.004999867000151426,0.005000429999999945,188.370944,0.0,
shared_super_noisy/small/s0,synthetic,Two-walk-Auto,matrix_free,-1,reorder,0.021133749000000535,0.02113725100000008,188.370944,0.0,
shared_super_noisy/small/s0,synthetic,Two-walk-Auto,matrix_free,-1,score,0.005001551002351334,0.005001781999999899,188.370944,0.0,
shared_super_noisy/small/s0,synthetic,Two-walk-Auto,matrix_free,-1,reorder,0.022602346001804108,0.022604755000000143,188.370944,0.0,
shared_super_noisy/small/s0,synthetic,Two-walk-Auto,matrix_free,-1,score,0.004884992002189392,0.0048853140000000295,0.0,0.0,
shared_super_noisy/small/s0,synthetic,Two-walk-Auto,matrix_free,-1,reorder,0.024221937001129845,0.02422394299999997,188.370944,0.0,
shared_super_noisy/small/s0,synthetic,Two-walk-Auto,matrix_free,-1,score,0.005208238999330206,0.005209249999999832,188.370944,0.0,
shared_super_noisy/small/s0,synthetic,Two-walk-Auto,matrix_free,-1,reorder,0.020104375998926116,0.019940454000000107,188.370944,0.0,
shared_super_noisy/small/s0,synthetic,Two-walk-Auto,matrix_free,-1,score,0.005120784000610001,0.005121025000000001,188.370944,0.0,
shared_super_noisy/small/s0,synthetic,Two-walk-Auto,matrix_free,-1,reorder,0.018336486999032786,0.018337837000000023,188.370944,0.0,
shared_super_noisy/small/s0,synthetic,Two-walk-Auto,matrix_free,-1,score,0.004974480001692427,0.004975032000000157,188.370944,0.0,
shared_super_noisy/small/s0,synthetic,Two-walk-Auto,matrix_free,-1,total,0.1671732909999264,0.16691135200000007,0.0,0.0,
shared_super_noisy/small/s0,synthetic,Two-walk-Auto,matrix_free,0,load,0.00625835100072436,0.004258301999999992,0.0,0.0,
shared_super_noisy/small/s0,synthetic,Two-walk-Auto,matrix_free,0,reorder,0.04797927199979313,0.02932885900000004,187.711488,0.0,
shared_super_noisy/small/s0,synthetic,Two-walk-Auto,matrix_free,0,score,0.009462835998419905,0.0049556049999999185,188.186624,0.0,
shared_super_noisy/small/s0,synthetic,Two-walk-Auto,matrix_free,0,reorder,0.04326305699942168,0.02236516700000002,188.186624,0.0,
shared_super_noisy/small/s0,synthetic,Two-walk-Auto,matrix_free,0,score,0.01081300100122462,0.005020738000000025,188.186624,0.0,
shared_super_noisy/small/s0,synthetic,Two-walk-Auto,matrix_free,0,reorder,0.03164415300125256,0.02184002499999993,188.186624,0.0,
shared_super_noisy/small/s0,synthetic,Two-walk-Auto,matrix_free,0,score,0.004752942997583887,0.004753097000000039,188.186624,0.0,
shared_super_noisy/small/s0,synthetic,Two-walk-Auto,matrix_free,0,reorder,0.020140864999120822,0.020141579999999992,188.186624,0.0,
shared_super_noisy/small/s0,synthetic,Two-walk-Auto,matrix_free,0,score,0.004688262000854593,0.004688626999999945,0.0,0.0,
shared_super_noisy/small/s0,synthetic,Two-walk-Auto,matrix_free,0,reorder,0.01911395699789864,0.018962724999999958,188.186624,0.0,
shared_super_noisy/small/s0,synthetic,Two-walk-Auto,matrix_free,0,score,0.004979149001883343,0.004979691000000175,188.186624,0.0,
shared_super_noisy/small/s0,synthetic,Two-walk-Auto,matrix_free,0,reorder,0.020953799998096656,0.020973504999999948,188.186624,0.0,
shared_super_noisy/small/s0,synthetic,Two-walk-Auto,matrix_free,0,score,0.005207687001529848,0.005207987999999997,188.186624,0.0,
shared_super_noisy/small/s0,synthetic,Two-walk-Auto,matrix_free,0,total,0.22321501999977045,0.16340221200000005,0.0,0.0,
shared_super_noisy/small/s0,synthetic,Two-walk-Auto,matrix_free,1,load,0.003216518998669926,0.003217304999999948,0.0,0.0,
shared_super_noisy/small/s0,synthetic,Two-walk-Auto,matrix_free,1,reorder,0.026625800001056632,0.02679199500000018,187.805696,0.0,
shared_super_noisy/small/s0,synthetic,Two-walk-Auto,matrix_free,1,score,0.004732866000267677,0.00474864900000016,0.0,0.0,
shared_super_noisy/small/s0,synthetic,Two-walk-Auto,matrix_free,1,reorder,0.019323219999932917,0.01927380599999995,188.280832,0.0,
shared_super_noisy/small/s0,synthetic,Two-walk-Auto,matrix_free,1,score,0.004743696001241915,0.004743889999999862,0.0,0.0,
shared_super_noisy/small/s0,synthetic,Two-walk-Auto,matrix_free,1,reorder,0.021478746999491705,0.02148087300000001,188.280832,0.0,
shared_super_noisy/small/s0,synthetic,Two-walk-Auto,matrix_free,1,score,0.0048243570017802995,0.0048245609999999495,188.280832,0.0,
shared_super_noisy/small/s0,synthetic,Two-walk-Auto,matrix_free,1,reorder,0.020319190000009257,0.020320034000000042,188.280832,0.0,
shared_super_noisy/small/s0,synthetic,Two-walk-Auto,matrix_free,1,score,0.00478391100114095,0.004784254999999904,188.280832,0.0,
shared_super_noisy/small/s0,synthetic,Two-walk-Auto,matrix_free,1,reorder,0.021320759999071015,0.02132223699999991,188.284928,0.0,
shared_super_noisy/small/s0,synthetic,Two-walk-Auto,matrix_free,1,score,0.0049830959978862666,0.004983296999999887,188.284928,0.0,
shared_super_noisy/small/s0,synthetic,Two-walk-Auto,matrix_free,1,reorder,0.018432657998346258,0.018427194000000036,188.284928,0.0,
shared_super_noisy/small/s0,synthetic,Two-walk-Auto,matrix_free,1,score,0.005084246000478743,0.0050846370000001695,188.284928,0.0,
shared_super_noisy/small/s0,synthetic,Two-walk-Auto,matrix_free,1,total,0.15677156099991407,0.15689510500000003,0.0,0.0,
shared_super_noisy/small/s1,synthetic,One-walk,dense,-1,load,0.0034792520018527284,0.0034797169999998268,0.0,0.0,
shared_super_noisy/small/s1,synthetic,One-walk,dense,-1,reorder,0.005261979000351857,0.005262901000000042,187.408384,0.0,
shared_super_noisy/small/s1,synthetic,One-walk,dense,-1,total,0.005280443998344708,0.005279951999999977,0.0,0.0,
shared_super_noisy/small/s1,synthetic,One-walk,dense,0,load,0.004757963000884047,0.0035685320000000686,0.0,0.0,
shared_super_noisy/small/s1,synthetic,One-walk,dense,0,reorder,0.005603661000350257,0.005604799000000105,189.566976,0.0,
shared_super_noisy/small/s1,synthetic,One-walk,dense,0,total,0.005616334998194361,0.005614908000000085,0.0,0.0,
shared_super_noisy/small/s1,synthetic,One-walk,dense,1,load,0.003284998001618078,0.003285653000000055,0.0,0.0,
shared_super_noisy/small/s1,synthetic,One-walk,dense,1,reorder,0.004924976998154307,0.004925699999999811,189.7472,0.0,
shared_super_noisy/small/s1,synthetic,One-walk,dense,1,total,0.004933683001581812,0.004933183999999979,0.0,0.0,
shared_super_noisy/small/s1,synthetic,One-walk,matrix_free,-1,load,0.003609717001381796,0.003610391000000046,0.0,0.0,
shared_super_noisy/small/s1,synthetic,One-walk,matrix_free,-1,reorder,0.011662166001769947,0.012480287000000034,187.940864,0.0,
shared_super_noisy/small/s1,synthetic,One-walk,matrix_free,-1,total,0.01167433899900061,0.012490726000000008,0.0,0.0,
shared_super_noisy/small/s1,synthetic,One-walk,matrix_free,0,load,0.003337767000630265,0.003337970999999884,0.0,0.0,
shared_super_noisy/small/s1,synthetic,One-walk,matrix_free,0,reorder,0.010725938001996838,0.010666995000000012,0.0,0.0,
shared_super_noisy/small/s1,synthetic,One-walk,matrix_free,0,total,0.01073488499969244,0.010675018999999786,0.0,0.0,
shared_super_noisy/small/s1,synthetic,One-walk,matrix_free,1,load,0.00540342499880353,0.00340190199999979,0.0,0.0,
shared_super_noisy/small/s1,synthetic,One-walk,matrix_free,1,reorder,0.027242137999564875,0.01247562999999996,187.609088,0.0,
shared_super_noisy/small/s1,synthetic,One-walk,matrix_free,1,total,0.027257827001449186,0.012488534000000051,0.0,0.0,
shared_super_noisy/small/s1,synthetic,Two-walk,dense,-1,load,0.00662996800019755,0.0036464080000000454,0.0,0.0,
shared_super_noisy/small/s1,synthetic,Two-walk,dense,-1,reorder,0.010573632000159705,0.005656324999999907,187.838464,0.0,
shared_super_noisy/small/s1,synthetic,Two-walk,dense,-1,total,0.010589371002424741,0.005668747999999946,0.0,0.0,
shared_super_noisy/small/s1,synthetic,Two-walk,dense,0,load,0.003495441997074522,0.0034958259999999797,0.0,0.0,
shared_super_noisy/small/s1,synthetic,Two-walk,dense,0,reorder,0.005287576997943688,0.005311671000000073,187.240448,0.0,
shared_super_noisy/small/s1,synthetic,Two-walk,dense,0,total,0.005299438998918049,0.0053226819999998565,0.0,0.0,
shared_super_noisy/small/s1,synthetic,Two-walk,dense,1,load,0.0033841839976958,0.003384719000000036,0.0,0.0,
shared_super_noisy/small/s1,synthetic,Two-walk,dense,1,reorder,0.0073301429983985145,0.007326699000000048,189.68576,0.0,
shared_super_noisy/small/s1,synthetic,Two-walk,dense,1,total,0.007344298999669263,0.007343290000000113,0.0,0.0,
shared_super_noisy/small/s1,synthetic,Two-walk,matrix_free,-1,load,0.0042374260010547005,0.0034767499999999174,186.494976,0.0,
shared_super_noisy/small/s1,synthetic,Two-walk,matrix_free,-1,reorder,0.024317306000739336,0.012527102999999817,187.482112,0.0,
shared_super_noisy/small/s1,synthetic,Two-walk,matrix_free,-1,total,0.024331743003131123,0.012539045000000026,0.0,0.0,
shared_super_noisy/small/s1,synthetic,Two-walk,matrix_free,0,load,0.004463942001166288,0.0037373179999999895,186.781696,0.0,
shared_super_noisy/small/s1,synthetic,Two-walk,matrix_free,0,reorder,0.027866389998962404,0.013030529999999985,187.478016,0.0,
shared_super_noisy/small/s1,synthetic,Two-walk,matrix_free,0,total,0.027886366999155143,0.013046409999999842,0.0,0.0,
shared_super_noisy/small/s1,synthetic,Two-walk,matrix_free,1,load,0.0034915249998448417,0.0033699010000001195,0.0,0.0,
shared_super_noisy/small/s1,synthetic,Two-walk,matrix_free,1,reorder,0.012692340002104174,0.012353256000000146,187.850752,0.0,
shared_super_noisy/small/s1,synthetic,Two-walk,matrix_free,1,total,0.012706317000265699,0.01236476799999986,0.0,0.0,
shared_super_noisy/small/s1,synthetic,Two-walk-Auto,dense,-1,load,0.00871745699987514,0.004861350999999958,0.0,0.0,
shared_super_noisy/small/s1,synthetic,Two-walk-Auto,dense,-1,reorder,0.012973698998393957,0.0057618529999998724,189.947904,0.0,
shared_super_noisy/small/s1,synthetic,Two-walk-Auto,dense,-1,score,0.0070355899988499004,0.005041507000000056,0.0,0.0,
shared_super_noisy/small/s1,synthetic,Two-walk-Auto,dense,-1,reorder,0.012776708997989772,0.004885215000000054,190.246912,0.0,
shared_super_noisy/small/s1,synthetic,Two-walk-Auto,dense,-1,score,0.005937567999353632,0.004947690999999921,0.0,0.0,
shared_super_noisy/small/s1,synthetic,Two-walk-Auto,dense,-1,reorder,0.012054283000907162,0.004639462999999955,190.513152,0.0,
shared_super_noisy/small/s1,synthetic,Two-walk-Auto,dense,-1,score,0.006820515001891181,0.004830720999999816,0.0,0.0,
shared_super_noisy/small/s1,synthetic,Two-walk-Auto,dense,-1,reorder,0.010663791999832029,0.004731826999999855,190.779392,0.0,
shared_super_noisy/small/s1,synthetic,Two-walk-Auto,dense,-1,score,0.008062746997893555,0.00508834299999994,0.0,0.0,
shared_super_noisy/small/s1,synthetic,Two-walk-Auto,dense,-1,reorder,0.011870226997416466,0.0051070369999999254,190.943232,0.0,
shared_super_noisy/small/s1,synthetic,Two-walk-Auto,dense,-1,score,0.010435263000545092,0.005465449999999983,0.0,0.0,
shared_super_noisy/small/s1,synthetic,Two-walk-Auto,dense,-1,reorder,0.008872679001797223,0.004789135,191.184896,0.0,
shared_super_noisy/small/s1,synthetic,Two-walk-Auto,dense,-1,score,0.011055758001020877,0.005051514000000035,0.0,0.0,
shared_super_noisy/small/s1,synthetic,Two-walk-Auto,dense,-1,total,0.1223805409972556,0.06051220699999993,0.0,0.0,
shared_super_noisy/small/s1,synthetic,Two-walk-Auto,dense,0,load,0.006865319002827164,0.003982506999999913,186.49088,0.0,
shared_super_noisy/small/s1,synthetic,Two-walk-Auto,dense,0,reorder,0.008501110998622607,0.005584912999999858,187.129856,0.0,
shared_super_noisy/small/s1,synthetic,Two-walk-Auto,dense,0,score,0.005671287999575725,0.005767401000000172,0.0,0.0,
shared_super_noisy/small/s1,synthetic,Two-walk-Auto,dense,0,reorder,0.016753224001149647,0.006746074000000046,189.816832,0.0,
shared_super_noisy/small/s1,synthetic,Two-walk-Auto,dense,0,score,0.00714791100108414,0.0050491219999999615,189.816832,0.0,
shared_super_noisy/small/s1,synthetic,Two-walk-Auto,dense,0,reorder,0.011262926000199514,0.005075251000000058,190.083072,0.0,
shared_super_noisy/small/s1,synthetic,Two-walk-Auto,dense,0,score,0.00893177000034484,0.004936249999999864,190.083072,0.0,
shared_super_noisy/small/s1,synthetic,Two-walk-Auto,dense,0,reorder,0.006542384002386825,0.004280822999999989,190.083072,0.0,
shared_super_noisy/small/s1,synthetic,Two-walk-Auto,dense,0,score,0.00795698000001721,0.006006090000000075,190.353408,0.0,
shared_super_noisy/small/s1,synthetic,Two-walk-Auto,dense,0,reorder,0.005516698001883924,0.005592134999999887,0.0,0.0,
shared_super_noisy/small/s1,synthetic,Two-walk-Auto,dense,0,score,0.005845886000315659,0.005257228000000058,0.0,0.0,
shared_super_noisy/small/s1,synthetic,Two-walk-Auto,dense,0,reorder,0.004835869000089588,0.00488191799999993,0.0,0.0,
shared_super_noisy/small/s1,synthetic,Two-walk-Auto,dense,0,score,0.005041034997702809,0.005074075999999872,0.0,0.0,
shared_super_noisy/small/s1,synthetic,Two-walk-Auto,dense,0,total,0.09866654800134711,0.06445531399999993,0.0,0.0,
shared_super_noisy/small/s1,synthetic,Two-walk-Auto,dense,1,load,0.005531906001124298,0.003568071000000117,0.0,0.0,
shared_super_noisy/small/s1,synthetic,Two-walk-Auto,dense,1,reorder,0.005455081998661626,0.005455941000000131,187.117568,0.0,
shared_super_noisy/small/s1,synthetic,Two-walk-Auto,dense,1,score,0.004971835001924774,0.0049721769999999665,189.718528,0.0,
shared_super_noisy/small/s1,synthetic,Two-walk-Auto,dense,1,reorder,0.0039816149983380456,0.003982095000000019,189.800448,0.0,
shared_super_noisy/small/s1,synthetic,Two-walk-Auto,dense,1,score,0.004860665998421609,0.004860757999999965,0.0,0.0,
shared_super_noisy/small/s1,synthetic,Two-walk-Auto,dense,1,reorder,0.004290677003154997,0.003944675000000064,189.800448,0.0,
shared_super_noisy/small/s1,synthetic,Two-walk-Auto,dense,1,score,0.004903887002001284,0.004904189999999975,190.066688,0.0,
shared_super_noisy/small/s1,synthetic,Two-walk-Auto,dense,1,reorder,0.003924697997717885,0.003883741999999968,190.332928,0.0,
shared_super_noisy/small/s1,synthetic,Two-walk-Auto,dense,1,score,0.004868411000643391,0.004869736000000069,190.337024,0.0,
shared_super_noisy/small/s1,synthetic,Two-walk-Auto,dense,1,reorder,0.004158126997936051,0.004159025999999955,190.60736,0.0,
shared_super_noisy/small/s1,synthetic,Two-walk-Auto,dense,1,score,0.004743394998513395,0.004744030999999982,0.0,0.0,
shared_super_noisy/small/s1,synthetic,Two-walk-Auto,dense,1,reorder,0.0038645259992335923,0.003865548000000052,190.60736,0.0,
shared_super_noisy/small/s1,synthetic,Two-walk-Auto,dense,1,score,0.006640587998845149,0.006641598000000082,190.8736,0.0,
shared_super_noisy/small/s1,synthetic,Two-walk-Auto,dense,1,total,0.05675544999758131,0.05636647100000003,0.0,0.0,
shared_super_noisy/small/s1,synthetic,Two-walk-Auto,matrix_free,-1,load,0.007207612998172408,0.003666685000000003,186.773504,0.0,
shared_super_noisy/small/s1,synthetic,Two-walk-Auto,matrix_free,-1,reorder,0.011938924999412848,0.011940145000000069,187.797504,0.0,
shared_super_noisy/small/s1,synthetic,Two-walk-Auto,matrix_free,-1,score,0.005048988998169079,0.005049249999999894,188.27264,0.0,
shared_super_noisy/small/s1,synthetic,Two-walk-Auto,matrix_free,-1,reorder,0.011019169000064721,0.011020164999999915,188.27264,0.0,
shared_super_noisy/small/s1,synthetic,Two-walk-Auto,matrix_free,-1,score,0.005327201997715747,0.005068586000000153,188.27264,0.0,
shared_super_noisy/small/s1,synthetic,Two-walk-Auto,matrix_free,-1,reorder,0.012960223000845872,0.011897255000000051,188.27264,0.0,
shared_super_noisy/small/s1,synthetic,Two-walk-Auto,matrix_free,-1,score,0.004873820002103457,0.004874343000000003,188.27264,0.0,
shared_super_noisy/small/s1,synthetic,Two-walk-Auto,matrix_free,-1,reorder,0.016401965000113705,0.012632409999999927,188.27264,0.0,
shared_super_noisy/small/s1,synthetic,Two-walk-Auto,matrix_free,-1,score,0.007924809000542155,0.006943080999999962,188.27264,0.0,
shared_super_noisy/small/s1,synthetic,Two-walk-Auto,matrix_free,-1,reorder,0.012951456003065687,0.012873880999999976,188.27264,0.0,
shared_super_noisy/small/s1,synthetic,Two-walk-Auto,matrix_free,-1,score,0.006562270998983877,0.005076440999999932,188.27264,0.0,
shared_super_noisy/small/s1,synthetic,Two-walk-Auto,matrix_free,-1,reorder,0.01897155900223879,0.01323321299999991,188.27264,0.0,
shared_super_noisy/small/s1,synthetic,Two-walk-Auto,matrix_free,-1,score,0.006336115999147296,0.004948221999999891,188.27264,0.0,
shared_super_noisy/small/s1,synthetic,Two-walk-Auto,matrix_free,-1,total,0.12355155000113882,0.10569168499999981,0.0,0.0,
shared_super_noisy/small/s1,synthetic,Two-walk-Auto,matrix_free,0,load,0.003599839001253713,0.003520372000000105,0.0,0.0,
shared_super_noisy/small/s1,synthetic,Two-walk-Auto,matrix_free,0,reorder,0.01192135299788788,0.011982682999999827,0.0,0.0,
shared_super_noisy/small/s1,synthetic,Two-walk-Auto,matrix_free,0,score,0.004752362998260651,0.004726436999999972,0.0,0.0,
shared_super_noisy/small/s1,synthetic,Two-walk-Auto,matrix_free,0,reorder,0.010802642002090579,0.010809720999999994,187.920384,0.0,
shared_super_noisy/small/s1,synthetic,Two-walk-Auto,matrix_free,0,score,0.0046662710010423325,0.004684318999999881,0.0,0.0,
shared_super_noisy/small/s1,synthetic,Two-walk-Auto,matrix_free,0,reorder,0.011016013002517866,0.011042567000000059,188.39552,0.0,
shared_super_noisy/small/s1,synthetic,Two-walk-Auto,matrix_free,0,score,0.006753800000296906,0.0047533969999999925,188.39552,0.0,
shared_super_noisy/small/s1,synthetic,Two-walk-Auto,matrix_free,0,reorder,0.011830210998596158,0.011667926000000106,188.39552,0.0,
shared_super_noisy/small/s1,synthetic,Two-walk-Auto,matrix_free,0,score,0.004758394003147259,0.004758848000000038,188.39552,0.0,
shared_super_noisy/small/s1,synthetic,Two-walk-Auto,matrix_free,0,reorder,0.012366699000267545,0.012178179999999816,188.39552,0.0,
shared_super_noisy/small/s1,synthetic,Two-walk-Auto,matrix_free,0,score,0.004955363998305984,0.004958742000000127,0.0,0.0,
shared_super_noisy/small/s1,synthetic,Two-walk-Auto,matrix_free,0,reorder,0.01752565500282799,0.01563844000000003,188.39552,0.0,
shared_super_noisy/small/s1,synthetic,Two-walk-Auto,matrix_free,0,score,0.00491558900102973,0.004915651000000132,188.39552,0.0,
shared_super_noisy/small/s1,synthetic,Two-walk-Auto,matrix_free,0,total,0.10637858699919889,0.10221869100000003,0.0,0.0,
shared_super_noisy/small/s1,synthetic,Two-walk-Auto,matrix_free,1,load,0.00346599800104741,0.0034678439999999977,0.0,0.0,
shared_super_noisy/small/s1,synthetic,Two-walk-Auto,matrix_free,1,reorder,0.011686150999594247,0.011692671999999904,187.691008,0.0,
shared_super_noisy/small/s1,synthetic,Two-walk-Auto,matrix_free,1,score,0.004829567998967832,0.004829760000000016,188.166144,0.0,
shared_super_noisy/small/s1,synthetic,Two-walk-Auto,matrix_free,1,reorder,0.01069121299951803,0.010591804000000149,188.166144,0.0,
shared_super_noisy/small/s1,synthetic,Two-walk-Auto,matrix_free,1,score,0.004756801001349231,0.004756984999999991,188.166144,0.0,
shared_super_noisy/small/s1,synthetic,Two-walk-Auto,matrix_free,1,reorder,0.011141678998683346,0.011142253000000046,188.166144,0.0,
shared_super_noisy/small/s1,synthetic,Two-walk-Auto,matrix_free,1,score,0.004758564002258936,0.004758558000000024,188.166144,0.0,
shared_super_noisy/small/s1,synthetic,Two-walk-Auto,matrix_free,1,reorder,0.011684728000545874,0.011685149000000061,188.166144,0.0,
shared_super_noisy/small/s1,synthetic,Two-walk-Auto,matrix_free,1,score,0.004801886003406253,0.004802378999999801,188.166144,0.0,
shared_super_noisy/small/s1,synthetic,Two-walk-Auto,matrix_free,1,reorder,0.012336602001596475,0.012339220999999956,188.166144,0.0,
shared_super_noisy/small/s1,synthetic,Two-walk-Auto,matrix_free,1,score,0.004865585997322341,0.004865857999999834,188.166144,0.0,
shared_super_noisy/small/s1,synthetic,Two-walk-Auto,matrix_free,1,reorder,0.012905761002912186,0.012906792000000111,188.166144,0.0,
shared_super_noisy/small/s1,synthetic,Two-walk-Auto,matrix_free,1,score,0.008708851000847062,0.006340473999999929,188.166144,0.0,
shared_super_noisy/small/s1,synthetic,Two-walk-Auto,matrix_free,1,total,0.10326833799990709,0.10080367700000004,0.0,0.0,
shared_super_noisy/medium/s0,synthetic,One-walk,dense,-1,load,0.006780070001696004,0.0062202489999998445,0.0,0.0,
shared_super_noisy/medium/s0,synthetic,One-walk,dense,-1,reorder,0.016681600001902552,0.015450608000000088,186.834944,0.0,
shared_super_noisy/medium/s0,synthetic,One-walk,dense,-1,total,0.016698781997547485,0.015464132999999824,0.0,0.0,
shared_super_noisy/medium/s0,synthetic,One-walk,dense,0,load,0.006001777997880708,0.005994838000000113,0.0,0.0,
shared_super_noisy/medium/s0,synthetic,One-walk,dense,0,reorder,0.015468202000192832,0.015329833000000015,192.823296,0.0,
shared_super_noisy/medium/s0,synthetic,One-walk,dense,0,total,0.015484273000765825,0.01534203699999992,0.0,0.0,
shared_super_noisy/medium/s0,synthetic,One-walk,dense,1,load,0.010136392000276828,0.00622763500000012,186.707968,0.0,
shared_super_noisy/medium/s0,synthetic,One-walk,dense,1,reorder,0.0366107980007655,0.015524386999999917,192.876544,0.0,
shared_super_noisy/medium/s0,synthetic,One-walk,dense,1,total,0.036625224998715566,0.01553609899999997,0.0,0.0,
shared_super_noisy/medium/s0,synthetic,One-walk,matrix_free,-1,load,0.014394877001905115,0.006414603000000074,186.699776,0.0,
shared_super_noisy/medium/s0,synthetic,One-walk,matrix_free,-1,reorder,0.05681343800097238,0.027833349999999868,188.428288,0.0,
shared_super_noisy/medium/s0,synthetic,One-walk,matrix_free,-1,total,0.05682895700010704,0.027846013999999863,0.0,0.0,
shared_super_noisy/medium/s0,synthetic,One-walk,matrix_free,0,load,0.01835096500144573,0.006465019000000183,186.945536,0.0,
shared_super_noisy/medium/s0,synthetic,One-walk,matrix_free,0,reorder,0.08946167600151966,0.030753805000000023,188.407808,0.0,
shared_super_noisy/medium/s0,synthetic,One-walk,matrix_free,0,total,0.08947889800037956,0.030766728999999993,0.0,0.0,
shared_super_noisy/medium/s0,synthetic,One-walk,matrix_free,1,load,0.010493382000277052,0.006490464000000085,186.851328,0.0,
shared_super_noisy/medium/s0,synthetic,One-walk,matrix_free,1,reorder,0.0561907789997349,0.027633459000000027,188.510208,0.0,
shared_super_noisy/medium/s0,synthetic,One-walk,matrix_free,1,total,0.056212710002000676,0.027650582000000146,0.0,0.0,
shared_super_noisy/medium/s0,synthetic,Two-walk,dense,-1,load,0.013053888000285951,0.0061882200000000775,187.162624,0.0,
shared_super_noisy/medium/s0,synthetic,Two-walk,dense,-1,reorder,0.017920976999448612,0.017298384000000055,193.953792,0.0,
shared_super_noisy/medium/s0,synthetic,Two-walk,dense,-1,total,0.017935574000148335,0.01730997600000017,0.0,0.0,
shared_super_noisy/medium/s0,synthetic,Two-walk,dense,0,load,0.0055938219993549865,0.005614777999999987,0.0,0.0,
shared_super_noisy/medium/s0,synthetic,Two-walk,dense,0,reorder,0.017307856000115862,0.01649821699999987,192.393216,0.0,
shared_super_noisy/medium/s0,synthetic,Two-walk,dense,0,total,0.01731957799711381,0.016507624999999804,0.0,0.0,
shared_super_noisy/medium/s0,synthetic,Two-walk,dense,1,load,0.012776969000697136,0.006885886000000063,186.589184,0.0,
shared_super_noisy/medium/s0,synthetic,Two-walk,dense,1,reorder,0.03847001799658756,0.019530945999999938,193.978368,0.0,
shared_super_noisy/medium/s0,synthetic,Two-walk,dense,1,total,0.041704721999849426,0.019657161000000034,0.0,0.0,
shared_super_noisy/medium/s0,synthetic,Two-walk,matrix_free,-1,load,0.006001377001666697,0.006066652999999977,187.527168,0.0,
shared_super_noisy/medium/s0,synthetic,Two-walk,matrix_free,-1,reorder,0.036181040999508696,0.03634070999999994,188.555264,0.0,
shared_super_noisy/medium/s0,synthetic,Two-walk,matrix_free,-1,total,0.03620228100044187,0.036357071000000074,0.0,0.0,
shared_super_noisy/medium/s0,synthetic,Two-walk,matrix_free,0,load,0.014280651997978566,0.006392001999999897,187.584512,0.0,
shared_super_noisy/medium/s0,synthetic,Two-walk,matrix_free,0,reorder,0.04677762600113056,0.038675722999999884,188.727296,0.0,
shared_super_noisy/medium/s0,synthetic,Two-walk,matrix_free,0,total,0.04679409699747339,0.03868989899999997,0.0,0.0,
shared_super_noisy/medium/s0,synthetic,Two-walk,matrix_free,1,load,0.015312008999899263,0.006828156000000085,186.970112,0.0,
shared_super_noisy/medium/s0,synthetic,Two-walk,matrix_free,1,reorder,0.03568226499919547,0.03565409400000008,188.530688,0.0,
shared_super_noisy/medium/s0,synthetic,Two-walk,matrix_free,1,total,0.03569482799866819,0.035664402999999956,0.0,0.0,
shared_super_noisy/medium/s0,synthetic,Two-walk-Auto,dense,-1,load,0.006071528998290887,0.0060720029999998815,187.437056,0.0,
shared_super_noisy/medium/s0,synthetic,Two-walk-Auto,dense,-1,reorder,0.016952658999798587,0.01692880200000002,194.256896,0.0,
shared_super_noisy/medium/s0,synthetic,Two-walk-Auto,dense,-1,score,0.009678572001575958,0.00950619499999994,194.404352,0.0,
shared_super_noisy/medium/s0,synthetic,Two-walk-Auto,dense,-1,reorder,0.014071749999857275,0.013944784999999849,194.6624,0.0,
shared_super_noisy/medium/s0,synthetic,Two-walk-Auto,dense,-1,score,0.009702336003101664,0.00952185399999994,194.6624,0.0,
shared_super_noisy/medium/s0,synthetic,Two-walk-Auto,dense,-1,reorder,0.014765482002985664,0.014740721999999984,195.70688,0.0,
shared_super_noisy/medium/s0,synthetic,Two-walk-Auto,dense,-1,score,0.009611726000002818,0.009586673999999906,195.70688,0.0,
shared_super_noisy/medium/s0,synthetic,Two-walk-Auto,dense,-1,reorder,0.016623731000436237,0.01658966900000003,196.747264,0.0,
shared_super_noisy/medium/s0,synthetic,Two-walk-Auto,dense,-1,score,0.009877915999823017,0.009845498000000008,196.747264,0.0,
shared_super_noisy/medium/s0,synthetic,Two-walk-Auto,dense,-1,reorder,0.018333140997128794,0.01733963000000016,197.791744,0.0,
shared_super_noisy/medium/s0,synthetic,Two-walk-Auto,dense,-1,score,0.01456427500306745,0.010878780999999949,197.791744,0.0,
shared_super_noisy/medium/s0,synthetic,Two-walk-Auto,dense,-1,reorder,0.021847469000931596,0.01748938100000008,198.832128,0.0,
shared_super_noisy/medium/s0,synthetic,Two-walk-Auto,dense,-1,score,0.011879243000294082,0.010613823999999994,198.832128,0.0,
shared_super_noisy/medium/s0,synthetic,Two-walk-Auto,dense,-1,total,0.16823222899984103,0.157241073,0.0,0.0,
shared_super_noisy/medium/s0,synthetic,Two-walk-Auto,dense,0,load,0.006007849999150494,0.005946959999999946,187.342848,0.0,
shared_super_noisy/medium/s0,synthetic,Two-walk-Auto,dense,0,reorder,0.01766519699958735,0.017138286000000003,191.496192,0.0,
shared_super_noisy/medium/s0,synthetic,Two-walk-Auto,dense,0,score,0.00990455499777454,0.009809601000000168,0.0,0.0,
shared_super_noisy/medium/s0,synthetic,Two-walk-Auto,dense,0,reorder,0.015920922000077553,0.01460407599999991,194.564096,0.0,
shared_super_noisy/medium/s0,synthetic,Two-walk-Auto,dense,0,score,0.009791944998141844,0.009799722000000122,194.564096,0.0,
shared_super_noisy/medium/s0,synthetic,Two-walk-Auto,dense,0,reorder,0.016065904001152376,0.01538980599999995,195.60448,0.0,
shared_super_noisy/medium/s0,synthetic,Two-walk-Auto,dense,0,score,0.010056850998807931,0.009879592999999964,195.60448,0.0,
shared_super_noisy/medium/s0,synthetic,Two-walk-Auto,dense,0,reorder,0.016440817998955026,0.016279106999999904,196.64896,0.0,
shared_super_noisy/medium/s0,synthetic,Two-walk-Auto,dense,0,score,0.009868178000033367,0.00984438700000001,196.64896,0.0,
shared_super_noisy/medium/s0,synthetic,Two-walk-Auto,dense,0,reorder,0.01608779600064736,0.01585613699999988,197.69344,0.0,
shared_super_noisy/medium/s0,synthetic,Two-walk-Auto,dense,0,score,0.00989241299976129,0.009893138000000024,197.69344,0.0,
shared_super_noisy/medium/s0,synthetic,Two-walk-Auto,dense,0,reorder,0.01635784199970658,0.01602779700000001,198.733824,0.0,
shared_super_noisy/medium/s0,synthetic,Two-walk-Auto,dense,0,score,0.01055127099971287,0.01043764799999991,198.733824,0.0,
shared_super_noisy/medium/s0,synthetic,Two-walk-Auto,dense,0,total,0.15909885099972598,0.15511818500000008,0.0,0.0,
shared_super_noisy/medium/s0,synthetic,Two-walk-Auto,dense,1,load,0.005833562998304842,0.005834359000000067,0.0,0.0,
shared_super_noisy/medium/s0,synthetic,Two-walk-Auto,dense,1,reorder,0.018297703998541692,0.01830100800000012,194.338816,0.0,
shared_super_noisy/medium/s0,synthetic,Two-walk-Auto,dense,1,score,0.010192375997576164,0.010193528999999923,194.486272,0.0,
shared_super_noisy/medium/s0,synthetic,Two-walk-Auto,dense,1,reorder,0.016203721999772824,0.016094673000000004,194.74432,0.0,
shared_super_noisy/medium/s0,synthetic,Two-walk-Auto,dense,1,score,0.010177858999668388,0.010179543000000013,194.74432,0.0,
shared_super_noisy/medium/s0,synthetic,Two-walk-Auto,dense,1,reorder,0.015985502999683376,0.01598738200000005,195.784704,0.0,
shared_super_noisy/medium/s0,synthetic,Two-walk-Auto,dense,1,score,0.010303576000296744,0.010304476000000173,195.784704,0.0,
shared_super_noisy/medium/s0,synthetic,Two-walk-Auto,dense,1,reorder,0.0154640639993886,0.01546664799999986,196.829184,0.0,
shared_super_noisy/medium/s0,synthetic,Two-walk-Auto,dense,1,score,0.01185873500071466,0.010398313999999909,196.829184,0.0,
shared_super_noisy/medium/s0,synthetic,Two-walk-Auto,dense,1,reorder,0.017412061999493744,0.015974426999999958,196.829184,0.0,
shared_super_noisy/medium/s0,synthetic,Two-walk-Auto,dense,1,score,0.010437105000164593,0.009920329000000061,0.0,0.0,
shared_super_noisy/medium/s0,synthetic,Two-walk-Auto,dense,1,reorder,0.016369223001674982,0.014867788000000104,197.869568,0.0,
shared_super_noisy/medium/s0,synthetic,Two-walk-Auto,dense,1,score,0.009953307999239769,0.009686810999999906,198.914048,0.0,
shared_super_noisy/medium/s0,synthetic,Two-walk-Auto,dense,1,total,0.1628810220026935,0.15757680900000004,0.0,0.0,
shared_super_noisy/medium/s0,synthetic,Two-walk-Auto,matrix_free,-1,load,0.012311534999753349,0.007046014000000156,186.888192,0.0,
shared_super_noisy/medium/s0,synthetic,Two-walk-Auto,matrix_free,-1,reorder,0.06918565700107138,0.035870171000000006,188.321792,0.0,
shared_super_noisy/medium/s0,synthetic,Two-walk-Auto,matrix_free,-1,score,0.017663894999714103,0.01221143899999988,188.731392,0.0,
shared_super_noisy/medium/s0,synthetic,Two-walk-Auto,matrix_free,-1,reorder,0.07175459000063711,0.04141541400000004,188.731392,0.0,
shared_super_noisy/medium/s0,synthetic,Two-walk-Auto,matrix_free,-1,score,0.010160075999010587,0.010049169000000191,188.731392,0.0,
shared_super_noisy/medium/s0,synthetic,Two-walk-Auto,matrix_free,-1,reorder,0.04150796199974138,0.041509403000000056,188.731392,0.0,
shared_super_noisy/medium/s0,synthetic,Two-walk-Auto,matrix_free,-1,score,0.010148194000066724,0.010136162000000004,188.731392,0.0,
shared_super_noisy/medium/s0,synthetic,Two-walk-Auto,matrix_free,-1,reorder,0.043100611997942906,0.0429396070000001,188.731392,0.0,
shared_super_noisy/medium/s0,synthetic,Two-walk-Auto,matrix_free,-1,score,0.011965967001742683,0.010631558000000041,188.731392,0.0,
shared_super_noisy/medium/s0,synthetic,Two-walk-Auto,matrix_free,-1,reorder,0.05874634700012393,0.05841236599999999,188.731392,0.0,
shared_super_noisy/medium/s0,synthetic,Two-walk-Auto,matrix_free,-1,score,0.010287666002113838,0.01020907900000001,188.731392,0.0,
shared_super_noisy/medium/s0,synthetic,Two-walk-Auto,matrix_free,-1,reorder,0.06367663300261484,0.0628407849999999,188.731392,0.0,
shared_super_noisy/medium/s0,synthetic,Two-walk-Auto,matrix_free,-1,score,0.010475336999661522,0.010373484999999905,188.731392,0.0,
shared_super_noisy/medium/s0,synthetic,Two-walk-Auto,matrix_free,-1,total,0.4223902849989827,0.34684879700000004,0.0,0.0,
shared_super_noisy/medium/s0,synthetic,Two-walk-Auto,matrix_free,0,load,0.006405596999684349,0.006422950000000149,0.0,0.0,
shared_super_noisy/medium/s0,synthetic,Two-walk-Auto,matrix_free,0,reorder,0.03688675499870442,0.03707194700000005,188.370944,0.0,
shared_super_noisy/medium/s0,synthetic,Two-walk-Auto,matrix_free,0,score,0.010231220003333874,0.010260297000000085,0.0,0.0,
shared_super_noisy/medium/s0,synthetic,Two-walk-Auto,matrix_free,0,reorder,0.039462271000957116,0.03941815199999987,188.780544,0.0,
shared_super_noisy/medium/s0,synthetic,Two-walk-Auto,matrix_free,0,score,0.01000362199920346,0.009994217000000027,188.780544,0.0,
shared_super_noisy/medium/s0,synthetic,Two-walk-Auto,matrix_free,0,reorder,0.04196847700222861,0.04171289299999992,188.780544,0.0,
shared_super_noisy/medium/s0,synthetic,Two-walk-Auto,matrix_free,0,score,0.010717422999732662,0.010703123000000092,188.780544,0.0,
shared_super_noisy/medium/s0,synthetic,Two-walk-Auto,matrix_free,0,reorder,0.046904695002012886,0.046827226,188.780544,0.0,
shared_super_noisy/medium/s0,synthetic,Two-walk-Auto,matrix_free,0,score,0.010975056000461336,0.010730063000000012,188.780544,0.0,
shared_super_noisy/medium/s0,synthetic,Two-walk-Auto,matrix_free,0,reorder,0.05503872600093018,0.05497462899999994,188.780544,0.0,
shared_super_noisy/medium/s0,synthetic,Two-walk-Auto,matrix_free,0,score,0.010466540999914287,0.010468142999999985,188.780544,0.0,
shared_super_noisy/medium/s0,synthetic,Two-walk-Auto,matrix_free,0,reorder,0.06338967499686987,0.06300025599999981,188.780544,0.0,
shared_super_noisy/medium/s0,synthetic,Two-walk-Auto,matrix_free,0,score,0.009980879000067944,0.009966764999999933,188.780544,0.0,
shared_super_noisy/medium/s0,synthetic,Two-walk-Auto,matrix_free,0,total,0.34630765799738583,0.345374482,0.0,0.0,
shared_super_noisy/medium/s0,synthetic,Two-walk-Auto,matrix_free,1,load,0.007933385000796989,0.006778412999999928,187.00288,0.0,
shared_super_noisy/medium/s0,synthetic,Two-walk-Auto,matrix_free,1,reorder,0.04280371500135516,0.03648593,188.649472,0.0,
shared_super_noisy/medium/s0,synthetic,Two-walk-Auto,matrix_free,1,score,0.014197855998645537,0.010912363999999952,189.079552,0.0,
shared_super_noisy/medium/s0,synthetic,Two-walk-Auto,matrix_free,1,reorder,0.0756662440035143,0.04195593600000014,189.079552,0.0,
shared_super_noisy/medium/s0,synthetic,Two-walk-Auto,matrix_free,1,score,0.010163000999455107,0.010150147999999914,189.079552,0.0,
shared_super_noisy/medium/s0,synthetic,Two-walk-Auto,matrix_free,1,reorder,0.06505768699935288,0.042525511999999877,189.079552,0.0,
shared_super_noisy/medium/s0,synthetic,Two-walk-Auto,matrix_free,1,score,0.010085796999192098,0.01008681999999994,189.079552,0.0,
shared_super_noisy/medium/s0,synthetic,Two-walk-Auto,matrix_free,1,reorder,0.043853866001882125,0.04382049300000013,189.079552,0.0,
shared_super_noisy/medium/s0,synthetic,Two-walk-Auto,matrix_free,1,score,0.02094968399978825,0.010590619999999884,189.079552,0.0,
shared_super_noisy/medium/s0,synthetic,Two-walk-Auto,matrix_free,1,reorder,0.058457173996430356,0.05480014300000002,189.079552,0.0,
shared_super_noisy/medium/s0,synthetic,Two-walk-Auto,matrix_free,1,score,0.009825007000472397,0.009825289999999987,189.079552,0.0,
shared_super_noisy/medium/s0,synthetic,Two-walk-Auto,matrix_free,1,reorder,0.06197574099860503,0.06194751700000012,189.079552,0.0,
shared_super_noisy/medium/s0,synthetic,Two-walk-Auto,matrix_free,1,score,0.009806251000554767,0.009798160000000111,189.079552,0.0,
shared_super_noisy/medium/s0,synthetic,Two-walk-Auto,matrix_free,1,total,0.4230571770021925,0.34308911900000005,0.0,0.0,
shared_super_noisy/medium/s1,synthetic,One-walk,dense,-1,load,0.010660564999852795,0.00684006699999995,186.712064,0.0,
shared_super_noisy/medium/s1,synthetic,One-walk,dense,-1,reorder,0.033707186001265654,0.016065266000000022,192.745472,0.0,
shared_super_noisy/medium/s1,synthetic,One-walk,dense,-1,total,0.03372401699743932,0.016078591000000086,0.0,0.0,
shared_super_noisy/medium/s1,synthetic,One-walk,dense,0,load,0.0062451550002151635,0.006215311999999917,187.060224,0.0,
shared_super_noisy/medium/s1,synthetic,One-walk,dense,0,reorder,0.016517993000888964,0.016481605999999926,192.856064,0.0,
shared_super_noisy/medium/s1,synthetic,One-walk,dense,0,total,0.01653271000031964,0.016493528999999896,0.0,0.0,
shared_super_noisy/medium/s1,synthetic,One-walk,dense,1,load,0.006042975997843314,0.006043970999999981,0.0,0.0,
shared_super_noisy/medium/s1,synthetic,One-walk,dense,1,reorder,0.017918421999638667,0.017887844999999958,192.806912,0.0,
shared_super_noisy/medium/s1,synthetic,One-walk,dense,1,total,0.01793290900241118,0.017899315999999832,0.0,0.0,
shared_super_noisy/medium/s1,synthetic,One-walk,matrix_free,-1,load,0.006045109999831766,0.006045372999999854,187.338752,0.0,
shared_super_noisy/medium/s1,synthetic,One-walk,matrix_free,-1,reorder,0.018349441001191735,0.018350010000000028,188.420096,0.0,
shared_super_noisy/medium/s1,synthetic,One-walk,matrix_free,-1,total,0.018359400000917958,0.018358736999999792,0.0,0.0,
shared_super_noisy/medium/s1,synthetic,One-walk,matrix_free,0,load,0.012546094996650936,0.006626250999999916,186.773504,0.0,
shared_super_noisy/medium/s1,synthetic,One-walk,matrix_free,0,reorder,0.04104665599879809,0.020850924999999965,188.833792,0.0,
shared_super_noisy/medium/s1,synthetic,One-walk,matrix_free,0,total,0.04106204500203603,0.02086365899999998,0.0,0.0,
shared_super_noisy/medium/s1,synthetic,One-walk,matrix_free,1,load,0.011586754000745714,0.007392711000000052,0.0,0.0,
shared_super_noisy/medium/s1,synthetic,One-walk,matrix_free,1,reorder,0.03571082700000261,0.020682220000000084,188.379136,0.0,
shared_super_noisy/medium/s1,synthetic,One-walk,matrix_free,1,total,0.03814101999887498,0.020717344999999998,0.0,0.0,
shared_super_noisy/medium/s1,synthetic,Two-walk,dense,-1,load,0.0064124300006369594,0.006443358000000066,0.0,0.0,
shared_super_noisy/medium/s1,synthetic,Two-walk,dense,-1,reorder,0.017842580000433372,0.017523455999999937,189.66528,0.0,
shared_super_noisy/medium/s1,synthetic,Two-walk,dense,-1,total,0.01785810900037177,0.017535438000000125,0.0,0.0,
shared_super_noisy/medium/s1,synthetic,Two-walk,dense,0,load,0.01247479100129567,0.00644400799999989,186.75712,0.0,
shared_super_noisy/medium/s1,synthetic,Two-walk,dense,0,reorder,0.041846858999633696,0.019366610999999923,193.748992,0.0,
shared_super_noisy/medium/s1,synthetic,Two-walk,dense,0,total,0.0418624779995298,0.01937978600000001,0.0,0.0,
shared_super_noisy/medium/s1,synthetic,Two-walk,dense,1,load,0.006664562999503687,0.006182079000000007,0.0,0.0,
shared_super_noisy/medium/s1,synthetic,Two-walk,dense,1,reorder,0.02467297399925883,0.01864581300000001,193.67936,0.0,
shared_super_noisy/medium/s1,synthetic,Two-walk,dense,1,total,0.02468864399997983,0.01865810500000009,0.0,0.0,
shared_super_noisy/medium/s1,synthetic,Two-walk,matrix_free,-1,load,0.0060514920005516615,0.006077703999999962,0.0,0.0,
shared_super_noisy/medium/s1,synthetic,Two-walk,matrix_free,-1,reorder,0.022073362000810448,0.022162966999999867,188.604416,0.0,
shared_super_noisy/medium/s1,synthetic,Two-walk,matrix_free,-1,total,0.022083120999013772,0.022171723000000032,0.0,0.0,
shared_super_noisy/medium/s1,synthetic,Two-walk,matrix_free,0,load,0.006252259001485072,0.006253442999999859,187.121664,0.0,
shared_super_noisy/medium/s1,synthetic,Two-walk,matrix_free,0,reorder,0.024374995002290234,0.024378261000000068,188.366848,0.0,
shared_super_noisy/medium/s1,synthetic,Two-walk,matrix_free,0,total,0.024392737999733072,0.02439162599999989,0.0,0.0,
shared_super_noisy/medium/s1,synthetic,Two-walk,matrix_free,1,load,0.0060674719970847946,0.006046446000000039,0.0,0.0,
shared_super_noisy/medium/s1,synthetic,Two-walk,matrix_free,1,reorder,0.03488998700049706,0.02310976000000009,188.338176,0.0,
shared_super_noisy/medium/s1,synthetic,Two-walk,matrix_free,1,total,0.034908451001683716,0.023124308000000093,0.0,0.0,
shared_super_noisy/medium/s1,synthetic,Two-walk-Auto,dense,-1,load,0.013189514000259805,0.006338701000000002,186.986496,0.0,
shared_super_noisy/medium/s1,synthetic,Two-walk-Auto,dense,-1,reorder,0.037502360999496887,0.01764660500000015,193.744896,0.0,
shared_super_noisy/medium/s1,synthetic,Two-walk-Auto,dense,-1,score,0.014875729000777937,0.009560575999999932,0.0,0.0,
shared_super_noisy/medium/s1,synthetic,Two-walk-Auto,dense,-1,reorder,0.028297099001065362,0.015115372999999988,194.21184,0.0,
shared_super_noisy/medium/s1,synthetic,Two-walk-Auto,dense,-1,score,0.017911238999658963,0.009943289999999827,0.0,0.0,
shared_super_noisy/medium/s1,synthetic,Two-walk-Auto,dense,-1,reorder,0.031722679999802494,0.015331755000000058,195.223552,0.0,
shared_super_noisy/medium/s1,synthetic,Two-walk-Auto,dense,-1,score,0.018505985997762764,0.009656925000000038,195.223552,0.0,
shared_super_noisy/medium/s1,synthetic,Two-walk-Auto,dense,-1,reorder,0.014715598998009227,0.014753534000000013,196.23936,0.0,
shared_super_noisy/medium/s1,synthetic,Two-walk-Auto,dense,-1,score,0.009723505998408655,0.009702330999999953,196.23936,0.0,
shared_super_noisy/medium/s1,synthetic,Two-walk-Auto,dense,-1,reorder,0.016258886997093214,0.016189259999999983,197.251072,0.0,
shared_super_noisy/medium/s1,synthetic,Two-walk-Auto,dense,-1,score,0.009829043996433029,0.009829408000000095,197.251072,0.0,
shared_super_noisy/medium/s1,synthetic,Two-walk-Auto,dense,-1,reorder,0.01458544399793027,0.014588005000000015,198.26688,0.0,
shared_super_noisy/medium/s1,synthetic,Two-walk-Auto,dense,-1,score,0.0098108999991382,0.009811395000000056,198.26688,0.0,
shared_super_noisy/medium/s1,synthetic,Two-walk-Auto,dense,-1,total,0.22392033399955835,0.152287246,0.0,0.0,
shared_super_noisy/medium/s1,synthetic,Two-walk-Auto,dense,0,load,0.00910412300072494,0.006658520000000001,186.793984,0.0,
shared_super_noisy/medium/s1,synthetic,Two-walk-Auto,dense,0,reorder,0.020981282999855466,0.01719892699999992,191.803392,0.0,
shared_super_noisy/medium/s1,synthetic,Two-walk-Auto,dense,0,score,0.011301898997771787,0.010010967000000148,0.0,0.0,
shared_super_noisy/medium/s1,synthetic,Two-walk-Auto,dense,0,reorder,0.018011176001891727,0.016567767000000178,193.933312,0.0,
shared_super_noisy/medium/s1,synthetic,Two-walk-Auto,dense,0,score,0.013559708997490816,0.010312197999999828,194.2528,0.0,
shared_super_noisy/medium/s1,synthetic,Two-walk-Auto,dense,0,reorder,0.020265969000320183,0.016113854999999955,195.264512,0.0,
shared_super_noisy/medium/s1,synthetic,Two-walk-Auto,dense,0,score,0.010013300001446623,0.010013982999999893,195.264512,0.0,
shared_super_noisy/medium/s1,synthetic,Two-walk-Auto,dense,0,reorder,0.014280452000093646,0.014281933999999996,196.28032,0.0,
shared_super_noisy/medium/s1,synthetic,Two-walk-Auto,dense,0,score,0.009784711000975221,0.009785587000000096,196.28032,0.0,
shared_super_noisy/medium/s1,synthetic,Two-walk-Auto,dense,0,reorder,0.015606501001457218,0.015608444000000166,197.296128,0.0,
shared_super_noisy/medium/s1,synthetic,Two-walk-Auto,dense,0,score,0.009997380002459977,0.009990469999999974,197.296128,0.0,
shared_super_noisy/medium/s1,synthetic,Two-walk-Auto,dense,0,reorder,0.014902819999406347,0.014904677999999949,198.30784,0.0,
shared_super_noisy/medium/s1,synthetic,Two-walk-Auto,dense,0,score,0.01018943100280012,0.010190563000000097,198.30784,0.0,
shared_super_noisy/medium/s1,synthetic,Two-walk-Auto,dense,0,total,0.16908115300248028,0.15513568700000002,0.0,0.0,
shared_super_noisy/medium/s1,synthetic,Two-walk-Auto,dense,1,load,0.005865773000550689,0.00587533600000012,0.0,0.0,
shared_super_noisy/medium/s1,synthetic,Two-walk-Auto,dense,1,reorder,0.019037752997974167,0.018960039999999845,189.366272,0.0,
shared_super_noisy/medium/s1,synthetic,Two-walk-Auto,dense,1,score,0.009903594000206795,0.009948442999999862,0.0,0.0,
shared_super_noisy/medium/s1,synthetic,Two-walk-Auto,dense,1,reorder,0.017037067998899147,0.015809299000000054,194.297856,0.0,
shared_super_noisy/medium/s1,synthetic,Two-walk-Auto,dense,1,score,0.010291131999110803,0.010292533999999964,194.297856,0.0,
shared_super_noisy/medium/s1,synthetic,Two-walk-Auto,dense,1,reorder,0.014702985001349589,0.014704542999999903,195.313664,0.0,
shared_super_noisy/medium/s1,synthetic,Two-walk-Auto,dense,1,score,0.00988880600198172,0.009889189999999992,195.313664,0.0,
shared_super_noisy/medium/s1,synthetic,Two-walk-Auto,dense,1,reorder,0.014767996999580646,0.014761309000000056,196.325376,0.0,
shared_super_noisy/medium/s1,synthetic,Two-walk-Auto,dense,1,score,0.009681357001682045,0.009681492000000125,196.325376,0.0,
shared_super_noisy/medium/s1,synthetic,Two-walk-Auto,dense,1,reorder,0.014525442002195632,0.014526601999999889,197.341184,0.0,
shared_super_noisy/medium/s1,synthetic,Two-walk-Auto,dense,1,score,0.009604662998754065,0.009604948999999863,197.341184,0.0,
shared_super_noisy/medium/s1,synthetic,Two-walk-Auto,dense,1,reorder,0.014048967001144774,0.014051331999999972,198.352896,0.0,
shared_super_noisy/medium/s1,synthetic,Two-walk-Auto,dense,1,score,0.00962208600321901,0.009623372999999935,198.352896,0.0,
shared_super_noisy/medium/s1,synthetic,Two-walk-Auto,dense,1,total,0.15327310300199315,0.15199754799999998,0.0,0.0,
shared_super_noisy/medium/s1,synthetic,Two-walk-Auto,matrix_free,-1,load,0.008881454999936977,0.005964281000000016,186.576896,0.0,
shared_super_noisy/medium/s1,synthetic,Two-walk-Auto,matrix_free,-1,reorder,0.04109066800083383,0.022140518000000053,188.27264,0.0,
shared_super_noisy/medium/s1,synthetic,Two-walk-Auto,matrix_free,-1,score,0.009646821999922395,0.00963390300000011,188.68224,0.0,
shared_super_noisy/medium/s1,synthetic,Two-walk-Auto,matrix_free,-1,reorder,0.024311504999786848,0.02167458599999983,188.68224,0.0,
shared_super_noisy/medium/s1,synthetic,Two-walk-Auto,matrix_free,-1,score,0.00960833000135608,0.009600749999999936,188.68224,0.0,
shared_super_noisy/medium/s1,synthetic,Two-walk-Auto,matrix_free,-1,reorder,0.027255412998783868,0.02704000900000003,188.68224,0.0,
shared_super_noisy/medium/s1,synthetic,Two-walk-Auto,matrix_free,-1,score,0.009868316999927629,0.009837545000000114,188.68224,0.0,
shared_super_noisy/medium/s1,synthetic,Two-walk-Auto,matrix_free,-1,reorder,0.025235570999939227,0.02516544399999998,188.68224,0.0,
shared_super_noisy/medium/s1,synthetic,Two-walk-Auto,matrix_free,-1,score,0.009874659997876734,0.00982354799999996,188.68224,0.0,
shared_super_noisy/medium/s1,synthetic,Two-walk-Auto,matrix_free,-1,reorder,0.04571319800015772,0.0317349039999999,188.68224,0.0,
shared_super_noisy/medium/s1,synthetic,Two-walk-Auto,matrix_free,-1,score,0.00994879899735679,0.009936198000000118,188.68224,0.0,
shared_super_noisy/medium/s1,synthetic,Two-walk-Auto,matrix_free,-1,reorder,0.03595121900070808,0.0356390139999998,188.68224,0.0,
shared_super_noisy/medium/s1,synthetic,Two-walk-Auto,matrix_free,-1,score,0.009826590001466684,0.00982680299999994,188.68224,0.0,
shared_super_noisy/medium/s1,synthetic,Two-walk-Auto,matrix_free,-1,total,0.2585262069987948,0.222227167,0.0,0.0,
shared_super_noisy/medium/s1,synthetic,Two-walk-Auto,matrix_free,0,load,0.006277476000832394,0.0059168030000000815,186.966016,0.0,
shared_super_noisy/medium/s1,synthetic,Two-walk-Auto,matrix_free,0,reorder,0.023558190998301143,0.022610345000000143,188.37504,0.0,
shared_super_noisy/medium/s1,synthetic,Two-walk-Auto,matrix_free,0,score,0.009877083997707814,0.009877407999999921,188.78464,0.0,
shared_super_noisy/medium/s1,synthetic,Two-walk-Auto,matrix_free,0,reorder,0.023765739999362268,0.023076878999999995,188.78464,0.0,
shared_super_noisy/medium/s1,synthetic,Two-walk-Auto,matrix_free,0,score,0.01025778899929719,0.009985751000000098,188.78464,0.0,
shared_super_noisy/medium/s1,synthetic,Two-walk-Auto,matrix_free,0,reorder,0.024811843999486882,0.024546325000000202,188.78464,0.0,
shared_super_noisy/medium/s1,synthetic,Two-walk-Auto,matrix_free,0,score,0.010314424998796312,0.01001471399999998,188.78464,0.0,
shared_super_noisy/medium/s1,synthetic,Two-walk-Auto,matrix_free,0,reorder,0.02560491400072351,0.025322587000000008,188.78464,0.0,
shared_super_noisy/medium/s1,synthetic,Two-walk-Auto,matrix_free,0,score,0.010003641997172963,0.00979082599999992,188.78464,0.0,
shared_super_noisy/medium/s1,synthetic,Two-walk-Auto,matrix_free,0,reorder,0.030910965000657598,0.0304822039999999,188.78464,0.0,
shared_super_noisy/medium/s1,synthetic,Two-walk-Auto,matrix_free,0,score,0.009797375001653563,0.009683625999999945,188.78464,0.0,
shared_super_noisy/medium/s1,synthetic,Two-walk-Auto,matrix_free,0,reorder,0.034938538003189024,0.03427660899999996,188.78464,0.0,
shared_super_noisy/medium/s1,synthetic,Two-walk-Auto,matrix_free,0,score,0.012009368001599796,0.010841642000000151,188.78464,0.0,
shared_super_noisy/medium/s1,synthetic,Two-walk-Auto,matrix_free,0,total,0.22598690400263877,0.22063260099999993,0.0,0.0,
shared_super_noisy/medium/s1,synthetic,Two-walk-Auto,matrix_free,1,load,0.00661071099966648,0.00659954000000007,186.576896,0.0,
shared_super_noisy/medium/s1,synthetic,Two-walk-Auto,matrix_free,1,reorder,0.0234394990002329,0.021311967000000154,188.12928,0.0,
shared_super_noisy/medium/s1,synthetic,Two-walk-Auto,matrix_free,1,score,0.00960523300091154,0.009605931000000067,188.53888,0.0,
shared_super_noisy/medium/s1,synthetic,Two-walk-Auto,matrix_free,1,reorder,0.024114444997394457,0.02394478099999997,188.53888,0.0,
shared_super_noisy/medium/s1,synthetic,Two-walk-Auto,matrix_free,1,score,0.011076978000346571,0.010142833999999823,188.53888,0.0,
shared_super_noisy/medium/s1,synthetic,Two-walk-Auto,matrix_free,1,reorder,0.024746512001001975,0.02454074499999992,188.53888,0.0,
shared_super_noisy/medium/s1,synthetic,Two-walk-Auto,matrix_free,1,score,0.009674705001089023,0.00964886900000006,188.53888,0.0,
shared_super_noisy/medium/s1,synthetic,Two-walk-Auto,matrix_free,1,reorder,0.023350831997959176,0.023347074000000134,188.53888,0.0,
shared_super_noisy/medium/s1,synthetic,Two-walk-Auto,matrix_free,1,score,0.011545818000740837,0.009582857000000056,188.53888,0.0,
shared_super_noisy/medium/s1,synthetic,Two-walk-Auto,matrix_free,1,reorder,0.03550596299828612,0.034090631000000204,188.53888,0.0,
shared_super_noisy/medium/s1,synthetic,Two-walk-Auto,matrix_free,1,score,0.010737709999375511,0.010719082999999907,188.53888,0.0,
shared_super_noisy/medium/s1,synthetic,Two-walk-Auto,matrix_free,1,reorder,0.03472812299878569,0.03453870999999986,188.53888,0.0,
shared_super_noisy/medium/s1,synthetic,Two-walk-Auto,matrix_free,1,score,0.012217299001349602,0.010111927999999937,188.53888,0.0,
shared_super_noisy/medium/s1,synthetic,Two-walk-Auto,matrix_free,1,total,0.23090926599979866,0.22172438999999988,0.0,0.0,
shared_super_noisy/large/s0,synthetic,One-walk,dense,-1,load,0.02670687299905694,0.01376488500000006,187.86304,0.0,
shared_super_noisy/large/s0,synthetic,One-walk,dense,-1,reorder,0.11318863300039084,0.0858448839999999,205.049856,0.0,
shared_super_noisy/large/s0,synthetic,One-walk,dense,-1,total,0.1132074589986587,0.08585880000000001,0.0,0.0,
shared_super_noisy/large/s0,synthetic,One-walk,dense,0,load,0.01327942200077814,0.013314685999999964,189.845504,0.0,
shared_super_noisy/large/s0,synthetic,One-walk,dense,0,reorder,0.0838608900012332,0.08349561800000016,205.275136,0.0,
shared_super_noisy/large/s0,synthetic,One-walk,dense,0,total,0.08388117800132022,0.08351163799999983,0.0,0.0,
shared_super_noisy/large/s0,synthetic,One-walk,dense,1,load,0.026296652999008074,0.013363186000000082,188.264448,0.0,
shared_super_noisy/large/s0,synthetic,One-walk,dense,1,reorder,0.17802655799823697,0.08692977799999979,205.135872,0.0,
shared_super_noisy/large/s0,synthetic,One-walk,dense,1,total,0.17803967199870385,0.08694041899999982,0.0,0.0,
shared_super_noisy/large/s0,synthetic,One-walk,matrix_free,-1,load,0.024682141000084812,0.012873080999999953,187.953152,0.0,
shared_super_noisy/large/s0,synthetic,One-walk,matrix_free,-1,reorder,0.0532684120007616,0.038468726000000064,191.131648,0.0,
shared_super_noisy/large/s0,synthetic,One-walk,matrix_free,-1,total,0.05328292999911355,0.03848063800000001,0.0,0.0,
shared_super_noisy/large/s0,synthetic,One-walk,matrix_free,0,load,0.024481554002704797,0.012836340999999862,188.416,0.0,
shared_super_noisy/large/s0,synthetic,One-walk,matrix_free,0,reorder,0.07214134699825081,0.04039361199999991,191.451136,0.0,
shared_super_noisy/large/s0,synthetic,One-walk,matrix_free,0,total,0.07215797800017754,0.040406976999999955,0.0,0.0,
shared_super_noisy/large/s0,synthetic,One-walk,matrix_free,1,load,0.025039621999894734,0.01341134799999999,187.461632,0.0,
shared_super_noisy/large/s0,synthetic,One-walk,matrix_free,1,reorder,0.0784169889993791,0.03974881200000002,191.13984,0.0,
shared_super_noisy/large/s0,synthetic,One-walk,matrix_free,1,total,0.07843708700238494,0.03976420000000003,0.0,0.0,
shared_super_noisy/large/s0,synthetic,Two-walk,dense,-1,load,0.01298912700076471,0.012978095000000023,187.55584,0.0,
shared_super_noisy/large/s0,synthetic,Two-walk,dense,-1,reorder,0.09244932500223513,0.09240822999999998,206.557184,0.0,
shared_super_noisy/large/s0,synthetic,Two-walk,dense,-1,total,0.0924685509999108,0.09242369900000003,0.0,0.0,
shared_super_noisy/large/s0,synthetic,Two-walk,dense,0,load,0.016332213999703526,0.013304045000000153,187.973632,0.0,
shared_super_noisy/large/s0,synthetic,Two-walk,dense,0,reorder,0.09057990499786683,0.08974923000000001,206.6432,0.0,
shared_super_noisy/large/s0,synthetic,Two-walk,dense,0,total,0.0905983800003014,0.08976356600000002,0.0,0.0,
shared_super_noisy/large/s0,synthetic,Two-walk,dense,1,load,0.02349872899867478,0.012686887999999952,189.771776,0.0,
shared_super_noisy/large/s0,synthetic,Two-walk,dense,1,reorder,0.11765205299889203,0.09054353799999992,205.04576,0.0,
shared_super_noisy/large/s0,synthetic,Two-walk,dense,1,total,0.11767099899952882,0.09055885699999999,0.0,0.0,
shared_super_noisy/large/s0,synthetic,Two-walk,matrix_free,-1,load,0.012288291000004392,0.012289467999999859,187.990016,0.0,
shared_super_noisy/large/s0,synthetic,Two-walk,matrix_free,-1,reorder,0.05451122600061353,0.05447112799999987,191.270912,0.0,
shared_super_noisy/large/s0,synthetic,Two-walk,matrix_free,-1,total,0.05452309899919783,0.05448138700000005,0.0,0.0,
shared_super_noisy/large/s0,synthetic,Two-walk,matrix_free,0,load,0.026576657997793518,0.013530840000000044,189.865984,0.0,
shared_super_noisy/large/s0,synthetic,Two-walk,matrix_free,0,reorder,0.05655500300053973,0.05443301499999986,191.05792,0.0,
shared_super_noisy/large/s0,synthetic,Two-walk,matrix_free,0,total,0.05656990100032999,0.05444554899999998,0.0,0.0,
shared_super_noisy/large/s0,synthetic,Two-walk,matrix_free,1,load,0.02547743399918545,0.013148216000000046,188.444672,0.0,
shared_super_noisy/large/s0,synthetic,Two-walk,matrix_free,1,reorder,0.05570519699904253,0.05377658800000007,191.3856,0.0,
shared_super_noisy/large/s0,synthetic,Two-walk,matrix_free,1,total,0.05573050500242971,0.053797647999999976,0.0,0.0,
shared_super_noisy/large/s0,synthetic,Two-walk-Auto,dense,-1,load,0.013943099002062809,0.014049629999999924,189.0304,0.0,
shared_super_noisy/large/s0,synthetic,Two-walk-Auto,dense,-1,reorder,0.10019637000004877,0.09438506300000005,206.422016,0.0,
shared_super_noisy/large/s0,synthetic,Two-walk-Auto,dense,-1,score,0.021084075000544544,0.020635473000000015,202.452992,0.0,
shared_super_noisy/large/s0,synthetic,Two-walk-Auto,dense,-1,reorder,0.08486563699989347,0.08363507599999997,210.747392,0.0,
shared_super_noisy/large/s0,synthetic,Two-walk-Auto,dense,-1,score,0.022128938002424547,0.02064065100000012,202.58816,0.0,
shared_super_noisy/large/s0,synthetic,Two-walk-Auto,dense,-1,reorder,0.09082924299946171,0.086655135,217.260032,0.0,
shared_super_noisy/large/s0,synthetic,Two-walk-Auto,dense,-1,score,0.03995276199930231,0.02131190599999999,217.260032,0.0,
shared_super_noisy/large/s0,synthetic,Two-walk-Auto,dense,-1,reorder,0.08982205200300086,0.0840435799999999,219.045888,0.0,
shared_super_noisy/large/s0,synthetic,Two-walk-Auto,dense,-1,score,0.02100621000136016,0.02100661700000006,210.88256,0.0,
shared_super_noisy/large/s0,synthetic,Two-walk-Auto,dense,-1,reorder,0.08345307400304591,0.08332122999999991,225.554432,0.0,
shared_super_noisy/large/s0,synthetic,Two-walk-Auto,dense,-1,score,0.020478389000345487,0.020479211000000053,225.554432,0.0,
shared_super_noisy/large/s0,synthetic,Two-walk-Auto,dense,-1,reorder,0.0770541099991533,0.07661787600000003,227.340288,0.0,
shared_super_noisy/large/s0,synthetic,Two-walk-Auto,dense,-1,score,0.021124140999745578,0.021125840000000062,219.17696,0.0,
shared_super_noisy/large/s0,synthetic,Two-walk-Auto,dense,-1,total,0.6722351429998525,0.634070385,0.0,0.0,
shared_super_noisy/large/s0,synthetic,Two-walk-Auto,dense,0,load,0.012706386001809733,0.012707248999999976,188.248064,0.0,
shared_super_noisy/large/s0,synthetic,Two-walk-Auto,dense,0,reorder,0.08615609900152776,0.08615854499999998,206.692352,0.0,
shared_super_noisy/large/s0,synthetic,Two-walk-Auto,dense,0,score,0.0199653749987192,0.019965730999999876,202.760192,0.0,
shared_super_noisy/large/s0,synthetic,Two-walk-Auto,dense,0,reorder,0.07931469500181265,0.079316312,211.054592,0.0,
shared_super_noisy/large/s0,synthetic,Two-walk-Auto,dense,0,score,0.020071374001418008,0.020071559000000017,202.891264,0.0,
shared_super_noisy/large/s0,synthetic,Two-walk-Auto,dense,0,reorder,0.08177138700193609,0.08177368600000001,217.563136,0.0,
shared_super_noisy/large/s0,synthetic,Two-walk-Auto,dense,0,score,0.020102051999856485,0.02010251700000021,217.563136,0.0,
shared_super_noisy/large/s0,synthetic,Two-walk-Auto,dense,0,reorder,0.08143345300049987,0.0812455190000001,219.348992,0.0,
shared_super_noisy/large/s0,synthetic,Two-walk-Auto,dense,0,score,0.020439355001144577,0.02044126099999999,211.185664,0.0,
shared_super_noisy/large/s0,synthetic,Two-walk-Auto,dense,0,reorder,0.08309596400067676,0.0830978320000002,225.714176,0.0,
shared_super_noisy/large/s0,synthetic,Two-walk-Auto,dense,0,score,0.02031320800233516,0.020314202999999864,225.714176,0.0,
shared_super_noisy/large/s0,synthetic,Two-walk-Auto,dense,0,reorder,0.07533523399979458,0.07533805300000007,227.643392,0.0,
shared_super_noisy/large/s0,synthetic,Two-walk-Auto,dense,0,score,0.020327084999735234,0.020327808000000003,219.480064,0.0,
shared_super_noisy/large/s0,synthetic,Two-walk-Auto,dense,0,total,0.608526678999624,0.6083305960000001,0.0,0.0,
shared_super_noisy/large/s0,synthetic,Two-walk-Auto,dense,1,load,0.012374814999930095,0.012375829000000005,188.084224,0.0,
shared_super_noisy/large/s0,synthetic,Two-walk-Auto,dense,1,reorder,0.08667381199848023,0.08663794999999985,206.495744,0.0,
shared_super_noisy/large/s0,synthetic,Two-walk-Auto,dense,1,score,0.020649229001719505,0.020643215999999853,202.563584,0.0,
shared_super_noisy/large/s0,synthetic,Two-walk-Auto,dense,1,reorder,0.07940347100156941,0.07939950699999998,210.857984,0.0,
shared_super_noisy/large/s0,synthetic,Two-walk-Auto,dense,1,score,0.03685029700136511,0.02080017199999995,202.694656,0.0,
shared_super_noisy/large/s0,synthetic,Two-walk-Auto,dense,1,reorder,0.08815572399907978,0.08202698100000005,217.366528,0.0,
shared_super_noisy/large/s0,synthetic,Two-walk-Auto,dense,1,score,0.02045813099903171,0.02045860300000002,217.366528,0.0,
shared_super_noisy/large/s0,synthetic,Two-walk-Auto,dense,1,reorder,0.08056959100213135,0.08054498899999984,219.152384,0.0,
shared_super_noisy/large/s0,synthetic,Two-walk-Auto,dense,1,score,0.0214855490012269,0.02147543300000021,210.989056,0.0,
shared_super_noisy/large/s0,synthetic,Two-walk-Auto,dense,1,reorder,0.08308905199737637,0.08309222199999988,225.517568,0.0,
shared_super_noisy/large/s0,synthetic,Two-walk-Auto,dense,1,score,0.020707608997327043,0.020708340000000103,225.517568,0.0,
shared_super_noisy/large/s0,synthetic,Two-walk-Auto,dense,1,reorder,0.0756740790020558,0.07567665599999995,227.446784,0.0,
shared_super_noisy/large/s0,synthetic,Two-walk-Auto,dense,1,score,0.021054330001788912,0.021042895000000117,219.283456,0.0,
shared_super_noisy/large/s0,synthetic,Two-walk-Auto,dense,1,total,0.6349776219976775,0.612688114,0.0,0.0,
shared_super_noisy/large/s0,synthetic,Two-walk-Auto,matrix_free,-1,load,0.025190776999806985,0.012725882999999882,189.91104,0.0,
shared_super_noisy/large/s0,synthetic,Two-walk-Auto,matrix_free,-1,reorder,0.10504321100233938,0.05420047399999994,191.107072,0.0,
shared_super_noisy/large/s0,synthetic,Two-walk-Auto,matrix_free,-1,score,0.020456177000596654,0.02045638900000002,191.586304,0.0,
shared_super_noisy/large/s0,synthetic,Two-walk-Auto,matrix_free,-1,reorder,0.05682756399983191,0.056254070999999906,191.586304,0.0,
shared_super_noisy/large/s0,synthetic,Two-walk-Auto,matrix_free,-1,score,0.02043376499932492,0.020433956000000197,191.586304,0.0,
shared_super_noisy/large/s0,synthetic,Two-walk-Auto,matrix_free,-1,reorder,0.057454370999039384,0.05745592799999999,191.586304,0.0,
shared_super_noisy/large/s0,synthetic,Two-walk-Auto,matrix_free,-1,score,0.020612349999282742,0.020612982000000057,191.586304,0.0,
shared_super_noisy/large/s0,synthetic,Two-walk-Auto,matrix_free,-1,reorder,0.06578017399806413,0.06578131399999987,191.586304,0.0,
shared_super_noisy/large/s0,synthetic,Two-walk-Auto,matrix_free,-1,score,0.021214460000919644,0.02049973000000005,191.586304,0.0,
shared_super_noisy/large/s0,synthetic,Two-walk-Auto,matrix_free,-1,reorder,0.054445191999548115,0.05411529299999995,191.586304,0.0,
shared_super_noisy/large/s0,synthetic,Two-walk-Auto,matrix_free,-1,score,0.020400953999342164,0.020394071999999985,191.586304,0.0,
shared_super_noisy/large/s0,synthetic,Two-walk-Auto,matrix_free,-1,reorder,0.06863931200132356,0.0678697880000001,191.586304,0.0,
shared_super_noisy/large/s0,synthetic,Two-walk-Auto,matrix_free,-1,score,0.02031201600038912,0.020312259,191.586304,0.0,
shared_super_noisy/large/s0,synthetic,Two-walk-Auto,matrix_free,-1,total,0.5317674130019441,0.47852146800000006,0.0,0.0,
shared_super_noisy/large/s0,synthetic,Two-walk-Auto,matrix_free,0,load,0.012953409997862764,0.01299199299999998,187.674624,0.0,
shared_super_noisy/large/s0,synthetic,Two-walk-Auto,matrix_free,0,reorder,0.05283716300255037,0.05290653100000009,191.377408,0.0,
shared_super_noisy/large/s0,synthetic,Two-walk-Auto,matrix_free,0,score,0.019860227999743074,0.019919355000000083,0.0,0.0,
shared_super_noisy/large/s0,synthetic,Two-walk-Auto,matrix_free,0,reorder,0.06900429700181121,0.057577604000000004,191.85664,0.0,
shared_super_noisy/large/s0,synthetic,Two-walk-Auto,matrix_free,0,score,0.04161351999937324,0.02079390999999986,191.85664,0.0,
shared_super_noisy/large/s0,synthetic,Two-walk-Auto,matrix_free,0,reorder,0.108713802001148,0.05608399399999997,191.85664,0.0,
shared_super_noisy/large/s0,synthetic,Two-walk-Auto,matrix_free,0,score,0.032267742997646565,0.020225477000000103,191.85664,0.0,
shared_super_noisy/large/s0,synthetic,Two-walk-Auto,matrix_free,0,reorder,0.07583736600281554,0.06341667300000009,191.85664,0.0,
shared_super_noisy/large/s0,synthetic,Two-walk-Auto,matrix_free,0,score,0.039277354000660125,0.020505281000000153,191.85664,0.0,
shared_super_noisy/large/s0,synthetic,Two-walk-Auto,matrix_free,0,reorder,0.09636004799904185,0.05323791999999994,191.860736,0.0,
shared_super_noisy/large/s0,synthetic,Two-walk-Auto,matrix_free,0,score,0.019957511001848616,0.01995826700000003,191.860736,0.0,
shared_super_noisy/large/s0,synthetic,Two-walk-Auto,matrix_free,0,reorder,0.06828801200026646,0.06816319900000001,191.860736,0.0,
shared_super_noisy/large/s0,synthetic,Two-walk-Auto,matrix_free,0,score,0.020961064998118673,0.020829605999999945,191.860736,0.0,
shared_super_noisy/large/s0,synthetic,Two-walk-Auto,matrix_free,0,total,0.6452202629989188,0.47383369900000005,0.0,0.0,
shared_super_noisy/large/s0,synthetic,Two-walk-Auto,matrix_free,1,load,0.03157618499972159,0.016384026000000107,188.33408,0.0,
shared_super_noisy/large/s0,synthetic,Two-walk-Auto,matrix_free,1,reorder,0.06996891800008598,0.05804845699999994,190.865408,0.0,
shared_super_noisy/large/s0,synthetic,Two-walk-Auto,matrix_free,1,score,0.02946258700103499,0.022891162999999937,191.34464,0.0,
shared_super_noisy/large/s0,synthetic,Two-walk-Auto,matrix_free,1,reorder,0.08324352100316901,0.05846522799999998,191.34464,0.0,
shared_super_noisy/large/s0,synthetic,Two-walk-Auto,matrix_free,1,score,0.021141111999895656,0.021142722000000003,191.34464,0.0,
shared_super_noisy/large/s0,synthetic,Two-walk-Auto,matrix_free,1,reorder,0.10876510799789685,0.060630450999999974,191.34464,0.0,
shared_super_noisy/large/s0,synthetic,Two-walk-Auto,matrix_free,1,score,0.04403750099663739,0.021944320000000017,191.34464,0.0,
shared_super_noisy/large/s0,synthetic,Two-walk-Auto,matrix_free,1,reorder,0.10489892999976291,0.0689533029999998,191.34464,0.0,
shared_super_noisy/large/s0,synthetic,Two-walk-Auto,matrix_free,1,score,0.03933621399846743,0.02193703899999999,191.34464,0.0,
shared_super_noisy/large/s0,synthetic,Two-walk-Auto,matrix_free,1,reorder,0.11554308400081936,0.059650537000000003,191.34464,0.0,
shared_super_noisy/large/s0,synthetic,Two-walk-Auto,matrix_free,1,score,0.03999083300004713,0.023743332000000006,191.34464,0.0,
shared_super_noisy/large/s0,synthetic,Two-walk-Auto,matrix_free,1,reorder,0.08862215000044671,0.07531621199999994,191.34464,0.0,
shared_super_noisy/large/s0,synthetic,Two-walk-Auto,matrix_free,1,score,0.048271651001414284,0.023399611000000098,191.34464,0.0,
shared_super_noisy/large/s0,synthetic,Two-walk-Auto,matrix_free,1,total,0.7935134049985209,0.5163228899999999,0.0,0.0,
shared_super_noisy/large/s1,synthetic,One-walk,dense,-1,load,0.01360844100054237,0.013594708999999927,187.420672,0.0,
shared_super_noisy/large/s1,synthetic,One-walk,dense,-1,reorder,0.08568962400022428,0.08565309899999995,204.652544,0.0,
shared_super_noisy/large/s1,synthetic,One-walk,dense,-1,total,0.08571000200026901,0.08567037100000019,0.0,0.0,
shared_super_noisy/large/s1,synthetic,One-walk,dense,0,load,0.026795879002747824,0.012805595000000114,188.74368,0.0,
shared_super_noisy/large/s1,synthetic,One-walk,dense,0,reorder,0.11567654499958735,0.0885881089999998,204.591104,0.0,
shared_super_noisy/large/s1,synthetic,One-walk,dense,0,total,0.11570163199939998,0.08860633400000006,0.0,0.0,
shared_super_noisy/large/s1,synthetic,One-walk,dense,1,load,0.01459155599877704,0.012737135000000066,189.218816,0.0,
shared_super_noisy/large/s1,synthetic,One-walk,dense,1,reorder,0.08508334499856574,0.08451567199999999,196.698112,0.0,
shared_super_noisy/large/s1,synthetic,One-walk,dense,1,total,0.08509761300229002,0.084527464,0.0,0.0,
shared_super_noisy/large/s1,synthetic,One-walk,matrix_free,-1,load,0.014736018001713092,0.014716547000000135,188.137472,0.0,
shared_super_noisy/large/s1,synthetic,One-walk,matrix_free,-1,reorder,0.06116704200030654,0.061118914999999996,191.09888,0.0,
shared_super_noisy/large/s1,synthetic,One-walk,matrix_free,-1,total,0.061188493000372546,0.06113516599999991,0.0,0.0,
shared_super_noisy/large/s1,synthetic,One-walk,matrix_free,0,load,0.009803005003050203,0.009844006000000016,187.260928,0.0,
shared_super_noisy/large/s1,synthetic,One-walk,matrix_free,0,reorder,0.04547905799699947,0.04672167199999999,190.988288,0.0,
shared_super_noisy/large/s1,synthetic,One-walk,matrix_free,0,total,0.04549611000038567,0.046734294999999926,0.0,0.0,
shared_super_noisy/large/s1,synthetic,One-walk,matrix_free,1,load,0.011771612000302412,0.011871645999999902,188.133376,0.0,
shared_super_noisy/large/s1,synthetic,One-walk,matrix_free,1,reorder,0.04348854100317112,0.043982560000000004,191.295488,0.0,
shared_super_noisy/large/s1,synthetic,One-walk,matrix_free,1,total,0.04349990099944989,0.04399199799999998,0.0,0.0,
shared_super_noisy/large/s1,synthetic,Two-walk,dense,-1,load,0.008956136000051629,0.008997224999999998,187.428864,0.0,
shared_super_noisy/large/s1,synthetic,Two-walk,dense,-1,reorder,0.07141842000055476,0.07176249700000004,206.118912,0.0,
shared_super_noisy/large/s1,synthetic,Two-walk,dense,-1,total,0.07143003099918133,0.071772045,0.0,0.0,
shared_super_noisy/large/s1,synthetic,Two-walk,dense,0,load,0.009293458999309223,0.009376963000000016,187.387904,0.0,
shared_super_noisy/large/s1,synthetic,Two-walk,dense,0,reorder,0.08410376600295422,0.08442516599999994,206.135296,0.0,
shared_super_noisy/large/s1,synthetic,Two-walk,dense,0,total,0.08411728200007929,0.08443494499999993,0.0,0.0,
shared_super_noisy/large/s1,synthetic,Two-walk,dense,1,load,0.013629058998049004,0.011710960000000048,187.674624,0.0,
shared_super_noisy/large/s1,synthetic,Two-walk,dense,1,reorder,0.0819800489989575,0.08248430500000004,206.057472,0.0,
shared_super_noisy/large/s1,synthetic,Two-walk,dense,1,total,0.08199735100060934,0.082495596,0.0,0.0,
shared_super_noisy/large/s1,synthetic,Two-walk,matrix_free,-1,load,0.008798219001619145,0.008828186000000016,187.14624,0.0,
shared_super_noisy/large/s1,synthetic,Two-walk,matrix_free,-1,reorder,0.04827261199898203,0.048886050999999986,190.877696,0.0,
shared_super_noisy/large/s1,synthetic,Two-walk,matrix_free,-1,total,0.048282812000252306,0.04889439699999998,0.0,0.0,
shared_super_noisy/large/s1,synthetic,Two-walk,matrix_free,0,load,0.010151530001166975,0.010274942000000009,187.260928,0.0,
shared_super_noisy/large/s1,synthetic,Two-walk,matrix_free,0,reorder,0.05328767900209641,0.053788787000000005,191.053824,0.0,
shared_super_noisy/large/s1,synthetic,Two-walk,matrix_free,0,total,0.05330013200000394,0.05379856500000002,0.0,0.0,
shared_super_noisy/large/s1,synthetic,Two-walk,matrix_free,1,load,0.009357828999782214,0.009391670000000074,187.67872,0.0,
shared_super_noisy/large/s1,synthetic,Two-walk,matrix_free,1,reorder,0.049397934999433346,0.050017599999999995,191.42656,0.0,
shared_super_noisy/large/s1,synthetic,Two-walk,matrix_free,1,total,0.04940612999780569,0.05002466399999994,0.0,0.0,
shared_super_noisy/large/s1,synthetic,Two-walk-Auto,dense,-1,load,0.010590713998681167,0.010803589000000002,190.263296,0.0,
shared_super_noisy/large/s1,synthetic,Two-walk-Auto,dense,-1,reorder,0.0817756249998638,0.08220934299999993,206.450688,0.0,
shared_super_noisy/large/s1,synthetic,Two-walk-Auto,dense,-1,score,0.01585113100009039,0.016086115999999873,202.58816,0.0,
shared_super_noisy/large/s1,synthetic,Two-walk-Auto,dense,-1,reorder,0.07812279700010549,0.07859012500000007,210.673664,0.0,
shared_super_noisy/large/s1,synthetic,Two-walk-Auto,dense,-1,score,0.01555060600003344,0.015845800000000132,202.719232,0.0,
shared_super_noisy/large/s1,synthetic,Two-walk-Auto,dense,-1,reorder,0.07980974400197738,0.08028876100000004,216.911872,0.0,
shared_super_noisy/large/s1,synthetic,Two-walk-Auto,dense,-1,score,0.015177235996816307,0.015300008999999948,216.911872,0.0,
shared_super_noisy/large/s1,synthetic,Two-walk-Auto,dense,-1,reorder,0.07405438800196862,0.07457886200000008,218.76736,0.0,
shared_super_noisy/large/s1,synthetic,Two-walk-Auto,dense,-1,score,0.015247156999976141,0.01543033100000013,210.808832,0.0,
shared_super_noisy/large/s1,synthetic,Two-walk-Auto,dense,-1,reorder,0.0787826359992323,0.079290144,225.161216,0.0,
shared_super_noisy/large/s1,synthetic,Two-walk-Auto,dense,-1,score,0.01540969100096845,0.015645789000000132,225.161216,0.0,
shared_super_noisy/large/s1,synthetic,Two-walk-Auto,dense,-1,reorder,0.07586565900055575,0.07627910300000007,226.85696,0.0,
shared_super_noisy/large/s1,synthetic,Two-walk-Auto,dense,-1,score,0.015021363000414567,0.015192373000000092,218.898432,0.0,
shared_super_noisy/large/s1,synthetic,Two-walk-Auto,dense,-1,total,0.5608317710029951,0.5648750439999999,0.0,0.0,
shared_super_noisy/large/s1,synthetic,Two-walk-Auto,dense,0,load,0.008867479002219625,0.008870877,187.379712,0.0,
shared_super_noisy/large/s1,synthetic,Two-walk-Auto,dense,0,reorder,0.07294212999840965,0.07322308100000008,206.045184,0.0,
shared_super_noisy/large/s1,synthetic,Two-walk-Auto,dense,0,score,0.013512009001715342,0.013647187000000005,202.182656,0.0,
shared_super_noisy/large/s1,synthetic,Two-walk-Auto,dense,0,reorder,0.07943813599922578,0.07997476499999989,210.272256,0.0,
shared_super_noisy/large/s1,synthetic,Two-walk-Auto,dense,0,score,0.015021313000033842,0.015231148999999888,202.313728,0.0,
shared_super_noisy/large/s1,synthetic,Two-walk-Auto,dense,0,reorder,0.07941553400087287,0.07983849100000007,216.510464,0.0,
shared_super_noisy/large/s1,synthetic,Two-walk-Auto,dense,0,score,0.015163489999395097,0.015328802999999835,216.510464,0.0,
shared_super_noisy/large/s1,synthetic,Two-walk-Auto,dense,0,reorder,0.07451796999885119,0.07486152999999995,218.365952,0.0,
shared_super_noisy/large/s1,synthetic,Two-walk-Auto,dense,0,score,0.015386548999231309,0.01560297300000002,210.407424,0.0,
shared_super_noisy/large/s1,synthetic,Two-walk-Auto,dense,0,reorder,0.08069720099956612,0.08116561999999994,224.763904,0.0,
shared_super_noisy/large/s1,synthetic,Two-walk-Auto,dense,0,score,0.01559597099912935,0.015793119000000022,224.763904,0.0,
shared_super_noisy/large/s1,synthetic,Two-walk-Auto,dense,0,reorder,0.07771787700039567,0.078089729,226.451456,0.0,
shared_super_noisy/large/s1,synthetic,Two-walk-Auto,dense,0,score,0.01553000800049631,0.015738165000000137,218.497024,0.0,
shared_super_noisy/large/s1,synthetic,Two-walk-Auto,dense,0,total,0.555100952002249,0.5586295160000001,0.0,0.0,
shared_super_noisy/large/s1,synthetic,Two-walk-Auto,dense,1,load,0.010506064998480724,0.010702009000000068,187.424768,0.0,
shared_super_noisy/large/s1,synthetic,Two-walk-Auto,dense,1,reorder,0.08268980199864018,0.08309668000000003,206.21312,0.0,
shared_super_noisy/large/s1,synthetic,Two-walk-Auto,dense,1,score,0.015479333000257611,0.015450348999999974,202.350592,0.0,
shared_super_noisy/large/s1,synthetic,Two-walk-Auto,dense,1,reorder,0.07814249399962137,0.07823444099999999,210.440192,0.0,
shared_super_noisy/large/s1,synthetic,Two-walk-Auto,dense,1,score,0.015231247998599429,0.015397198999999917,202.481664,0.0,
shared_super_noisy/large/s1,synthetic,Two-walk-Auto,dense,1,reorder,0.08700076500099385,0.08751536400000015,216.6784,0.0,
shared_super_noisy/large/s1,synthetic,Two-walk-Auto,dense,1,score,0.015087826999661047,0.015257167999999988,216.6784,0.0,
shared_super_noisy/large/s1,synthetic,Two-walk-Auto,dense,1,reorder,0.07578502700198442,0.07607340200000001,218.533888,0.0,
shared_super_noisy/large/s1,synthetic,Two-walk-Auto,dense,1,score,0.015341182999691227,0.015527171999999867,210.57536,0.0,
shared_super_noisy/large/s1,synthetic,Two-walk-Auto,dense,1,reorder,0.08106830699762213,0.08161688099999997,224.927744,0.0,
shared_super_noisy/large/s1,synthetic,Two-walk-Auto,dense,1,score,0.015198004999547265,0.015406036000000123,224.927744,0.0,
shared_super_noisy/large/s1,synthetic,Two-walk-Auto,dense,1,reorder,0.07993449900095584,0.08049321499999995,226.619392,0.0,
shared_super_noisy/large/s1,synthetic,Two-walk-Auto,dense,1,score,0.016798939999716822,0.017041934999999953,218.66496,0.0,
shared_super_noisy/large/s1,synthetic,Two-walk-Auto,dense,1,total,0.5779409339993435,0.5812633890000001,0.0,0.0,
shared_super_noisy/large/s1,synthetic,Two-walk-Auto,matrix_free,-1,load,0.009617396000976441,0.009643282999999947,187.490304,0.0,
shared_super_noisy/large/s1,synthetic,Two-walk-Auto,matrix_free,-1,reorder,0.056940335998660885,0.05745271299999999,191.586304,0.0,
shared_super_noisy/large/s1,synthetic,Two-walk-Auto,matrix_free,-1,score,0.015292832998966333,0.015159744000000086,191.766528,0.0,
shared_super_noisy/large/s1,synthetic,Two-walk-Auto,matrix_free,-1,reorder,0.05174704599994584,0.05178999400000006,191.766528,0.0,
shared_super_noisy/large/s1,synthetic,Two-walk-Auto,matrix_free,-1,score,0.01951529100188054,0.018562226999999987,191.766528,0.0,
shared_super_noisy/large/s1,synthetic,Two-walk-Auto,matrix_free,-1,reorder,0.0948494619988196,0.09477521899999997,191.766528,0.0,
shared_super_noisy/large/s1,synthetic,Two-walk-Auto,matrix_free,-1,score,0.015572537999105407,0.015850345999999904,191.766528,0.0,
shared_super_noisy/large/s1,synthetic,Two-walk-Auto,matrix_free,-1,reorder,0.10252684599981876,0.10343383000000017,191.766528,0.0,
shared_super_noisy/large/s1,synthetic,Two-walk-Auto,matrix_free,-1,score,0.020857741001236718,0.01961045799999983,191.766528,0.0,
shared_super_noisy/large/s1,synthetic,Two-walk-Auto,matrix_free,-1,reorder,0.08834495900009642,0.08958984499999989,191.766528,0.0,
shared_super_noisy/large/s1,synthetic,Two-walk-Auto,matrix_free,-1,score,0.015437834001204465,0.015688420000000036,191.766528,0.0,
shared_super_noisy/large/s1,synthetic,Two-walk-Auto,matrix_free,-1,reorder,0.13371413099957863,0.135033148,191.766528,0.0,
shared_super_noisy/large/s1,synthetic,Two-walk-Auto,matrix_free,-1,score,0.01345607400071458,0.013554514000000184,191.766528,0.0,
shared_super_noisy/large/s1,synthetic,Two-walk-Auto,matrix_free,-1,total,0.6284358490011073,0.6306499090000001,0.0,0.0,
shared_super_noisy/large/s1,synthetic,Two-walk-Auto,matrix_free,0,load,0.00867631899745902,0.008725476000000065,187.367424,0.0,
shared_super_noisy/large/s1,synthetic,Two-walk-Auto,matrix_free,0,reorder,0.04736065000179224,0.04800885599999993,191.041536,0.0,
shared_super_noisy/large/s1,synthetic,Two-walk-Auto,matrix_free,0,score,0.013778609998553293,0.013924344999999949,191.516672,0.0,
shared_super_noisy/large/s1,synthetic,Two-walk-Auto,matrix_free,0,reorder,0.03876135599784902,0.0392930279999999,191.516672,0.0,
shared_super_noisy/large/s1,synthetic,Two-walk-Auto,matrix_free,0,score,0.013452286999381613,0.013657228000000021,191.516672,0.0,
shared_super_noisy/large/s1,synthetic,Two-walk-Auto,matrix_free,0,reorder,0.07123068700093427,0.07158481400000016,191.516672,0.0,
shared_super_noisy/large/s1,synthetic,Two-walk-Auto,matrix_free,0,score,0.013406030000624014,0.013567949000000024,191.516672,0.0,
shared_super_noisy/large/s1,synthetic,Two-walk-Auto,matrix_free,0,reorder,0.09333662100107176,0.09421849800000004,191.516672,0.0,
shared_super_noisy/large/s1,synthetic,Two-walk-Auto,matrix_free,0,score,0.013794609996693907,0.013937536999999889,191.516672,0.0,
shared_super_noisy/large/s1,synthetic,Two-walk-Auto,matrix_free,0,reorder,0.07279308099896298,0.07388894599999984,191.516672,0.0,
shared_super_noisy/large/s1,synthetic,Two-walk-Auto,matrix_free,0,score,0.014512137000565417,0.014676714000000146,191.516672,0.0,
shared_super_noisy/large/s1,synthetic,Two-walk-Auto,matrix_free,0,reorder,0.12731468600031803,0.12850383200000004,191.516672,0.0,
shared_super_noisy/large/s1,synthetic,Two-walk-Auto,matrix_free,0,score,0.013920325000071898,0.014089323999999959,191.516672,0.0,
shared_super_noisy/large/s1,synthetic,Two-walk-Auto,matrix_free,0,total,0.533757428998797,0.5394355380000001,0.0,0.0,
shared_super_noisy/large/s1,synthetic,Two-walk-Auto,matrix_free,1,load,0.008663506003358634,0.008714584000000025,187.45344,0.0,
shared_super_noisy/large/s1,synthetic,Two-walk-Auto,matrix_free,1,reorder,0.048127920999831986,0.04878201800000004,191.13984,0.0,
shared_super_noisy/large/s1,synthetic,Two-walk-Auto,matrix_free,1,score,0.013284701999509707,0.013411836000000066,191.614976,0.0,
shared_super_noisy/large/s1,synthetic,Two-walk-Auto,matrix_free,1,reorder,0.03839653999966686,0.0388547669999999,191.614976,0.0,
shared_super_noisy/large/s1,synthetic,Two-walk-Auto,matrix_free,1,score,0.01320513300015591,0.013374326999999964,191.614976,0.0,
shared_super_noisy/large/s1,synthetic,Two-walk-Auto,matrix_free,1,reorder,0.06932743300058064,0.07040950600000007,191.614976,0.0,
shared_super_noisy/large/s1,synthetic,Two-walk-Auto,matrix_free,1,score,0.013434713997412473,0.013587104999999933,191.614976,0.0,
shared_super_noisy/large/s1,synthetic,Two-walk-Auto,matrix_free,1,reorder,0.09094826699947589,0.09210063300000004,191.614976,0.0,
shared_super_noisy/large/s1,synthetic,Two-walk-Auto,matrix_free,1,score,0.014381721997779096,0.01457884900000006,191.614976,0.0,
shared_super_noisy/large/s1,synthetic,Two-walk-Auto,matrix_free,1,reorder,0.07312507400274626,0.07376946699999998,191.614976,0.0,
shared_super_noisy/large/s1,synthetic,Two-walk-Auto,matrix_free,1,score,0.013129590999596985,0.013307502000000193,191.614976,0.0,
shared_super_noisy/large/s1,synthetic,Two-walk-Auto,matrix_free,1,reorder,0.12759607400221284,0.12927546599999995,191.614976,0.0,
shared_super_noisy/large/s1,synthetic,Two-walk-Auto,matrix_free,1,score,0.013509123000403633,0.013612619000000103,191.614976,0.0,
shared_super_noisy/large/s1,synthetic,Two-walk-Auto,matrix_free,1,total,0.5285502719998476,0.535138282,0.0,0.0,
cross_block_leakage/small/s0,synthetic,One-walk,dense,-1,load,0.0027685579989338294,0.002767944999999994,0.0,0.0,
cross_block_leakage/small/s0,synthetic,One-walk,dense,-1,reorder,0.003907616999640595,0.003975724000000014,187.846656,0.0,
cross_block_leakage/small/s0,synthetic,One-walk,dense,-1,total,0.003916033001587493,0.003982967000000004,0.0,0.0,
cross_block_leakage/small/s0,synthetic,One-walk,dense,0,load,0.0025560689973644912,0.0025564599999999826,0.0,0.0,
cross_block_leakage/small/s0,synthetic,One-walk,dense,0,reorder,0.0035479210018820595,0.0036230229999999475,0.0,0.0,
cross_block_leakage/small/s0,synthetic,One-walk,dense,0,total,0.0035548749983718153,0.003629084999999921,0.0,0.0,
cross_block_leakage/small/s0,synthetic,One-walk,dense,1,load,0.0026894600014202297,0.002688557000000036,0.0,0.0,
cross_block_leakage/small/s0,synthetic,One-walk,dense,1,reorder,0.0036692089997814037,0.00378408600000002,0.0,0.0,
cross_block_leakage/small/s0,synthetic,One-walk,dense,1,total,0.003676853000797564,0.0037907689999999716,0.0,0.0,
cross_block_leakage/small/s0,synthetic,One-walk,matrix_free,-1,load,0.002899544000683818,0.0028989299999999663,0.0,0.0,
cross_block_leakage/small/s0,synthetic,One-walk,matrix_free,-1,reorder,0.00791280700286734,0.00833446800000004,188.084224,0.0,
cross_block_leakage/small/s0,synthetic,One-walk,matrix_free,-1,total,0.007921071999589913,0.00834175199999998,0.0,0.0,
cross_block_leakage/small/s0,synthetic,One-walk,matrix_free,0,load,0.0027601330002653413,0.0027604609999999363,0.0,0.0,
cross_block_leakage/small/s0,synthetic,One-walk,matrix_free,0,reorder,0.00826335400051903,0.008475468999999958,187.76064,0.0,
cross_block_leakage/small/s0,synthetic,One-walk,matrix_free,0,total,0.008271819999208674,0.008482953000000015,0.0,0.0,
cross_block_leakage/small/s0,synthetic,One-walk,matrix_free,1,load,0.0025116960023296997,0.0025110550000000398,0.0,0.0,
cross_block_leakage/small/s0,synthetic,One-walk,matrix_free,1,reorder,0.007677974997932324,0.008017870999999954,187.490304,0.0,
cross_block_leakage/small/s0,synthetic,One-walk,matrix_free,1,total,0.0076860010012751445,0.008024633999999975,0.0,0.0,
cross_block_leakage/small/s0,synthetic,Two-walk,dense,-1,load,0.002465669000230264,0.0024659810000000615,0.0,0.0,
cross_block_leakage/small/s0,synthetic,Two-walk,dense,-1,reorder,0.0037318169997888617,0.00379057599999999,0.0,0.0,
cross_block_leakage/small/s0,synthetic,Two-walk,dense,-1,total,0.00373962199955713,0.0037973499999999216,0.0,0.0,
cross_block_leakage/small/s0,synthetic,Two-walk,dense,0,load,0.0025409110021428205,0.002541461999999939,0.0,0.0,
cross_block_leakage/small/s0,synthetic,Two-walk,dense,0,reorder,0.0037193540010775905,0.003790634000000015,0.0,0.0,
cross_block_leakage/small/s0,synthetic,Two-walk,dense,0,total,0.0037278890013112687,0.003798387999999986,0.0,0.0,
cross_block_leakage/small/s0,synthetic,Two-walk,dense,1,load,0.0025064760011446197,0.002506887999999985,0.0,0.0,
cross_block_leakage/small/s0,synthetic,Two-walk,dense,1,reorder,0.003799714999331627,0.0038744659999999653,0.0,0.0,
cross_block_leakage/small/s0,synthetic,Two-walk,dense,1,total,0.003807639001024654,0.003881318999999994,0.0,0.0,
cross_block_leakage/small/s0,synthetic,Two-walk,matrix_free,-1,load,0.002507979002984939,0.0025083599999999873,0.0,0.0,
cross_block_leakage/small/s0,synthetic,Two-walk,matrix_free,-1,reorder,0.00756480299969553,0.007310306999999905,187.666432,0.0,
cross_block_leakage/small/s0,synthetic,Two-walk,matrix_free,-1,total,0.007572077000077115,0.0073165889999999845,0.0,0.0,
cross_block_leakage/small/s0,synthetic,Two-walk,matrix_free,0,load,0.002741156000411138,0.002741826999999919,0.0,0.0,
cross_block_leakage/small/s0,synthetic,Two-walk,matrix_free,0,reorder,0.007257216002471978,0.007410198999999951,187.51488,0.0,
cross_block_leakage/small/s0,synthetic,Two-walk,matrix_free,0,total,0.007264839001436485,0.007416861000000052,0.0,0.0,
cross_block_leakage/small/s0,synthetic,Two-walk,matrix_free,1,load,0.0024864679980964866,0.0024868500000000404,0.0,0.0,
cross_block_leakage/small/s0,synthetic,Two-walk,matrix_free,1,reorder,0.006556349999300437,0.0065905620000000775,187.731968,0.0,
cross_block_leakage/small/s0,synthetic,Two-walk,matrix_free,1,total,0.006564213999808999,0.006597454000000003,0.0,0.0,
cross_block_leakage/small/s0,synthetic,Two-walk-Auto,dense,-1,load,0.00256126899694209,0.0025616189999999595,0.0,0.0,
cross_block_leakage/small/s0,synthetic,Two-walk-Auto,dense,-1,reorder,0.0038609990006079897,0.003941039999999951,0.0,0.0,
cross_block_leakage/small/s0,synthetic,Two-walk-Auto,dense,-1,score,0.0031889670026430395,0.0031988200000000466,188.813312,0.0,
cross_block_leakage/small/s0,synthetic,Two-walk-Auto,dense,-1,reorder,0.002994602000399027,0.003034713999999994,0.0,0.0,
cross_block_leakage/small/s0,synthetic,Two-walk-Auto,dense,-1,score,0.003236535998439649,0.0033584000000000946,190.046208,0.0,
cross_block_leakage/small/s0,synthetic,Two-walk-Auto,dense,-1,reorder,0.0030314920004457235,0.003069970999999949,0.0,0.0,
cross_block_leakage/small/s0,synthetic,Two-walk-Auto,dense,-1,score,0.0031943070025590714,0.003239455000000002,190.304256,0.0,
cross_block_leakage/small/s0,synthetic,Two-walk-Auto,dense,-1,reorder,0.0029586349992314354,0.0030092889999999706,0.0,0.0,
cross_block_leakage/small/s0,synthetic,Two-walk-Auto,dense,-1,score,0.003264399001636775,0.003343409000000075,190.562304,0.0,
cross_block_leakage/small/s0,synthetic,Two-walk-Auto,dense,-1,reorder,0.0029565010008809622,0.0029974669999999204,0.0,0.0,
cross_block_leakage/small/s0,synthetic,Two-walk-Auto,dense,-1,score,0.0032097959992825054,0.003277036999999927,190.824448,0.0,
cross_block_leakage/small/s0,synthetic,Two-walk-Auto,dense,-1,reorder,0.0028729940022458322,0.0029094590000000586,0.0,0.0,
cross_block_leakage/small/s0,synthetic,Two-walk-Auto,dense,-1,score,0.0032169600017368793,0.00328414999999993,191.082496,0.0,
cross_block_leakage/small/s0,synthetic,Two-walk-Auto,dense,-1,total,0.03804587199920206,0.03871922400000005,0.0,0.0,
cross_block_leakage/small/s0,synthetic,Two-walk-Auto,dense,0,load,0.0026291559988749214,0.002630166999999961,0.0,0.0,
cross_block_leakage/small/s0,synthetic,Two-walk-Auto,dense,0,reorder,0.003840329998638481,0.0039252379999999976,0.0,0.0,
cross_block_leakage/small/s0,synthetic,Two-walk-Auto,dense,0,score,0.003297661001852248,0.003320718999999972,189.99296,0.0,
cross_block_leakage/small/s0,synthetic,Two-walk-Auto,dense,0,reorder,0.0030006540000613313,0.003054420000000002,0.0,0.0,
cross_block_leakage/small/s0,synthetic,Two-walk-Auto,dense,0,score,0.003206149998732144,0.0032654039999999718,190.070784,0.0,
cross_block_leakage/small/s0,synthetic,Two-walk-Auto,dense,0,reorder,0.002956289998110151,0.003000810000000076,0.0,0.0,
cross_block_leakage/small/s0,synthetic,Two-walk-Auto,dense,0,score,0.00326975000280072,0.003329844999999998,190.332928,0.0,
cross_block_leakage/small/s0,synthetic,Two-walk-Auto,dense,0,reorder,0.0028953760011063423,0.002937462000000002,0.0,0.0,
cross_block_leakage/small/s0,synthetic,Two-walk-Auto,dense,0,score,0.0032470760015712585,0.0033154459999999997,190.590976,0.0,
cross_block_leakage/small/s0,synthetic,Two-walk-Auto,dense,0,reorder,0.0029236190021038055,0.0029644130000000546,0.0,0.0,
cross_block_leakage/small/s0,synthetic,Two-walk-Auto,dense,0,score,0.0032478690009156708,0.003341164000000063,190.849024,0.0,
cross_block_leakage/small/s0,synthetic,Two-walk-Auto,dense,0,reorder,0.0029221459990367293,0.0029612460000000285,0.0,0.0,
cross_block_leakage/small/s0,synthetic,Two-walk-Auto,dense,0,score,0.003203063999535516,0.0032442859999999296,191.111168,0.0,
cross_block_leakage/small/s0,synthetic,Two-walk-Auto,dense,0,total,0.03806986700146808,0.038716419999999974,0.0,0.0,
cross_block_leakage/small/s0,synthetic,Two-walk-Auto,dense,1,load,0.002472070998919662,0.002472472999999975,0.0,0.0,
cross_block_leakage/small/s0,synthetic,Two-walk-Auto,dense,1,reorder,0.0037870800006203353,0.0038610099999999425,0.0,0.0,
cross_block_leakage/small/s0,synthetic,Two-walk-Auto,dense,1,score,0.0032509640004718676,0.0033425089999999935,190.005248,0.0,
cross_block_leakage/small/s0,synthetic,Two-walk-Auto,dense,1,reorder,0.0029705570013902616,0.0029711649999999423,0.0,0.0,
cross_block_leakage/small/s0,synthetic,Two-walk-Auto,dense,1,score,0.0032227410010818858,0.003303065000000105,190.083072,0.0,
cross_block_leakage/small/s0,synthetic,Two-walk-Auto,dense,1,reorder,0.003108917000645306,0.0031336189999999764,0.0,0.0,
cross_block_leakage/small/s0,synthetic,Two-walk-Auto,dense,1,score,0.0032308459994965233,0.003348801999999984,190.345216,0.0,
cross_block_leakage/small/s0,synthetic,Two-walk-Auto,dense,1,reorder,0.0029549770006269682,0.0029554860000000627,0.0,0.0,
cross_block_leakage/small/s0,synthetic,Two-walk-Auto,dense,1,score,0.003209496000636136,0.0032908640000000045,190.603264,0.0,
cross_block_leakage/small/s0,synthetic,Two-walk-Auto,dense,1,reorder,0.0029209639978944324,0.0029215019999999647,0.0,0.0,
cross_block_leakage/small/s0,synthetic,Two-walk-Auto,dense,1,score,0.0031499949982389808,0.0031859269999999773,190.861312,0.0,
cross_block_leakage/small/s0,synthetic,Two-walk-Auto,dense,1,reorder,0.0028911779991176445,0.002946479000000002,0.0,0.0,
cross_block_leakage/small/s0,synthetic,Two-walk-Auto,dense,1,score,0.003178998998919269,0.0032095899999999844,191.11936,0.0,
cross_block_leakage/small/s0,synthetic,Two-walk-Auto,dense,1,total,0.03793967200181214,0.03852818700000005,0.0,0.0,
cross_block_leakage/small/s0,synthetic,Two-walk-Auto,matrix_free,-1,load,0.002476800000295043,0.0024770909999999313,0.0,0.0,
cross_block_leakage/small/s0,synthetic,Two-walk-Auto,matrix_free,-1,reorder,0.006670404000033159,0.006738289999999925,187.674624,0.0,
cross_block_leakage/small/s0,synthetic,Two-walk-Auto,matrix_free,-1,score,0.003294264999567531,0.003471513000000037,188.14976,0.0,
cross_block_leakage/small/s0,synthetic,Two-walk-Auto,matrix_free,-1,reorder,0.006305177998001454,0.006365496000000026,188.153856,0.0,
cross_block_leakage/small/s0,synthetic,Two-walk-Auto,matrix_free,-1,score,0.0032470360019942746,0.0032816949999999734,0.0,0.0,
cross_block_leakage/small/s0,synthetic,Two-walk-Auto,matrix_free,-1,reorder,0.006644355002208613,0.006729352000000022,188.153856,0.0,
cross_block_leakage/small/s0,synthetic,Two-walk-Auto,matrix_free,-1,score,0.0031633789985789917,0.003163485000000077,0.0,0.0,
cross_block_leakage/small/s0,synthetic,Two-walk-Auto,matrix_free,-1,reorder,0.006890046002808958,0.0071328390000000574,188.153856,0.0,
cross_block_leakage/small/s0,synthetic,Two-walk-Auto,matrix_free,-1,score,0.0031928950011206325,0.0031929600000000224,0.0,0.0,
cross_block_leakage/small/s0,synthetic,Two-walk-Auto,matrix_free,-1,reorder,0.007361440999375191,0.007492035999999924,188.153856,0.0,
cross_block_leakage/small/s0,synthetic,Two-walk-Auto,matrix_free,-1,score,0.0032110089996422175,0.0032032189999999794,0.0,0.0,
cross_block_leakage/small/s0,synthetic,Two-walk-Auto,matrix_free,-1,reorder,0.008060223000939004,0.008253824000000076,188.153856,0.0,
cross_block_leakage/small/s0,synthetic,Two-walk-Auto,matrix_free,-1,score,0.00311547899764264,0.003115585999999948,0.0,0.0,
cross_block_leakage/small/s0,synthetic,Two-walk-Auto,matrix_free,-1,total,0.06121797699961462,0.062197720999999984,0.0,0.0,
cross_block_leakage/small/s0,synthetic,Two-walk-Auto,matrix_free,0,load,0.002493390999006806,0.0024931409999999765,0.0,0.0,
cross_block_leakage/small/s0,synthetic,Two-walk-Auto,matrix_free,0,reorder,0.0065879390022018924,0.006643002000000009,187.785216,0.0,
cross_block_leakage/small/s0,synthetic,Two-walk-Auto,matrix_free,0,score,0.00328192099914304,0.003408954000000075,188.280832,0.0,
cross_block_leakage/small/s0,synthetic,Two-walk-Auto,matrix_free,0,reorder,0.00645872599852737,0.006561917999999944,188.280832,0.0,
cross_block_leakage/small/s0,synthetic,Two-walk-Auto,matrix_free,0,score,0.003235814998333808,0.003310688999999978,188.280832,0.0,
cross_block_leakage/small/s0,synthetic,Two-walk-Auto,matrix_free,0,reorder,0.006742248999216827,0.006792771999999947,188.280832,0.0,
cross_block_leakage/small/s0,synthetic,Two-walk-Auto,matrix_free,0,score,0.0031501840021519456,0.0031690939999999834,0.0,0.0,
cross_block_leakage/small/s0,synthetic,Two-walk-Auto,matrix_free,0,reorder,0.0068055869996896945,0.007006489000000005,188.280832,0.0,
cross_block_leakage/small/s0,synthetic,Two-walk-Auto,matrix_free,0,score,0.0032103679986903444,0.0032049419999999884,0.0,0.0,
cross_block_leakage/small/s0,synthetic,Two-walk-Auto,matrix_free,0,reorder,0.007727268002781784,0.00784071899999994,188.280832,0.0,
cross_block_leakage/small/s0,synthetic,Two-walk-Auto,matrix_free,0,score,0.003153150999423815,0.0031531960000000803,0.0,0.0,
cross_block_leakage/small/s0,synthetic,Two-walk-Auto,matrix_free,0,reorder,0.00867580900012399,0.008808791000000094,188.280832,0.0,
cross_block_leakage/small/s0,synthetic,Two-walk-Auto,matrix_free,0,score,0.003161003998684464,0.003197910000000026,188.280832,0.0,
cross_block_leakage/small/s0,synthetic,Two-walk-Auto,matrix_free,0,total,0.062254223001218634,0.06315815699999994,0.0,0.0,
cross_block_leakage/small/s0,synthetic,Two-walk-Auto,matrix_free,1,load,0.002511806000256911,0.0025121170000000914,0.0,0.0,
cross_block_leakage/small/s0,synthetic,Two-walk-Auto,matrix_free,1,reorder,0.006545939999341499,0.006662677000000006,187.731968,0.0,
cross_block_leakage/small/s0,synthetic,Two-walk-Auto,matrix_free,1,score,0.0033190719987032935,0.003453558999999995,188.207104,0.0,
cross_block_leakage/small/s0,synthetic,Two-walk-Auto,matrix_free,1,reorder,0.00628293699992355,0.006374207000000021,188.207104,0.0,
cross_block_leakage/small/s0,synthetic,Two-walk-Auto,matrix_free,1,score,0.0031993770026019774,0.0032332720000000092,188.207104,0.0,
cross_block_leakage/small/s0,synthetic,Two-walk-Auto,matrix_free,1,reorder,0.00661389800006873,0.006810997999999957,188.207104,0.0,
cross_block_leakage/small/s0,synthetic,Two-walk-Auto,matrix_free,1,score,0.003192604999640025,0.0031927489999999947,0.0,0.0,
cross_block_leakage/small/s0,synthetic,Two-walk-Auto,matrix_free,1,reorder,0.006807219997426728,0.007124753000000039,188.207104,0.0,
cross_block_leakage/small/s0,synthetic,Two-walk-Auto,matrix_free,1,score,0.003190851002727868,0.003191036000000036,0.0,0.0,
cross_block_leakage/small/s0,synthetic,Two-walk-Auto,matrix_free,1,reorder,0.007317047999094939,0.007426332999999952,188.207104,0.0,
cross_block_leakage/small/s0,synthetic,Two-walk-Auto,matrix_free,1,score,0.0031493829992541578,0.0031494990000000556,0.0,0.0,
cross_block_leakage/small/s0,synthetic,Two-walk-Auto,matrix_free,1,reorder,0.008108343001367757,0.00824982299999999,188.207104,0.0,
cross_block_leakage/small/s0,synthetic,Two-walk-Auto,matrix_free,1,score,0.00321838200034108,0.00321846800000003,0.0,0.0,
cross_block_leakage/small/s0,synthetic,Two-walk-Auto,matrix_free,1,total,0.06100680100280442,0.06214452200000009,0.0,0.0,
cross_block_leakage/small/s1,synthetic,One-walk,dense,-1,load,0.002466971996909706,0.0024673130000000265,0.0,0.0,
cross_block_leakage/small/s1,synthetic,One-walk,dense,-1,reorder,0.0036578569997800514,0.003732270000000093,0.0,0.0,
cross_block_leakage/small/s1,synthetic,One-walk,dense,-1,total,0.00366524199853302,0.003738701999999927,0.0,0.0,
cross_block_leakage/small/s1,synthetic,One-walk,dense,0,load,0.002766593999695033,0.0027666829999999365,0.0,0.0,
cross_block_leakage/small/s1,synthetic,One-walk,dense,0,reorder,0.005427510001027258,0.005494133999999984,188.317696,0.0,
cross_block_leakage/small/s1,synthetic,One-walk,dense,0,total,0.005437509000330465,0.005503110000000033,0.0,0.0,
cross_block_leakage/small/s1,synthetic,One-walk,dense,1,load,0.002471239997248631,0.00247166199999993,0.0,0.0,
cross_block_leakage/small/s1,synthetic,One-walk,dense,1,reorder,0.003536730000632815,0.003595180000000031,0.0,0.0,
cross_block_leakage/small/s1,synthetic,One-walk,dense,1,total,0.003544584000337636,0.003601823000000004,0.0,0.0,
cross_block_leakage/small/s1,synthetic,One-walk,matrix_free,-1,load,0.0024813989984977525,0.002481791000000011,0.0,0.0,
cross_block_leakage/small/s1,synthetic,One-walk,matrix_free,-1,reorder,0.005150569999386789,0.005524526999999946,187.404288,0.0,
cross_block_leakage/small/s1,synthetic,One-walk,matrix_free,-1,total,0.005158043997653294,0.00553104900000001,0.0,0.0,
cross_block_leakage/small/s1,synthetic,One-walk,matrix_free,0,load,0.002444850997562753,0.002445221999999969,0.0,0.0,
cross_block_leakage/small/s1,synthetic,One-walk,matrix_free,0,reorder,0.005040693999035284,0.005305196000000012,187.559936,0.0,
cross_block_leakage/small/s1,synthetic,One-walk,matrix_free,0,total,0.005048459002864547,0.0053119379999999605,0.0,0.0,
cross_block_leakage/small/s1,synthetic,One-walk,matrix_free,1,load,0.0024997430009534582,0.002500164999999943,0.0,0.0,
cross_block_leakage/small/s1,synthetic,One-walk,matrix_free,1,reorder,0.005168665000383044,0.005740923000000064,187.82208,0.0,
cross_block_leakage/small/s1,synthetic,One-walk,matrix_free,1,total,0.005176208000193583,0.005747445999999989,0.0,0.0,
cross_block_leakage/small/s1,synthetic,Two-walk,dense,-1,load,0.002519158999348292,0.0025197219999999465,0.0,0.0,
cross_block_leakage/small/s1,synthetic,Two-walk,dense,-1,reorder,0.003786719000345329,0.003859747999999996,0.0,0.0,
cross_block_leakage/small/s1,synthetic,Two-walk,dense,-1,total,0.003794574000494322,0.003866590000000003,0.0,0.0,
cross_block_leakage/small/s1,synthetic,Two-walk,dense,0,load,0.0025058749997697305,0.002506456999999962,0.0,0.0,
cross_block_leakage/small/s1,synthetic,Two-walk,dense,0,reorder,0.003778583999519469,0.0038516100000000053,0.0,0.0,
cross_block_leakage/small/s1,synthetic,Two-walk,dense,0,total,0.0037858579999010544,0.0038579120000000744,0.0,0.0,
cross_block_leakage/small/s1,synthetic,Two-walk,dense,1,load,0.0024808880007185508,0.0024813799999999775,0.0,0.0,
cross_block_leakage/small/s1,synthetic,Two-walk,dense,1,reorder,0.003762874999665655,0.0038424429999999177,0.0,0.0,
cross_block_leakage/small/s1,synthetic,Two-walk,dense,1,total,0.0037703889975091442,0.0038491449999999983,0.0,0.0,
cross_block_leakage/small/s1,synthetic,Two-walk,matrix_free,-1,load,0.0024654689987073652,0.0024658800000000314,0.0,0.0,
cross_block_leakage/small/s1,synthetic,Two-walk,matrix_free,-1,reorder,0.005239227000856772,0.005326740999999968,187.363328,0.0,
cross_block_leakage/small/s1,synthetic,Two-walk,matrix_free,-1,total,0.005246780998277245,0.00533335299999993,0.0,0.0,
cross_block_leakage/small/s1,synthetic,Two-walk,matrix_free,0,load,0.0024754569967626594,0.0024758489999999744,0.0,0.0,
cross_block_leakage/small/s1,synthetic,Two-walk,matrix_free,0,reorder,0.0052259820004110225,0.005284779000000017,187.756544,0.0,
cross_block_leakage/small/s1,synthetic,Two-walk,matrix_free,0,total,0.0052328050005598925,0.005290710000000032,0.0,0.0,
cross_block_leakage/small/s1,synthetic,Two-walk,matrix_free,1,load,0.002495285003533354,0.0024879110000000093,0.0,0.0,
cross_block_leakage/small/s1,synthetic,Two-walk,matrix_free,1,reorder,0.005280424000375206,0.005308116000000029,187.695104,0.0,
cross_block_leakage/small/s1,synthetic,Two-walk,matrix_free,1,total,0.00528818900056649,0.005314918000000057,0.0,0.0,
cross_block_leakage/small/s1,synthetic,Two-walk-Auto,dense,-1,load,0.0026764149988594,0.002675333000000002,0.0,0.0,
cross_block_leakage/small/s1,synthetic,Two-walk-Auto,dense,-1,reorder,0.0040830770012689754,0.004130652999999929,188.153856,0.0,
cross_block_leakage/small/s1,synthetic,Two-walk-Auto,dense,-1,score,0.0034427229984430596,0.0035385270000000135,0.0,0.0,
cross_block_leakage/small/s1,synthetic,Two-walk-Auto,dense,-1,reorder,0.003243580002163071,0.003250307999999924,189.980672,0.0,
cross_block_leakage/small/s1,synthetic,Two-walk-Auto,dense,-1,score,0.0034957329989993013,0.00360005699999999,190.058496,0.0,
cross_block_leakage/small/s1,synthetic,Two-walk-Auto,dense,-1,reorder,0.0031179449979390483,0.003118511000000046,0.0,0.0,
cross_block_leakage/small/s1,synthetic,Two-walk-Auto,dense,-1,score,0.0034047519984596875,0.0035117659999999162,190.308352,0.0,
cross_block_leakage/small/s1,synthetic,Two-walk-Auto,dense,-1,reorder,0.002817600001435494,0.002818099000000074,0.0,0.0,
cross_block_leakage/small/s1,synthetic,Two-walk-Auto,dense,-1,score,0.0031455050011572894,0.0031994430000000795,190.562304,0.0,
cross_block_leakage/small/s1,synthetic,Two-walk-Auto,dense,-1,reorder,0.0029068479998386465,0.0029074260000000463,0.0,0.0,
cross_block_leakage/small/s1,synthetic,Two-walk-Auto,dense,-1,score,0.003188755999872228,0.0032838729999999927,190.81216,0.0,
cross_block_leakage/small/s1,synthetic,Two-walk-Auto,dense,-1,reorder,0.002858326999557903,0.0028588449999999987,0.0,0.0,
cross_block_leakage/small/s1,synthetic,Two-walk-Auto,dense,-1,score,0.003146216997265583,0.003201916999999943,191.062016,0.0,
cross_block_leakage/small/s1,synthetic,Two-walk-Auto,dense,-1,total,0.03892105499835452,0.03948430700000005,0.0,0.0,
cross_block_leakage/small/s1,synthetic,Two-walk-Auto,dense,0,load,0.0024395710024691653,0.002439992000000002,0.0,0.0,
cross_block_leakage/small/s1,synthetic,Two-walk-Auto,dense,0,reorder,0.0037645390002580825,0.0038390449999999854,0.0,0.0,
cross_block_leakage/small/s1,synthetic,Two-walk-Auto,dense,0,score,0.003189828999893507,0.0032267939999999218,189.89056,0.0,
cross_block_leakage/small/s1,synthetic,Two-walk-Auto,dense,0,reorder,0.0030868959984218236,0.0031500629999999807,189.968384,0.0,
cross_block_leakage/small/s1,synthetic,Two-walk-Auto,dense,0,score,0.0031769739980518352,0.003170688999999949,0.0,0.0,
cross_block_leakage/small/s1,synthetic,Two-walk-Auto,dense,0,reorder,0.0029659089996130206,0.0030221110000000495,0.0,0.0,
cross_block_leakage/small/s1,synthetic,Two-walk-Auto,dense,0,score,0.0031966319984348956,0.0032881780000000305,190.21824,0.0,
cross_block_leakage/small/s1,synthetic,Two-walk-Auto,dense,0,reorder,0.0030144500015012454,0.0030839580000000533,0.0,0.0,
cross_block_leakage/small/s1,synthetic,Two-walk-Auto,dense,0,score,0.005903042998397723,0.006055181000000021,190.472192,0.0,
cross_block_leakage/small/s1,synthetic,Two-walk-Auto,dense,0,reorder,0.0034365819992672186,0.003466372999999967,190.722048,0.0,
cross_block_leakage/small/s1,synthetic,Two-walk-Auto,dense,0,score,0.0034165340002800804,0.0034167389999999465,0.0,0.0,
cross_block_leakage/small/s1,synthetic,Two-walk-Auto,dense,0,reorder,0.0033055759995477274,0.0033517770000000002,0.0,0.0,
cross_block_leakage/small/s1,synthetic,Two-walk-Auto,dense,0,score,0.0034404299985908438,0.003451835000000014,190.971904,0.0,
cross_block_leakage/small/s1,synthetic,Two-walk-Auto,dense,0,total,0.041967624998505926,0.042587822,0.0,0.0,
cross_block_leakage/small/s1,synthetic,Two-walk-Auto,dense,1,load,0.0024474549973092508,0.0024478270000000135,0.0,0.0,
cross_block_leakage/small/s1,synthetic,Two-walk-Auto,dense,1,reorder,0.00393518800046877,0.003990734000000051,0.0,0.0,
cross_block_leakage/small/s1,synthetic,Two-walk-Auto,dense,1,score,0.0033165070017275866,0.0033921420000000424,189.919232,0.0,
cross_block_leakage/small/s1,synthetic,Two-walk-Auto,dense,1,reorder,0.0029702669999096543,0.0030181329999999784,0.0,0.0,
cross_block_leakage/small/s1,synthetic,Two-walk-Auto,dense,1,score,0.003289505999418907,0.003386953000000026,189.997056,0.0,
cross_block_leakage/small/s1,synthetic,Two-walk-Auto,dense,1,reorder,0.0029327669981285,0.0029856249999999918,0.0,0.0,
cross_block_leakage/small/s1,synthetic,Two-walk-Auto,dense,1,score,0.003212282001186395,0.0032677479999999592,190.246912,0.0,
cross_block_leakage/small/s1,synthetic,Two-walk-Auto,dense,1,reorder,0.002960858997539617,0.0030026930000000007,0.0,0.0,
cross_block_leakage/small/s1,synthetic,Two-walk-Auto,dense,1,score,0.0032147059973794967,0.0032661469999999415,190.500864,0.0,
cross_block_leakage/small/s1,synthetic,Two-walk-Auto,dense,1,reorder,0.00296078899918939,0.0030051589999999795,0.0,0.0,
cross_block_leakage/small/s1,synthetic,Two-walk-Auto,dense,1,score,0.003225055999791948,0.003302018000000073,190.75072,0.0,
cross_block_leakage/small/s1,synthetic,Two-walk-Auto,dense,1,reorder,0.002919450998888351,0.0029637410000000752,0.0,0.0,
cross_block_leakage/small/s1,synthetic,Two-walk-Auto,dense,1,score,0.0032572560012340546,0.0034140129999999935,191.000576,0.0,
cross_block_leakage/small/s1,synthetic,Two-walk-Auto,dense,1,total,0.038256796997302445,0.039052711999999934,0.0,0.0,
cross_block_leakage/small/s1,synthetic,Two-walk-Auto,matrix_free,-1,load,0.0024809889982861932,0.0024813289999999766,0.0,0.0,
cross_block_leakage/small/s1,synthetic,Two-walk-Auto,matrix_free,-1,reorder,0.005273101000057068,0.005311932000000019,187.568128,0.0,
cross_block_leakage/small/s1,synthetic,Two-walk-Auto,matrix_free,-1,score,0.003356651999638416,0.0034952470000000346,188.063744,0.0,
cross_block_leakage/small/s1,synthetic,Two-walk-Auto,matrix_free,-1,reorder,0.005544068997551221,0.005918719000000072,188.063744,0.0,
cross_block_leakage/small/s1,synthetic,Two-walk-Auto,matrix_free,-1,score,0.0032627059990772977,0.0032628609999999503,0.0,0.0,
cross_block_leakage/small/s1,synthetic,Two-walk-Auto,matrix_free,-1,reorder,0.005704630999389337,0.00581471499999997,188.063744,0.0,
cross_block_leakage/small/s1,synthetic,Two-walk-Auto,matrix_free,-1,score,0.0032890559996303637,0.003323564999999973,188.063744,0.0,
cross_block_leakage/small/s1,synthetic,Two-walk-Auto,matrix_free,-1,reorder,0.005643636999593582,0.005725568000000014,188.063744,0.0,
cross_block_leakage/small/s1,synthetic,Two-walk-Auto,matrix_free,-1,score,0.003246375999879092,0.0032753850000000195,0.0,0.0,
cross_block_leakage/small/s1,synthetic,Two-walk-Auto,matrix_free,-1,reorder,0.0059650889998010825,0.006058600000000025,188.063744,0.0,
cross_block_leakage/small/s1,synthetic,Two-walk-Auto,matrix_free,-1,score,0.0032596599994576536,0.0032598149999999437,0.0,0.0,
cross_block_leakage/small/s1,synthetic,Two-walk-Auto,matrix_free,-1,reorder,0.005911369000386912,0.005962288999999954,188.063744,0.0,
cross_block_leakage/small/s1,synthetic,Two-walk-Auto,matrix_free,-1,score,0.003261974001361523,0.003323132999999978,188.063744,0.0,
cross_block_leakage/small/s1,synthetic,Two-walk-Auto,matrix_free,-1,total,0.053785112002515234,0.054793694999999976,0.0,0.0,
cross_block_leakage/small/s1,synthetic,Two-walk-Auto,matrix_free,0,load,0.0025088000002142508,0.0025093720000000097,0.0,0.0,
cross_block_leakage/small/s1,synthetic,Two-walk-Auto,matrix_free,0,reorder,0.005284460999973817,0.00532350199999998,187.625472,0.0,
cross_block_leakage/small/s1,synthetic,Two-walk-Auto,matrix_free,0,score,0.0031151790026342496,0.0032161450000000036,0.0,0.0,
cross_block_leakage/small/s1,synthetic,Two-walk-Auto,matrix_free,0,reorder,0.005231752002146095,0.00528846000000005,188.100608,0.0,
cross_block_leakage/small/s1,synthetic,Two-walk-Auto,matrix_free,0,score,0.0032095659989863634,0.003283060999999976,188.100608,0.0,
cross_block_leakage/small/s1,synthetic,Two-walk-Auto,matrix_free,0,reorder,0.005424063998361817,0.005507277999999949,188.100608,0.0,
cross_block_leakage/small/s1,synthetic,Two-walk-Auto,matrix_free,0,score,0.0031302969982789364,0.0031859840000000306,0.0,0.0,
cross_block_leakage/small/s1,synthetic,Two-walk-Auto,matrix_free,0,reorder,0.005472814998938702,0.005603608000000038,188.100608,0.0,
cross_block_leakage/small/s1,synthetic,Two-walk-Auto,matrix_free,0,score,0.0031578499983879738,0.0031792370000000014,188.100608,0.0,
cross_block_leakage/small/s1,synthetic,Two-walk-Auto,matrix_free,0,reorder,0.005814066000311868,0.005924167000000091,188.100608,0.0,
cross_block_leakage/small/s1,synthetic,Two-walk-Auto,matrix_free,0,score,0.0031896889995550737,0.003245990000000032,188.100608,0.0,
cross_block_leakage/small/s1,synthetic,Two-walk-Auto,matrix_free,0,reorder,0.005712916001357371,0.005774535999999997,188.100608,0.0,
cross_block_leakage/small/s1,synthetic,Two-walk-Auto,matrix_free,0,score,0.003078720001212787,0.0030787669999999823,0.0,0.0,
cross_block_leakage/small/s1,synthetic,Two-walk-Auto,matrix_free,0,total,0.05188527599966619,0.05268113899999993,0.0,0.0,
cross_block_leakage/small/s1,synthetic,Two-walk-Auto,matrix_free,1,load,0.002457383001456037,0.002457724999999966,0.0,0.0,
cross_block_leakage/small/s1,synthetic,Two-walk-Auto,matrix_free,1,reorder,0.0051419839983282145,0.005218508999999982,187.645952,0.0,
cross_block_leakage/small/s1,synthetic,Two-walk-Auto,matrix_free,1,score,0.003893509998306399,0.0034149259999999293,188.121088,0.0,
cross_block_leakage/small/s1,synthetic,Two-walk-Auto,matrix_free,1,reorder,0.0053025859997433145,0.005317081000000057,188.121088,0.0,
cross_block_leakage/small/s1,synthetic,Two-walk-Auto,matrix_free,1,score,0.003800856000452768,0.0037953559999999165,0.0,0.0,
cross_block_leakage/small/s1,synthetic,Two-walk-Auto,matrix_free,1,reorder,0.006081247996917227,0.006206303999999996,188.121088,0.0,
cross_block_leakage/small/s1,synthetic,Two-walk-Auto,matrix_free,1,score,0.0033834429996204562,0.0033778060000000387,0.0,0.0,
cross_block_leakage/small/s1,synthetic,Two-walk-Auto,matrix_free,1,reorder,0.00560176799990586,0.00568932600000005,188.121088,0.0,
cross_block_leakage/small/s1,synthetic,Two-walk-Auto,matrix_free,1,score,0.00318864699875121,0.0032590730000000567,188.121088,0.0,
cross_block_leakage/small/s1,synthetic,Two-walk-Auto,matrix_free,1,reorder,0.005826239001180511,0.005924288,188.121088,0.0,
cross_block_leakage/small/s1,synthetic,Two-walk-Auto,matrix_free,1,score,0.003153380999719957,0.0031803870000000067,0.0,0.0,
cross_block_leakage/small/s1,synthetic,Two-walk-Auto,matrix_free,1,reorder,0.005816380999021931,0.005944192999999931,188.121088,0.0,
cross_block_leakage/small/s1,synthetic,Two-walk-Auto,matrix_free,1,score,0.0030936379989725538,0.0030936939999999247,0.0,0.0,
cross_block_leakage/small/s1,synthetic,Two-walk-Auto,matrix_free,1,total,0.0543517569967662,0.05448375200000011,0.0,0.0,
cross_block_leakage/medium/s0,synthetic,One-walk,dense,-1,load,0.0049450350015831646,0.00494221100000003,0.0,0.0,
cross_block_leakage/medium/s0,synthetic,One-walk,dense,-1,reorder,0.012074689999280963,0.012171189000000027,193.052672,0.0,
cross_block_leakage/medium/s0,synthetic,One-walk,dense,-1,total,0.012082745997759048,0.012178381999999988,0.0,0.0,
cross_block_leakage/medium/s0,synthetic,One-walk,dense,0,load,0.0047753250000823755,0.004775780000000007,0.0,0.0,
cross_block_leakage/medium/s0,synthetic,One-walk,dense,0,reorder,0.011792260000220267,0.011868031000000001,192.83968,0.0,
cross_block_leakage/medium/s0,synthetic,One-walk,dense,0,total,0.01180002399996738,0.011874913999999959,0.0,0.0,
cross_block_leakage/medium/s0,synthetic,One-walk,dense,1,load,0.004731323002488352,0.004731637000000011,0.0,0.0,
cross_block_leakage/medium/s0,synthetic,One-walk,dense,1,reorder,0.011890033001691336,0.011981410999999942,0.0,0.0,
cross_block_leakage/medium/s0,synthetic,One-walk,dense,1,total,0.011898810000275262,0.011988664999999954,0.0,0.0,
cross_block_leakage/medium/s0,synthetic,One-walk,matrix_free,-1,load,0.0052345580006658565,0.005297827000000033,186.957824,0.0,
cross_block_leakage/medium/s0,synthetic,One-walk,matrix_free,-1,reorder,0.02959248099796241,0.029928035000000075,188.174336,0.0,
cross_block_leakage/medium/s0,synthetic,One-walk,matrix_free,-1,total,0.029600765999930445,0.02993516900000004,0.0,0.0,
cross_block_leakage/medium/s0,synthetic,One-walk,matrix_free,0,load,0.0049228529969695956,0.004923275000000005,0.0,0.0,
cross_block_leakage/medium/s0,synthetic,One-walk,matrix_free,0,reorder,0.033253154000703944,0.03384508899999994,188.674048,0.0,
cross_block_leakage/medium/s0,synthetic,One-walk,matrix_free,0,total,0.03326829199795611,0.03385618900000009,0.0,0.0,
cross_block_leakage/medium/s0,synthetic,One-walk,matrix_free,1,load,0.004866355997364735,0.004867020000000055,0.0,0.0,
cross_block_leakage/medium/s0,synthetic,One-walk,matrix_free,1,reorder,0.031696519999968586,0.032400934999999964,188.628992,0.0,
cross_block_leakage/medium/s0,synthetic,One-walk,matrix_free,1,total,0.03170605899867951,0.032408809999999955,0.0,0.0,
cross_block_leakage/medium/s0,synthetic,Two-walk,dense,-1,load,0.005054729997937102,0.00505525200000001,0.0,0.0,
cross_block_leakage/medium/s0,synthetic,Two-walk,dense,-1,reorder,0.012679465999099193,0.012786430000000015,0.0,0.0,
cross_block_leakage/medium/s0,synthetic,Two-walk,dense,-1,total,0.012687441001617117,0.01279348300000005,0.0,0.0,
cross_block_leakage/medium/s0,synthetic,Two-walk,dense,0,load,0.004757763002999127,0.0047582769999999774,0.0,0.0,
cross_block_leakage/medium/s0,synthetic,Two-walk,dense,0,reorder,0.01307363600062672,0.013181474999999998,0.0,0.0,
cross_block_leakage/medium/s0,synthetic,Two-walk,dense,0,total,0.013083854999422329,0.01318987100000002,0.0,0.0,
cross_block_leakage/medium/s0,synthetic,Two-walk,dense,1,load,0.0047932089983078185,0.004793672999999998,0.0,0.0,
cross_block_leakage/medium/s0,synthetic,Two-walk,dense,1,reorder,0.012764105002133874,0.012853954,193.855488,0.0,
cross_block_leakage/medium/s0,synthetic,Two-walk,dense,1,total,0.012772430996847106,0.012861007000000035,0.0,0.0,
cross_block_leakage/medium/s0,synthetic,Two-walk,matrix_free,-1,load,0.004710844998044195,0.004711418999999939,0.0,0.0,
cross_block_leakage/medium/s0,synthetic,Two-walk,matrix_free,-1,reorder,0.017127598002844024,0.017361583000000014,188.268544,0.0,
cross_block_leakage/medium/s0,synthetic,Two-walk,matrix_free,-1,total,0.017136063001089497,0.017368615999999948,0.0,0.0,
cross_block_leakage/medium/s0,synthetic,Two-walk,matrix_free,0,load,0.004787158002727665,0.0047879020000000105,0.0,0.0,
cross_block_leakage/medium/s0,synthetic,Two-walk,matrix_free,0,reorder,0.017057044999091886,0.017252849000000015,188.370944,0.0,
cross_block_leakage/medium/s0,synthetic,Two-walk,matrix_free,0,total,0.017065150001144502,0.01725976099999993,0.0,0.0,
cross_block_leakage/medium/s0,synthetic,Two-walk,matrix_free,1,load,0.004707047999545466,0.004707751999999954,0.0,0.0,
cross_block_leakage/medium/s0,synthetic,Two-walk,matrix_free,1,reorder,0.017476962999353418,0.01758146100000002,188.628992,0.0,
cross_block_leakage/medium/s0,synthetic,Two-walk,matrix_free,1,total,0.017484356998465955,0.01758781399999998,0.0,0.0,
cross_block_leakage/medium/s0,synthetic,Two-walk-Auto,dense,-1,load,0.005209190003370168,0.005257481000000008,0.0,0.0,
cross_block_leakage/medium/s0,synthetic,Two-walk-Auto,dense,-1,reorder,0.014753019000636414,0.014866668999999999,192.3072,0.0,
cross_block_leakage/medium/s0,synthetic,Two-walk-Auto,dense,-1,score,0.007072589000017615,0.007151931999999972,194.142208,0.0,
cross_block_leakage/medium/s0,synthetic,Two-walk-Auto,dense,-1,reorder,0.01237780000155908,0.012456870000000064,194.465792,0.0,
cross_block_leakage/medium/s0,synthetic,Two-walk-Auto,dense,-1,score,0.00674730799801182,0.0068189600000000405,0.0,0.0,
cross_block_leakage/medium/s0,synthetic,Two-walk-Auto,dense,-1,reorder,0.011496343999169767,0.011620195999999972,195.477504,0.0,
cross_block_leakage/medium/s0,synthetic,Two-walk-Auto,dense,-1,score,0.006212975000380538,0.006273420000000085,195.477504,0.0,
cross_block_leakage/medium/s0,synthetic,Two-walk-Auto,dense,-1,reorder,0.011334029000863666,0.01140778099999995,0.0,0.0,
cross_block_leakage/medium/s0,synthetic,Two-walk-Auto,dense,-1,score,0.006215869998413837,0.006275472999999976,196.493312,0.0,
cross_block_leakage/medium/s0,synthetic,Two-walk-Auto,dense,-1,reorder,0.01114132799921208,0.011223085000000022,196.493312,0.0,
cross_block_leakage/medium/s0,synthetic,Two-walk-Auto,dense,-1,score,0.006370029997924576,0.006461881000000003,197.505024,0.0,
cross_block_leakage/medium/s0,synthetic,Two-walk-Auto,dense,-1,reorder,0.011274567998043494,0.011341385000000037,0.0,0.0,
cross_block_leakage/medium/s0,synthetic,Two-walk-Auto,dense,-1,score,0.006265562999033136,0.00635535399999998,198.520832,0.0,
cross_block_leakage/medium/s0,synthetic,Two-walk-Auto,dense,-1,total,0.1113400130016089,0.11232324900000001,0.0,0.0,
cross_block_leakage/medium/s0,synthetic,Two-walk-Auto,dense,0,load,0.005151812001713552,0.005211053000000021,187.55584,0.0,
cross_block_leakage/medium/s0,synthetic,Two-walk-Auto,dense,0,reorder,0.013886060998629546,0.013967288000000022,194.06848,0.0,
cross_block_leakage/medium/s0,synthetic,Two-walk-Auto,dense,0,score,0.006661307001195382,0.006698898000000009,194.19136,0.0,
cross_block_leakage/medium/s0,synthetic,Two-walk-Auto,dense,0,reorder,0.01085703500211821,0.010932602999999985,0.0,0.0,
cross_block_leakage/medium/s0,synthetic,Two-walk-Auto,dense,0,score,0.006589963002625154,0.006688735000000001,194.514944,0.0,
cross_block_leakage/medium/s0,synthetic,Two-walk-Auto,dense,0,reorder,0.011248118000366958,0.011314874999999947,0.0,0.0,
cross_block_leakage/medium/s0,synthetic,Two-walk-Auto,dense,0,score,0.006516134002595209,0.006610611999999905,195.526656,0.0,
cross_block_leakage/medium/s0,synthetic,Two-walk-Auto,dense,0,reorder,0.011199397002201295,0.011320528999999913,195.526656,0.0,
cross_block_leakage/medium/s0,synthetic,Two-walk-Auto,dense,0,score,0.006482070999481948,0.006598989999999971,196.54656,0.0,
cross_block_leakage/medium/s0,synthetic,Two-walk-Auto,dense,0,reorder,0.011670701002003625,0.011328612999999987,197.558272,0.0,
cross_block_leakage/medium/s0,synthetic,Two-walk-Auto,dense,0,score,0.006715419000101974,0.0067337619999999765,197.558272,0.0,
cross_block_leakage/medium/s0,synthetic,Two-walk-Auto,dense,0,reorder,0.01134700399779831,0.01138007799999996,198.578176,0.0,
cross_block_leakage/medium/s0,synthetic,Two-walk-Auto,dense,0,score,0.0072657019991311245,0.007205842000000073,198.578176,0.0,
cross_block_leakage/medium/s0,synthetic,Two-walk-Auto,dense,0,total,0.11050762000013492,0.11084347100000003,0.0,0.0,
cross_block_leakage/medium/s0,synthetic,Two-walk-Auto,dense,1,load,0.004765396999573568,0.004766331999999984,0.0,0.0,
cross_block_leakage/medium/s0,synthetic,Two-walk-Auto,dense,1,reorder,0.012996421002753777,0.013077791999999921,0.0,0.0,
cross_block_leakage/medium/s0,synthetic,Two-walk-Auto,dense,1,score,0.006602625999221345,0.006715775999999951,194.281472,0.0,
cross_block_leakage/medium/s0,synthetic,Two-walk-Auto,dense,1,reorder,0.011078950999944936,0.011146570999999939,0.0,0.0,
cross_block_leakage/medium/s0,synthetic,Two-walk-Auto,dense,1,score,0.006518459002109012,0.006583208999999979,194.60096,0.0,
cross_block_leakage/medium/s0,synthetic,Two-walk-Auto,dense,1,reorder,0.011044836002838565,0.011114775000000021,0.0,0.0,
cross_block_leakage/medium/s0,synthetic,Two-walk-Auto,dense,1,score,0.006555919000675203,0.006621310999999963,195.612672,0.0,
cross_block_leakage/medium/s0,synthetic,Two-walk-Auto,dense,1,reorder,0.01109564299986232,0.01122742599999993,195.612672,0.0,
cross_block_leakage/medium/s0,synthetic,Two-walk-Auto,dense,1,score,0.006569785000465345,0.006669834000000097,196.62848,0.0,
cross_block_leakage/medium/s0,synthetic,Two-walk-Auto,dense,1,reorder,0.011109287999715889,0.011219747000000058,196.62848,0.0,
cross_block_leakage/medium/s0,synthetic,Two-walk-Auto,dense,1,score,0.006579573000635719,0.006681060000000016,197.644288,0.0,
cross_block_leakage/medium/s0,synthetic,Two-walk-Auto,dense,1,reorder,0.011502786997880321,0.011461889000000003,0.0,0.0,
cross_block_leakage/medium/s0,synthetic,Two-walk-Auto,dense,1,score,0.006559907000337262,0.006625861000000066,198.656,0.0,
cross_block_leakage/medium/s0,synthetic,Two-walk-Auto,dense,1,total,0.10828090900031384,0.1092062359999999,0.0,0.0,
cross_block_leakage/medium/s0,synthetic,Two-walk-Auto,matrix_free,-1,load,0.004814348998479545,0.004814913000000032,0.0,0.0,
cross_block_leakage/medium/s0,synthetic,Two-walk-Auto,matrix_free,-1,reorder,0.017264905000047293,0.017426870999999955,188.563456,0.0,
cross_block_leakage/medium/s0,synthetic,Two-walk-Auto,matrix_free,-1,score,0.006593288999283686,0.006784223000000034,188.993536,0.0,
cross_block_leakage/medium/s0,synthetic,Two-walk-Auto,matrix_free,-1,reorder,0.030565406999812694,0.03098955999999997,188.993536,0.0,
cross_block_leakage/medium/s0,synthetic,Two-walk-Auto,matrix_free,-1,score,0.006508700000267709,0.0065787900000000565,188.993536,0.0,
cross_block_leakage/medium/s0,synthetic,Two-walk-Auto,matrix_free,-1,reorder,0.019681092002429068,0.019880790999999953,188.993536,0.0,
cross_block_leakage/medium/s0,synthetic,Two-walk-Auto,matrix_free,-1,score,0.006586445997527335,0.006710904999999934,188.993536,0.0,
cross_block_leakage/medium/s0,synthetic,Two-walk-Auto,matrix_free,-1,reorder,0.022896148002473637,0.023308742999999965,188.993536,0.0,
cross_block_leakage/medium/s0,synthetic,Two-walk-Auto,matrix_free,-1,score,0.006586375999177108,0.006630600000000042,188.993536,0.0,
cross_block_leakage/medium/s0,synthetic,Two-walk-Auto,matrix_free,-1,reorder,0.022765993999200873,0.023084360999999998,188.993536,0.0,
cross_block_leakage/medium/s0,synthetic,Two-walk-Auto,matrix_free,-1,score,0.006655195000348613,0.0067443430000000415,188.993536,0.0,
cross_block_leakage/medium/s0,synthetic,Two-walk-Auto,matrix_free,-1,reorder,0.02985878999970737,0.030355216000000018,188.993536,0.0,
cross_block_leakage/medium/s0,synthetic,Two-walk-Auto,matrix_free,-1,score,0.00666059500144911,0.006830151000000062,188.993536,0.0,
cross_block_leakage/medium/s0,synthetic,Two-walk-Auto,matrix_free,-1,total,0.18269217800116166,0.185385099,0.0,0.0,
cross_block_leakage/medium/s0,synthetic,Two-walk-Auto,matrix_free,0,load,0.004865795999648981,0.00486614800000007,0.0,0.0,
cross_block_leakage/medium/s0,synthetic,Two-walk-Auto,matrix_free,0,reorder,0.017013552998832893,0.017167934999999912,188.481536,0.0,
cross_block_leakage/medium/s0,synthetic,Two-walk-Auto,matrix_free,0,score,0.006523637999634957,0.0066436840000000386,188.891136,0.0,
cross_block_leakage/medium/s0,synthetic,Two-walk-Auto,matrix_free,0,reorder,0.029547276000812417,0.029959063000000064,188.891136,0.0,
cross_block_leakage/medium/s0,synthetic,Two-walk-Auto,matrix_free,0,score,0.006421796999347862,0.006485395000000005,188.891136,0.0,
cross_block_leakage/medium/s0,synthetic,Two-walk-Auto,matrix_free,0,reorder,0.019195540000509936,0.01944506899999998,188.891136,0.0,
cross_block_leakage/medium/s0,synthetic,Two-walk-Auto,matrix_free,0,score,0.006442435998906149,0.006601976000000009,188.891136,0.0,
cross_block_leakage/medium/s0,synthetic,Two-walk-Auto,matrix_free,0,reorder,0.02247931500096456,0.022819990000000012,188.891136,0.0,
cross_block_leakage/medium/s0,synthetic,Two-walk-Auto,matrix_free,0,score,0.006421215999580454,0.00649838200000008,188.891136,0.0,
cross_block_leakage/medium/s0,synthetic,Two-walk-Auto,matrix_free,0,reorder,0.02276839800106245,0.023139605000000008,188.895232,0.0,
cross_block_leakage/medium/s0,synthetic,Two-walk-Auto,matrix_free,0,score,0.006323973000689875,0.0064328280000000015,188.895232,0.0,
cross_block_leakage/medium/s0,synthetic,Two-walk-Auto,matrix_free,0,reorder,0.029547165002441034,0.02985795400000002,188.895232,0.0,
cross_block_leakage/medium/s0,synthetic,Two-walk-Auto,matrix_free,0,score,0.00646765299825347,0.006628595000000015,188.895232,0.0,
cross_block_leakage/medium/s0,synthetic,Two-walk-Auto,matrix_free,0,total,0.17921791399930953,0.18174234099999997,0.0,0.0,
cross_block_leakage/medium/s0,synthetic,Two-walk-Auto,matrix_free,1,load,0.004814358999283286,0.004815164000000038,0.0,0.0,
cross_block_leakage/medium/s0,synthetic,Two-walk-Auto,matrix_free,1,reorder,0.017126425002061296,0.017272086000000075,188.68224,0.0,
cross_block_leakage/medium/s0,synthetic,Two-walk-Auto,matrix_free,1,score,0.0064993630003300495,0.006674179999999974,189.09184,0.0,
cross_block_leakage/medium/s0,synthetic,Two-walk-Auto,matrix_free,1,reorder,0.029641912999068154,0.02995770100000006,189.09184,0.0,
cross_block_leakage/medium/s0,synthetic,Two-walk-Auto,matrix_free,1,score,0.006409904999600258,0.0065729910000000835,189.09184,0.0,
cross_block_leakage/medium/s0,synthetic,Two-walk-Auto,matrix_free,1,reorder,0.01941130500199506,0.019643271000000073,189.09184,0.0,
cross_block_leakage/medium/s0,synthetic,Two-walk-Auto,matrix_free,1,score,0.006364861001202371,0.006476671000000045,0.0,0.0,
cross_block_leakage/medium/s0,synthetic,Two-walk-Auto,matrix_free,1,reorder,0.022821227001259103,0.02314057199999997,189.09184,0.0,
cross_block_leakage/medium/s0,synthetic,Two-walk-Auto,matrix_free,1,score,0.006550128000526456,0.006590645000000062,189.09184,0.0,
cross_block_leakage/medium/s0,synthetic,Two-walk-Auto,matrix_free,1,reorder,0.023234003001562087,0.023531705000000014,189.09184,0.0,
cross_block_leakage/medium/s0,synthetic,Two-walk-Auto,matrix_free,1,score,0.006602445999305928,0.006645656,189.09184,0.0,
cross_block_leakage/medium/s0,synthetic,Two-walk-Auto,matrix_free,1,reorder,0.02993698700083769,0.030328584000000047,189.09184,0.0,
cross_block_leakage/medium/s0,synthetic,Two-walk-Auto,matrix_free,1,score,0.006464186000812333,0.006504602000000026,189.09184,0.0,
cross_block_leakage/medium/s0,synthetic,Two-walk-Auto,matrix_free,1,total,0.18114336999860825,0.18341103999999997,0.0,0.0,
cross_block_leakage/medium/s1,synthetic,One-walk,dense,-1,load,0.004775576002430171,0.004776161000000001,0.0,0.0,
cross_block_leakage/medium/s1,synthetic,One-walk,dense,-1,reorder,0.012649489999603247,0.012132522000000034,0.0,0.0,
cross_block_leakage/medium/s1,synthetic,One-walk,dense,-1,total,0.01265845599846216,0.012140046000000071,0.0,0.0,
cross_block_leakage/medium/s1,synthetic,One-walk,dense,0,load,0.00471222700070939,0.004712641999999989,0.0,0.0,
cross_block_leakage/medium/s1,synthetic,One-walk,dense,0,reorder,0.011930310000025202,0.012024382,192.884736,0.0,
cross_block_leakage/medium/s1,synthetic,One-walk,dense,0,total,0.011937773000681773,0.012031015000000034,0.0,0.0,
cross_block_leakage/medium/s1,synthetic,One-walk,dense,1,load,0.0048022060000221245,0.004802930999999955,0.0,0.0,
cross_block_leakage/medium/s1,synthetic,One-walk,dense,1,reorder,0.012424816999555333,0.012467903000000002,193.011712,0.0,
cross_block_leakage/medium/s1,synthetic,One-walk,dense,1,total,0.01243340400105808,0.012475065999999924,0.0,0.0,
cross_block_leakage/medium/s1,synthetic,One-walk,matrix_free,-1,load,0.004760478001117008,0.004760871999999972,0.0,0.0,
cross_block_leakage/medium/s1,synthetic,One-walk,matrix_free,-1,reorder,0.00799901899881661,0.008040033000000002,188.674048,0.0,
cross_block_leakage/medium/s1,synthetic,One-walk,matrix_free,-1,total,0.008007113003259292,0.008047126000000016,0.0,0.0,
cross_block_leakage/medium/s1,synthetic,One-walk,matrix_free,0,load,0.005231071998423431,0.005300460999999923,187.031552,0.0,
cross_block_leakage/medium/s1,synthetic,One-walk,matrix_free,0,reorder,0.008019025000976399,0.008037599000000006,188.239872,0.0,
cross_block_leakage/medium/s1,synthetic,One-walk,matrix_free,0,total,0.008027001000300515,0.008044441000000013,0.0,0.0,
cross_block_leakage/medium/s1,synthetic,One-walk,matrix_free,1,load,0.004846149000513833,0.004847433000000012,0.0,0.0,
cross_block_leakage/medium/s1,synthetic,One-walk,matrix_free,1,reorder,0.008197360999474768,0.00825506499999995,188.370944,0.0,
cross_block_leakage/medium/s1,synthetic,One-walk,matrix_free,1,total,0.008205295998777729,0.008261827999999971,0.0,0.0,
cross_block_leakage/medium/s1,synthetic,Two-walk,dense,-1,load,0.004949402002239367,0.004949733999999983,0.0,0.0,
cross_block_leakage/medium/s1,synthetic,Two-walk,dense,-1,reorder,0.013046946001850301,0.01313694199999993,0.0,0.0,
cross_block_leakage/medium/s1,synthetic,Two-walk,dense,-1,total,0.013054719998763176,0.013143715,0.0,0.0,
cross_block_leakage/medium/s1,synthetic,Two-walk,dense,0,load,0.005045112000516383,0.005082362999999979,0.0,0.0,
cross_block_leakage/medium/s1,synthetic,Two-walk,dense,0,reorder,0.013924893999501364,0.013971733999999958,194.048,0.0,
cross_block_leakage/medium/s1,synthetic,Two-walk,dense,0,total,0.013932879999629222,0.013978407000000082,0.0,0.0,
cross_block_leakage/medium/s1,synthetic,Two-walk,dense,1,load,0.004743405999761308,0.004743889000000001,0.0,0.0,
cross_block_leakage/medium/s1,synthetic,Two-walk,dense,1,reorder,0.013102058997901622,0.01319904999999999,193.671168,0.0,
cross_block_leakage/medium/s1,synthetic,Two-walk,dense,1,total,0.013112058997649001,0.013207846000000023,0.0,0.0,
cross_block_leakage/medium/s1,synthetic,Two-walk,matrix_free,-1,load,0.004726163002487738,0.00472667800000004,0.0,0.0,
cross_block_leakage/medium/s1,synthetic,Two-walk,matrix_free,-1,reorder,0.010744833001808729,0.01086557499999996,188.530688,0.0,
cross_block_leakage/medium/s1,synthetic,Two-walk,matrix_free,-1,total,0.010752237001725007,0.010872007000000017,0.0,0.0,
cross_block_leakage/medium/s1,synthetic,Two-walk,matrix_free,0,load,0.005016066999814939,0.00502205,0.0,0.0,
cross_block_leakage/medium/s1,synthetic,Two-walk,matrix_free,0,reorder,0.010923148998699617,0.010975552,188.690432,0.0,
cross_block_leakage/medium/s1,synthetic,Two-walk,matrix_free,0,total,0.010930953001661692,0.010982315999999992,0.0,0.0,
cross_block_leakage/medium/s1,synthetic,Two-walk,matrix_free,1,load,0.004731673001515446,0.004732387999999976,0.0,0.0,
cross_block_leakage/medium/s1,synthetic,Two-walk,matrix_free,1,reorder,0.010739994002506137,0.010823797999999996,188.452864,0.0,
cross_block_leakage/medium/s1,synthetic,Two-walk,matrix_free,1,total,0.010747407999588177,0.01083027000000003,0.0,0.0,
cross_block_leakage/medium/s1,synthetic,Two-walk-Auto,dense,-1,load,0.004819689002033556,0.004820192000000056,0.0,0.0,
cross_block_leakage/medium/s1,synthetic,Two-walk-Auto,dense,-1,reorder,0.013573563999671023,0.01366336899999998,193.683456,0.0,
cross_block_leakage/medium/s1,synthetic,Two-walk-Auto,dense,-1,score,0.006395717999112094,0.006468224999999994,193.835008,0.0,
cross_block_leakage/medium/s1,synthetic,Two-walk-Auto,dense,-1,reorder,0.011003449999407167,0.011082919999999996,194.154496,0.0,
cross_block_leakage/medium/s1,synthetic,Two-walk-Auto,dense,-1,score,0.006308985000941902,0.00638027699999999,194.154496,0.0,
cross_block_leakage/medium/s1,synthetic,Two-walk-Auto,dense,-1,reorder,0.011211019002075773,0.011279118000000032,0.0,0.0,
cross_block_leakage/medium/s1,synthetic,Two-walk-Auto,dense,-1,score,0.00638596900171251,0.006476119000000002,195.166208,0.0,
cross_block_leakage/medium/s1,synthetic,Two-walk-Auto,dense,-1,reorder,0.011408148999180412,0.01148492499999998,0.0,0.0,
cross_block_leakage/medium/s1,synthetic,Two-walk-Auto,dense,-1,score,0.006417108001187444,0.0064892839999999286,196.182016,0.0,
cross_block_leakage/medium/s1,synthetic,Two-walk-Auto,dense,-1,reorder,0.01128286400125944,0.01135428000000005,197.197824,0.0,
cross_block_leakage/medium/s1,synthetic,Two-walk-Auto,dense,-1,score,0.006426636999094626,0.006508799999999981,197.197824,0.0,
cross_block_leakage/medium/s1,synthetic,Two-walk-Auto,dense,-1,reorder,0.011252847001742339,0.011334642999999978,198.209536,0.0,
cross_block_leakage/medium/s1,synthetic,Two-walk-Auto,dense,-1,score,0.006385880002198974,0.006451043000000101,0.0,0.0,
cross_block_leakage/medium/s1,synthetic,Two-walk-Auto,dense,-1,total,0.10811969600035809,0.10903578700000005,0.0,0.0,
cross_block_leakage/medium/s1,synthetic,Two-walk-Auto,dense,0,load,0.004814439998881426,0.004814763000000055,0.0,0.0,
cross_block_leakage/medium/s1,synthetic,Two-walk-Auto,dense,0,reorder,0.013093853998725535,0.013182959999999966,0.0,0.0,
cross_block_leakage/medium/s1,synthetic,Two-walk-Auto,dense,0,score,0.00634391000130563,0.006430464000000025,193.888256,0.0,
cross_block_leakage/medium/s1,synthetic,Two-walk-Auto,dense,0,reorder,0.011169200999574969,0.011039079999999979,194.011136,0.0,
cross_block_leakage/medium/s1,synthetic,Two-walk-Auto,dense,0,score,0.006182386998261791,0.006266947999999939,194.330624,0.0,
cross_block_leakage/medium/s1,synthetic,Two-walk-Auto,dense,0,reorder,0.011207722000108333,0.011335433999999922,194.330624,0.0,
cross_block_leakage/medium/s1,synthetic,Two-walk-Auto,dense,0,score,0.006192856999405194,0.006294148000000055,195.346432,0.0,
cross_block_leakage/medium/s1,synthetic,Two-walk-Auto,dense,0,reorder,0.011369004998414312,0.01148286799999998,195.346432,0.0,
cross_block_leakage/medium/s1,synthetic,Two-walk-Auto,dense,0,score,0.0062956700021459255,0.006366162999999925,196.358144,0.0,
cross_block_leakage/medium/s1,synthetic,Two-walk-Auto,dense,0,reorder,0.011279235997790238,0.011333782999999986,197.373952,0.0,
cross_block_leakage/medium/s1,synthetic,Two-walk-Auto,dense,0,score,0.006248081001103856,0.006329292999999958,0.0,0.0,
cross_block_leakage/medium/s1,synthetic,Two-walk-Auto,dense,0,reorder,0.011119898001197726,0.01125958199999999,197.373952,0.0,
cross_block_leakage/medium/s1,synthetic,Two-walk-Auto,dense,0,score,0.008485001002554782,0.008571804999999988,198.385664,0.0,
cross_block_leakage/medium/s1,synthetic,Two-walk-Auto,dense,0,total,0.10906111399890506,0.10996205999999997,0.0,0.0,
cross_block_leakage/medium/s1,synthetic,Two-walk-Auto,dense,1,load,0.0048519299998588394,0.004852451999999952,0.0,0.0,
cross_block_leakage/medium/s1,synthetic,Two-walk-Auto,dense,1,reorder,0.013045182000496425,0.013120110000000018,0.0,0.0,
cross_block_leakage/medium/s1,synthetic,Two-walk-Auto,dense,1,score,0.006941453000763431,0.007055401000000017,193.880064,0.0,
cross_block_leakage/medium/s1,synthetic,Two-walk-Auto,dense,1,reorder,0.011149913996632677,0.011263779999999946,193.880064,0.0,
cross_block_leakage/medium/s1,synthetic,Two-walk-Auto,dense,1,score,0.007139975001337007,0.0072394849999999344,194.199552,0.0,
cross_block_leakage/medium/s1,synthetic,Two-walk-Auto,dense,1,reorder,0.011254361001192592,0.011320646000000045,0.0,0.0,
cross_block_leakage/medium/s1,synthetic,Two-walk-Auto,dense,1,score,0.007114607997209532,0.0072349600000000125,195.211264,0.0,
cross_block_leakage/medium/s1,synthetic,Two-walk-Auto,dense,1,reorder,0.011605949999648146,0.011693913999999972,196.227072,0.0,
cross_block_leakage/medium/s1,synthetic,Two-walk-Auto,dense,1,score,0.007051578999380581,0.007093742999999986,196.227072,0.0,
cross_block_leakage/medium/s1,synthetic,Two-walk-Auto,dense,1,reorder,0.01432888199997251,0.013534665000000001,197.24288,0.0,
cross_block_leakage/medium/s1,synthetic,Two-walk-Auto,dense,1,score,0.0076447129977168515,0.007678296000000029,197.24288,0.0,
cross_block_leakage/medium/s1,synthetic,Two-walk-Auto,dense,1,reorder,0.01214129599975422,0.012219566999999931,198.254592,0.0,
cross_block_leakage/medium/s1,synthetic,Two-walk-Auto,dense,1,score,0.0076060100000177044,0.007699406000000075,0.0,0.0,
cross_block_leakage/medium/s1,synthetic,Two-walk-Auto,dense,1,total,0.11711142800049856,0.11723403399999999,0.0,0.0,
cross_block_leakage/medium/s1,synthetic,Two-walk-Auto,matrix_free,-1,load,0.004800923998118378,0.0048013970000000405,0.0,0.0,
cross_block_leakage/medium/s1,synthetic,Two-walk-Auto,matrix_free,-1,reorder,0.010842706997209461,0.010969130999999965,188.452864,0.0,
cross_block_leakage/medium/s1,synthetic,Two-walk-Auto,matrix_free,-1,score,0.006295218998275232,0.0063987250000000495,0.0,0.0,
cross_block_leakage/medium/s1,synthetic,Two-walk-Auto,matrix_free,-1,reorder,0.010138976002053823,0.010230445000000032,188.862464,0.0,
cross_block_leakage/medium/s1,synthetic,Two-walk-Auto,matrix_free,-1,score,0.0064471250007045455,0.006627029999999978,188.862464,0.0,
cross_block_leakage/medium/s1,synthetic,Two-walk-Auto,matrix_free,-1,reorder,0.010132332998182392,0.010247359000000067,188.862464,0.0,
cross_block_leakage/medium/s1,synthetic,Two-walk-Auto,matrix_free,-1,score,0.0065212840017920826,0.00659858999999996,188.862464,0.0,
cross_block_leakage/medium/s1,synthetic,Two-walk-Auto,matrix_free,-1,reorder,0.010283308001817204,0.010403912000000015,188.862464,0.0,
cross_block_leakage/medium/s1,synthetic,Two-walk-Auto,matrix_free,-1,score,0.008541065002646064,0.00876086900000006,188.862464,0.0,
cross_block_leakage/medium/s1,synthetic,Two-walk-Auto,matrix_free,-1,reorder,0.011103717999503715,0.011315017000000038,188.862464,0.0,
cross_block_leakage/medium/s1,synthetic,Two-walk-Auto,matrix_free,-1,score,0.006950298997253412,0.006998395999999962,188.862464,0.0,
cross_block_leakage/medium/s1,synthetic,Two-walk-Auto,matrix_free,-1,reorder,0.01115929200022947,0.011266366000000083,188.862464,0.0,
cross_block_leakage/medium/s1,synthetic,Two-walk-Auto,matrix_free,-1,score,0.006942023999727098,0.007043711000000008,188.862464,0.0,
cross_block_leakage/medium/s1,synthetic,Two-walk-Auto,matrix_free,-1,total,0.10543597799915005,0.10693272600000003,0.0,0.0,
cross_block_leakage/medium/s1,synthetic,Two-walk-Auto,matrix_free,0,load,0.004781176998221781,0.004781649999999971,0.0,0.0,
cross_block_leakage/medium/s1,synthetic,Two-walk-Auto,matrix_free,0,reorder,0.010619338001561118,0.010743150000000035,188.112896,0.0,
cross_block_leakage/medium/s1,synthetic,Two-walk-Auto,matrix_free,0,score,0.006309526001132326,0.0064253819999999795,0.0,0.0,
cross_block_leakage/medium/s1,synthetic,Two-walk-Auto,matrix_free,0,reorder,0.009941525000613183,0.010064181000000061,188.522496,0.0,
cross_block_leakage/medium/s1,synthetic,Two-walk-Auto,matrix_free,0,score,0.006393563999154139,0.006567109999999987,188.522496,0.0,
cross_block_leakage/medium/s1,synthetic,Two-walk-Auto,matrix_free,0,reorder,0.010115211000083946,0.010235318999999965,188.522496,0.0,
cross_block_leakage/medium/s1,synthetic,Two-walk-Auto,matrix_free,0,score,0.006383404997905018,0.006547230999999987,188.522496,0.0,
cross_block_leakage/medium/s1,synthetic,Two-walk-Auto,matrix_free,0,reorder,0.012979569000890478,0.013372048999999997,188.522496,0.0,
cross_block_leakage/medium/s1,synthetic,Two-walk-Auto,matrix_free,0,score,0.006903320998389972,0.007031005999999951,188.522496,0.0,
cross_block_leakage/medium/s1,synthetic,Two-walk-Auto,matrix_free,0,reorder,0.011252667998633115,0.011409002999999918,188.522496,0.0,
cross_block_leakage/medium/s1,synthetic,Two-walk-Auto,matrix_free,0,score,0.006895356000313768,0.007129209999999997,0.0,0.0,
cross_block_leakage/medium/s1,synthetic,Two-walk-Auto,matrix_free,0,reorder,0.011109438000858063,0.011251137000000022,188.522496,0.0,
cross_block_leakage/medium/s1,synthetic,Two-walk-Auto,matrix_free,0,score,0.006572310001502046,0.006669328999999946,188.522496,0.0,
cross_block_leakage/medium/s1,synthetic,Two-walk-Auto,matrix_free,0,total,0.1055475170032878,0.10751053199999994,0.0,0.0,
cross_block_leakage/medium/s1,synthetic,Two-walk-Auto,matrix_free,1,load,0.004965954001818318,0.004964973000000095,0.0,0.0,
cross_block_leakage/medium/s1,synthetic,Two-walk-Auto,matrix_free,1,reorder,0.010817349997523706,0.010932062000000076,188.47744,0.0,
cross_block_leakage/medium/s1,synthetic,Two-walk-Auto,matrix_free,1,score,0.006521715000417316,0.006677253999999966,0.0,0.0,
cross_block_leakage/medium/s1,synthetic,Two-walk-Auto,matrix_free,1,reorder,0.010158943001442822,0.010249143999999988,188.88704,0.0,
cross_block_leakage/medium/s1,synthetic,Two-walk-Auto,matrix_free,1,score,0.006515884000691585,0.0065980949999999705,188.88704,0.0,
cross_block_leakage/medium/s1,synthetic,Two-walk-Auto,matrix_free,1,reorder,0.010236739999527344,0.010383111999999972,188.88704,0.0,
cross_block_leakage/medium/s1,synthetic,Two-walk-Auto,matrix_free,1,score,0.009224008001183392,0.008215380999999966,188.88704,0.0,
cross_block_leakage/medium/s1,synthetic,Two-walk-Auto,matrix_free,1,reorder,0.011081306001869962,0.011195944000000013,188.88704,0.0,
cross_block_leakage/medium/s1,synthetic,Two-walk-Auto,matrix_free,1,score,0.007228541002405109,0.007315528999999987,188.88704,0.0,
cross_block_leakage/medium/s1,synthetic,Two-walk-Auto,matrix_free,1,reorder,0.011056367999117356,0.011170394999999944,188.88704,0.0,
cross_block_leakage/medium/s1,synthetic,Two-walk-Auto,matrix_free,1,score,0.006941052000911441,0.007091699999999923,188.88704,0.0,
cross_block_leakage/medium/s1,synthetic,Two-walk-Auto,matrix_free,1,reorder,0.010478083000634797,0.010603256000000005,188.88704,0.0,
cross_block_leakage/medium/s1,synthetic,Two-walk-Auto,matrix_free,1,score,0.006313234000117518,0.006384206999999975,0.0,0.0,
cross_block_leakage/medium/s1,synthetic,Two-walk-Auto,matrix_free,1,total,0.10665236199929495,0.10688770200000008,0.0,0.0,
cross_block_leakage/large/s0,synthetic,One-walk,dense,-1,load,0.00991300100213266,0.009967755999999994,187.564032,0.0,
cross_block_leakage/large/s0,synthetic,One-walk,dense,-1,reorder,0.07017615700169699,0.07048108100000006,205.144064,0.0,
cross_block_leakage/large/s0,synthetic,One-walk,dense,-1,total,0.07018807900021784,0.07049054900000007,0.0,0.0,
cross_block_leakage/large/s0,synthetic,One-walk,dense,0,load,0.00998859300307231,0.010075988999999952,187.232256,0.0,
cross_block_leakage/large/s0,synthetic,One-walk,dense,0,reorder,0.06814031500107376,0.068510438,204.75904,0.0,
cross_block_leakage/large/s0,synthetic,One-walk,dense,0,total,0.0681513849995099,0.06851921399999994,0.0,0.0,
cross_block_leakage/large/s0,synthetic,One-walk,dense,1,load,0.010388134000095306,0.010466790000000059,188.768256,0.0,
cross_block_leakage/large/s0,synthetic,One-walk,dense,1,reorder,0.06454409200159716,0.06481323500000002,204.681216,0.0,
cross_block_leakage/large/s0,synthetic,One-walk,dense,1,total,0.06455432299844688,0.06482126900000007,0.0,0.0,
cross_block_leakage/large/s0,synthetic,One-walk,matrix_free,-1,load,0.01025961200139136,0.010333110000000034,187.080704,0.0,
cross_block_leakage/large/s0,synthetic,One-walk,matrix_free,-1,reorder,0.6957403849992261,0.7046446970000001,191.24224,0.0,
cross_block_leakage/large/s0,synthetic,One-walk,matrix_free,-1,total,0.6957510040010675,0.704653304,0.0,0.0,
cross_block_leakage/large/s0,synthetic,One-walk,matrix_free,0,load,0.011520640000526328,0.011597415,189.067264,0.0,
cross_block_leakage/large/s0,synthetic,One-walk,matrix_free,0,reorder,0.6920805129993823,0.702067801,191.176704,0.0,
cross_block_leakage/large/s0,synthetic,One-walk,matrix_free,0,total,0.6920922949975647,0.702077319,0.0,0.0,
cross_block_leakage/large/s0,synthetic,One-walk,matrix_free,1,load,0.010066900998936035,0.010167440000000028,187.191296,0.0,
cross_block_leakage/large/s0,synthetic,One-walk,matrix_free,1,reorder,0.6925191370028188,0.7032991149999999,190.988288,0.0,
cross_block_leakage/large/s0,synthetic,One-walk,matrix_free,1,total,0.6925301769988437,0.7033078620000001,0.0,0.0,
cross_block_leakage/large/s0,synthetic,Two-walk,dense,-1,load,0.01015357399955974,0.010174543999999952,187.121664,0.0,
cross_block_leakage/large/s0,synthetic,Two-walk,dense,-1,reorder,0.06914645399956498,0.06952774900000003,205.950976,0.0,
cross_block_leakage/large/s0,synthetic,Two-walk,dense,-1,total,0.06915768399994704,0.06953636500000004,0.0,0.0,
cross_block_leakage/large/s0,synthetic,Two-walk,dense,0,load,0.010369618998083752,0.010454546000000065,189.259776,0.0,
cross_block_leakage/large/s0,synthetic,Two-walk,dense,0,reorder,0.06917978699857485,0.069580113,206.159872,0.0,
cross_block_leakage/large/s0,synthetic,Two-walk,dense,0,total,0.06919126700086053,0.06958904900000007,0.0,0.0,
cross_block_leakage/large/s0,synthetic,Two-walk,dense,1,load,0.010414742999273585,0.010511573000000052,190.214144,0.0,
cross_block_leakage/large/s0,synthetic,Two-walk,dense,1,reorder,0.06914320799842244,0.06946292600000004,206.163968,0.0,
cross_block_leakage/large/s0,synthetic,Two-walk,dense,1,total,0.06915498899979866,0.06947220300000001,0.0,0.0,
cross_block_leakage/large/s0,synthetic,Two-walk,matrix_free,-1,load,0.010158563000004506,0.010190263000000033,187.326464,0.0,
cross_block_leakage/large/s0,synthetic,Two-walk,matrix_free,-1,reorder,0.04485325300265686,0.04534638999999996,191.176704,0.0,
cross_block_leakage/large/s0,synthetic,Two-walk,matrix_free,-1,total,0.04486121800073306,0.045353322999999945,0.0,0.0,
cross_block_leakage/large/s0,synthetic,Two-walk,matrix_free,0,load,0.010028849999798695,0.01006268499999996,187.318272,0.0,
cross_block_leakage/large/s0,synthetic,Two-walk,matrix_free,0,reorder,0.0445796390013129,0.04507990500000003,191.197184,0.0,
cross_block_leakage/large/s0,synthetic,Two-walk,matrix_free,0,total,0.04458791399883921,0.04508715900000004,0.0,0.0,
cross_block_leakage/large/s0,synthetic,Two-walk,matrix_free,1,load,0.009947886999725597,0.010024536000000084,187.379712,0.0,
cross_block_leakage/large/s0,synthetic,Two-walk,matrix_free,1,reorder,0.04409307599780732,0.04464580499999993,191.172608,0.0,
cross_block_leakage/large/s0,synthetic,Two-walk,matrix_free,1,total,0.044101070998294745,0.04465277900000009,0.0,0.0,
cross_block_leakage/large/s0,synthetic,Two-walk-Auto,dense,-1,load,0.010106715002621058,0.010203259000000076,187.420672,0.0,
cross_block_leakage/large/s0,synthetic,Two-walk-Auto,dense,-1,reorder,0.06975673899796675,0.07011792299999997,206.225408,0.0,
cross_block_leakage/large/s0,synthetic,Two-walk-Auto,dense,-1,score,0.013194062001275597,0.01334563199999994,202.36288,0.0,
cross_block_leakage/large/s0,synthetic,Two-walk-Auto,dense,-1,reorder,0.0700414439997985,0.07033822599999995,210.45248,0.0,
cross_block_leakage/large/s0,synthetic,Two-walk-Auto,dense,-1,score,0.013162353003281169,0.013285310999999966,202.493952,0.0,
cross_block_leakage/large/s0,synthetic,Two-walk-Auto,dense,-1,reorder,0.0687637450027978,0.06912109,216.850432,0.0,
cross_block_leakage/large/s0,synthetic,Two-walk-Auto,dense,-1,score,0.013014325002586702,0.013142154000000073,216.850432,0.0,
cross_block_leakage/large/s0,synthetic,Two-walk-Auto,dense,-1,reorder,0.0636795290010923,0.06390361299999991,218.537984,0.0,
cross_block_leakage/large/s0,synthetic,Two-walk-Auto,dense,-1,score,0.013143797998054652,0.01327132200000003,210.583552,0.0,
cross_block_leakage/large/s0,synthetic,Two-walk-Auto,dense,-1,reorder,0.0658320510010526,0.06619408699999996,224.776192,0.0,
cross_block_leakage/large/s0,synthetic,Two-walk-Auto,dense,-1,score,0.013059439999778988,0.013196404999999967,224.776192,0.0,
cross_block_leakage/large/s0,synthetic,Two-walk-Auto,dense,-1,reorder,0.06956330699904356,0.06982650699999993,226.627584,0.0,
cross_block_leakage/large/s0,synthetic,Two-walk-Auto,dense,-1,score,0.01424877200042829,0.014372205000000138,218.669056,0.0,
cross_block_leakage/large/s0,synthetic,Two-walk-Auto,dense,-1,total,0.48756835800304543,0.49020803999999996,0.0,0.0,
cross_block_leakage/large/s0,synthetic,Two-walk-Auto,dense,0,load,0.010203798003203701,0.010237461000000003,187.240448,0.0,
cross_block_leakage/large/s0,synthetic,Two-walk-Auto,dense,0,reorder,0.07746516200131737,0.07640103099999995,206.11072,0.0,
cross_block_leakage/large/s0,synthetic,Two-walk-Auto,dense,0,score,0.015010943003289867,0.015180234000000015,202.244096,0.0,
cross_block_leakage/large/s0,synthetic,Two-walk-Auto,dense,0,reorder,0.07062201399821788,0.07088255200000004,210.3296,0.0,
cross_block_leakage/large/s0,synthetic,Two-walk-Auto,dense,0,score,0.01326092800081824,0.013415473999999983,202.375168,0.0,
cross_block_leakage/large/s0,synthetic,Two-walk-Auto,dense,0,reorder,0.06870742899991455,0.06891053700000005,216.723456,0.0,
cross_block_leakage/large/s0,synthetic,Two-walk-Auto,dense,0,score,0.01331514900084585,0.01348396400000007,216.723456,0.0,
cross_block_leakage/large/s0,synthetic,Two-walk-Auto,dense,0,reorder,0.06384551099836244,0.06414598999999999,218.4192,0.0,
cross_block_leakage/large/s0,synthetic,Two-walk-Auto,dense,0,score,0.013254034998681163,0.013379827000000066,210.460672,0.0,
cross_block_leakage/large/s0,synthetic,Two-walk-Auto,dense,0,reorder,0.06631382599880453,0.06667938699999998,224.657408,0.0,
cross_block_leakage/large/s0,synthetic,Two-walk-Auto,dense,0,score,0.013376846000028308,0.013530650000000088,224.657408,0.0,
cross_block_leakage/large/s0,synthetic,Two-walk-Auto,dense,0,reorder,0.0639063350026845,0.06418242699999999,226.5088,0.0,
cross_block_leakage/large/s0,synthetic,Two-walk-Auto,dense,0,score,0.013446185999782756,0.013577826999999987,218.550272,0.0,
cross_block_leakage/large/s0,synthetic,Two-walk-Auto,dense,0,total,0.49264645199946244,0.4938762579999999,0.0,0.0,
cross_block_leakage/large/s0,synthetic,Two-walk-Auto,dense,1,load,0.010315046998584876,0.010419430000000007,187.57632,0.0,
cross_block_leakage/large/s0,synthetic,Two-walk-Auto,dense,1,reorder,0.07078661300329259,0.07122900999999993,206.340096,0.0,
cross_block_leakage/large/s0,synthetic,Two-walk-Auto,dense,1,score,0.013413673998002196,0.013542399000000094,202.477568,0.0,
cross_block_leakage/large/s0,synthetic,Two-walk-Auto,dense,1,reorder,0.0735793960011506,0.07387005899999999,210.563072,0.0,
cross_block_leakage/large/s0,synthetic,Two-walk-Auto,dense,1,score,0.014638293996540597,0.014760415000000027,202.60864,0.0,
cross_block_leakage/large/s0,synthetic,Two-walk-Auto,dense,1,reorder,0.06960380199961946,0.06995673199999997,216.961024,0.0,
cross_block_leakage/large/s0,synthetic,Two-walk-Auto,dense,1,score,0.013348240998311667,0.013467039999999986,216.961024,0.0,
cross_block_leakage/large/s0,synthetic,Two-walk-Auto,dense,1,reorder,0.06398343000182649,0.06424394899999997,218.652672,0.0,
cross_block_leakage/large/s0,synthetic,Two-walk-Auto,dense,1,score,0.013316512002347736,0.01346098799999984,210.694144,0.0,
cross_block_leakage/large/s0,synthetic,Two-walk-Auto,dense,1,reorder,0.06585726800039993,0.06623204800000004,224.89088,0.0,
cross_block_leakage/large/s0,synthetic,Two-walk-Auto,dense,1,score,0.013330247998965206,0.013479500000000089,224.89088,0.0,
cross_block_leakage/large/s0,synthetic,Two-walk-Auto,dense,1,reorder,0.06396140799915884,0.06422452300000003,226.742272,0.0,
cross_block_leakage/large/s0,synthetic,Two-walk-Auto,dense,1,score,0.013459038997098105,0.013622091000000003,218.783744,0.0,
cross_block_leakage/large/s0,synthetic,Two-walk-Auto,dense,1,total,0.4893863709985453,0.49218304200000007,0.0,0.0,
cross_block_leakage/large/s0,synthetic,Two-walk-Auto,matrix_free,-1,load,0.0102694019988121,0.010333952999999951,187.424768,0.0,
cross_block_leakage/large/s0,synthetic,Two-walk-Auto,matrix_free,-1,reorder,0.04485050700168358,0.044864872,191.258624,0.0,
cross_block_leakage/large/s0,synthetic,Two-walk-Auto,matrix_free,-1,score,0.01362912900003721,0.013823084999999957,191.73376,0.0,
cross_block_leakage/large/s0,synthetic,Two-walk-Auto,matrix_free,-1,reorder,0.04005099699861603,0.04055159400000008,191.73376,0.0,
cross_block_leakage/large/s0,synthetic,Two-walk-Auto,matrix_free,-1,score,0.01347806500052684,0.013649632999999994,191.73376,0.0,
cross_block_leakage/large/s0,synthetic,Two-walk-Auto,matrix_free,-1,reorder,0.04518266100058099,0.04567812900000001,191.73376,0.0,
cross_block_leakage/large/s0,synthetic,Two-walk-Auto,matrix_free,-1,score,0.013520764998247614,0.013735732,191.73376,0.0,
cross_block_leakage/large/s0,synthetic,Two-walk-Auto,matrix_free,-1,reorder,0.051995933001308,0.05259452500000006,191.73376,0.0,
cross_block_leakage/large/s0,synthetic,Two-walk-Auto,matrix_free,-1,score,0.017457156001910334,0.0166447420000001,191.73376,0.0,
cross_block_leakage/large/s0,synthetic,Two-walk-Auto,matrix_free,-1,reorder,0.07984807600223576,0.08082042199999995,191.73376,0.0,
cross_block_leakage/large/s0,synthetic,Two-walk-Auto,matrix_free,-1,score,0.014041774000361329,0.014175836000000164,191.73376,0.0,
cross_block_leakage/large/s0,synthetic,Two-walk-Auto,matrix_free,-1,reorder,0.09812618300202303,0.099112066,191.73376,0.0,
cross_block_leakage/large/s0,synthetic,Two-walk-Auto,matrix_free,-1,score,0.014071208999666851,0.014279668000000134,191.73376,0.0,
cross_block_leakage/large/s0,synthetic,Two-walk-Auto,matrix_free,-1,total,0.44638435500019114,0.450056137,0.0,0.0,
cross_block_leakage/large/s0,synthetic,Two-walk-Auto,matrix_free,0,load,0.01005329599865945,0.010134368000000005,187.478016,0.0,
cross_block_leakage/large/s0,synthetic,Two-walk-Auto,matrix_free,0,reorder,0.04380994399980409,0.04443009100000006,191.299584,0.0,
cross_block_leakage/large/s0,synthetic,Two-walk-Auto,matrix_free,0,score,0.013563606000388972,0.013691660999999966,191.7952,0.0,
cross_block_leakage/large/s0,synthetic,Two-walk-Auto,matrix_free,0,reorder,0.04020693900019978,0.04087910299999997,191.7952,0.0,
cross_block_leakage/large/s0,synthetic,Two-walk-Auto,matrix_free,0,score,0.013326028998562833,0.013459003999999997,191.7952,0.0,
cross_block_leakage/large/s0,synthetic,Two-walk-Auto,matrix_free,0,reorder,0.04472767699917313,0.04536562100000008,191.7952,0.0,
cross_block_leakage/large/s0,synthetic,Two-walk-Auto,matrix_free,0,score,0.013607537999632768,0.013744048000000064,191.7952,0.0,
cross_block_leakage/large/s0,synthetic,Two-walk-Auto,matrix_free,0,reorder,0.0517504520030343,0.05242646800000006,191.7952,0.0,
cross_block_leakage/large/s0,synthetic,Two-walk-Auto,matrix_free,0,score,0.013588261997938389,0.013769644000000025,191.7952,0.0,
cross_block_leakage/large/s0,synthetic,Two-walk-Auto,matrix_free,0,reorder,0.0745449189998908,0.07560192799999998,191.7952,0.0,
cross_block_leakage/large/s0,synthetic,Two-walk-Auto,matrix_free,0,score,0.01345749599931878,0.013599979999999956,191.7952,0.0,
cross_block_leakage/large/s0,synthetic,Two-walk-Auto,matrix_free,0,reorder,0.10163298800034681,0.10108197399999996,191.7952,0.0,
cross_block_leakage/large/s0,synthetic,Two-walk-Auto,matrix_free,0,score,0.013425295997876674,0.013613474000000014,191.7952,0.0,
cross_block_leakage/large/s0,synthetic,Two-walk-Auto,matrix_free,0,total,0.4377223209994554,0.44173702400000003,0.0,0.0,
cross_block_leakage/large/s0,synthetic,Two-walk-Auto,matrix_free,1,load,0.010095934998389566,0.010123208999999966,187.490304,0.0,
cross_block_leakage/large/s0,synthetic,Two-walk-Auto,matrix_free,1,reorder,0.0494493619989953,0.04845484100000008,191.361024,0.0,
cross_block_leakage/large/s0,synthetic,Two-walk-Auto,matrix_free,1,score,0.014290691000496736,0.014449025000000004,191.83616,0.0,
cross_block_leakage/large/s0,synthetic,Two-walk-Auto,matrix_free,1,reorder,0.03976405700086616,0.040353774000000064,191.83616,0.0,
cross_block_leakage/large/s0,synthetic,Two-walk-Auto,matrix_free,1,score,0.013249726998765254,0.013398913000000068,191.83616,0.0,
cross_block_leakage/large/s0,synthetic,Two-walk-Auto,matrix_free,1,reorder,0.044881746001919964,0.04549741399999996,191.83616,0.0,
cross_block_leakage/large/s0,synthetic,Two-walk-Auto,matrix_free,1,score,0.013406450998445507,0.013637326000000005,191.83616,0.0,
cross_block_leakage/large/s0,synthetic,Two-walk-Auto,matrix_free,1,reorder,0.051119817999278894,0.05182073500000006,191.83616,0.0,
cross_block_leakage/large/s0,synthetic,Two-walk-Auto,matrix_free,1,score,0.013203168997279136,0.013402571999999946,191.83616,0.0,
cross_block_leakage/large/s0,synthetic,Two-walk-Auto,matrix_free,1,reorder,0.07648276700274437,0.0774875960000001,191.83616,0.0,
cross_block_leakage/large/s0,synthetic,Two-walk-Auto,matrix_free,1,score,0.013436638000712264,0.013589376999999958,191.83616,0.0,
cross_block_leakage/large/s0,synthetic,Two-walk-Auto,matrix_free,1,reorder,0.09439946700149449,0.09569829299999988,191.83616,0.0,
cross_block_leakage/large/s0,synthetic,Two-walk-Auto,matrix_free,1,score,0.013190896002925001,0.013338709999999976,191.83616,0.0,
cross_block_leakage/large/s0,synthetic,Two-walk-Auto,matrix_free,1,total,0.4369665330013959,0.44121112099999993,0.0,0.0,
cross_block_leakage/large/s1,synthetic,One-walk,dense,-1,load,0.010662860000593355,0.010811597000000006,189.607936,0.0,
cross_block_leakage/large/s1,synthetic,One-walk,dense,-1,reorder,0.06896639600017807,0.06927243899999991,205.422592,0.0,
cross_block_leakage/large/s1,synthetic,One-walk,dense,-1,total,0.06897764599852962,0.06928106500000009,0.0,0.0,
cross_block_leakage/large/s1,synthetic,One-walk,dense,0,load,0.01058935100081726,0.010701188999999944,189.407232,0.0,
cross_block_leakage/large/s1,synthetic,One-walk,dense,0,reorder,0.06841717499992228,0.06871084299999997,205.139968,0.0,
cross_block_leakage/large/s1,synthetic,One-walk,dense,0,total,0.06842862600024091,0.06871978000000001,0.0,0.0,
cross_block_leakage/large/s1,synthetic,One-walk,dense,1,load,0.010441804999572923,0.01049218899999993,187.379712,0.0,
cross_block_leakage/large/s1,synthetic,One-walk,dense,1,reorder,0.06764138899961836,0.06798039599999994,205.369344,0.0,
cross_block_leakage/large/s1,synthetic,One-walk,dense,1,total,0.0676517470019462,0.067988571,0.0,0.0,
cross_block_leakage/large/s1,synthetic,One-walk,matrix_free,-1,load,0.010185414001171011,0.01022646100000002,187.31008,0.0,
cross_block_leakage/large/s1,synthetic,One-walk,matrix_free,-1,reorder,0.856508319000568,0.8657148259999999,191.152128,0.0,
cross_block_leakage/large/s1,synthetic,One-walk,matrix_free,-1,total,0.8565190389999771,0.8657233219999999,0.0,0.0,
cross_block_leakage/large/s1,synthetic,One-walk,matrix_free,0,load,0.012130816001445055,0.012210399999999955,187.899904,0.0,
cross_block_leakage/large/s1,synthetic,One-walk,matrix_free,0,reorder,0.8483717730014178,0.86116488,191.22176,0.0,
cross_block_leakage/large/s1,synthetic,One-walk,matrix_free,0,total,0.8483828730022651,0.8611741159999999,0.0,0.0,
cross_block_leakage/large/s1,synthetic,One-walk,matrix_free,1,load,0.010439490000862861,0.010573101999999945,189.804544,0.0,
cross_block_leakage/large/s1,synthetic,One-walk,matrix_free,1,reorder,0.8575950289996399,0.8687726899999999,191.053824,0.0,
cross_block_leakage/large/s1,synthetic,One-walk,matrix_free,1,total,0.8576058899998316,0.8687813169999999,0.0,0.0,
cross_block_leakage/large/s1,synthetic,Two-walk,dense,-1,load,0.01018599500093842,0.010235136000000034,187.236352,0.0,
cross_block_leakage/large/s1,synthetic,Two-walk,dense,-1,reorder,0.07453296699895873,0.074921727,206.467072,0.0,
cross_block_leakage/large/s1,synthetic,Two-walk,dense,-1,total,0.07454354699802934,0.07492985200000002,0.0,0.0,
cross_block_leakage/large/s1,synthetic,Two-walk,dense,0,load,0.010292504000972258,0.010372464999999997,187.404288,0.0,
cross_block_leakage/large/s1,synthetic,Two-walk,dense,0,reorder,0.07487158300136798,0.07527270999999991,206.62272,0.0,
cross_block_leakage/large/s1,synthetic,Two-walk,dense,0,total,0.07488277400261723,0.07528158799999995,0.0,0.0,
cross_block_leakage/large/s1,synthetic,Two-walk,dense,1,load,0.010073543999169488,0.010129488999999992,187.101184,0.0,
cross_block_leakage/large/s1,synthetic,Two-walk,dense,1,reorder,0.07406489799905103,0.07446240900000001,206.282752,0.0,
cross_block_leakage/large/s1,synthetic,Two-walk,dense,1,total,0.07407518699983484,0.07447060400000005,0.0,0.0,
cross_block_leakage/large/s1,synthetic,Two-walk,matrix_free,-1,load,0.010479735999979312,0.010575842999999918,189.718528,0.0,
cross_block_leakage/large/s1,synthetic,Two-walk,matrix_free,-1,reorder,0.09730430099807563,0.09852575099999994,191.209472,0.0,
cross_block_leakage/large/s1,synthetic,Two-walk,matrix_free,-1,total,0.09731276599995908,0.09853299399999993,0.0,0.0,
cross_block_leakage/large/s1,synthetic,Two-walk,matrix_free,0,load,0.010512167002161732,0.010667223999999975,189.865984,0.0,
cross_block_leakage/large/s1,synthetic,Two-walk,matrix_free,0,reorder,0.09798266399957356,0.09929168,191.729664,0.0,
cross_block_leakage/large/s1,synthetic,Two-walk,matrix_free,0,total,0.09799340400059009,0.09930040600000001,0.0,0.0,
cross_block_leakage/large/s1,synthetic,Two-walk,matrix_free,1,load,0.01015468599871383,0.010199928999999996,187.559936,0.0,
cross_block_leakage/large/s1,synthetic,Two-walk,matrix_free,1,reorder,0.09651803400265635,0.09779985499999999,191.340544,0.0,
cross_block_leakage/large/s1,synthetic,Two-walk,matrix_free,1,total,0.09652706099950592,0.09780725800000001,0.0,0.0,
cross_block_leakage/large/s1,synthetic,Two-walk-Auto,dense,-1,load,0.010378565999417333,0.010514287999999983,189.927424,0.0,
cross_block_leakage/large/s1,synthetic,Two-walk-Auto,dense,-1,reorder,0.07493660500040278,0.07533447599999998,206.344192,0.0,
cross_block_leakage/large/s1,synthetic,Two-walk-Auto,dense,-1,score,0.01359891199899721,0.01373319499999992,202.366976,0.0,
cross_block_leakage/large/s1,synthetic,Two-walk-Auto,dense,-1,reorder,0.06851041900154087,0.06879675299999999,210.685952,0.0,
cross_block_leakage/large/s1,synthetic,Two-walk-Auto,dense,-1,score,0.014530041000398342,0.014604689000000004,202.498048,0.0,
cross_block_leakage/large/s1,synthetic,Two-walk-Auto,dense,-1,reorder,0.07294614800048294,0.07321115599999994,217.206784,0.0,
cross_block_leakage/large/s1,synthetic,Two-walk-Auto,dense,-1,score,0.013666920000105165,0.013772521000000038,217.206784,0.0,
cross_block_leakage/large/s1,synthetic,Two-walk-Auto,dense,-1,reorder,0.06793258399920887,0.068085422,219.004928,0.0,
cross_block_leakage/large/s1,synthetic,Two-walk-Auto,dense,-1,score,0.013485899999068351,0.013607605000000023,210.817024,0.0,
cross_block_leakage/large/s1,synthetic,Two-walk-Auto,dense,-1,reorder,0.08088079599838238,0.0771279600000001,225.52576,0.0,
cross_block_leakage/large/s1,synthetic,Two-walk-Auto,dense,-1,score,0.013379300002270611,0.013513235000000012,225.52576,0.0,
cross_block_leakage/large/s1,synthetic,Two-walk-Auto,dense,-1,reorder,0.06820143900040421,0.06810590100000002,227.319808,0.0,
cross_block_leakage/large/s1,synthetic,Two-walk-Auto,dense,-1,score,0.013376463997701649,0.013482108999999909,219.136,0.0,
cross_block_leakage/large/s1,synthetic,Two-walk-Auto,dense,-1,total,0.5155608239983849,0.5134749499999999,0.0,0.0,
cross_block_leakage/large/s1,synthetic,Two-walk-Auto,dense,0,load,0.011513296001794515,0.011574843999999973,187.809792,0.0,
cross_block_leakage/large/s1,synthetic,Two-walk-Auto,dense,0,reorder,0.0755790410003101,0.07597461500000002,206.512128,0.0,
cross_block_leakage/large/s1,synthetic,Two-walk-Auto,dense,0,score,0.013300010999955703,0.01342179599999993,202.534912,0.0,
cross_block_leakage/large/s1,synthetic,Two-walk-Auto,dense,0,reorder,0.067874665997806,0.06815761799999998,210.849792,0.0,
cross_block_leakage/large/s1,synthetic,Two-walk-Auto,dense,0,score,0.013174044001061702,0.013305708999999943,202.665984,0.0,
cross_block_leakage/large/s1,synthetic,Two-walk-Auto,dense,0,reorder,0.07050259999959962,0.0708582900000001,217.378816,0.0,
cross_block_leakage/large/s1,synthetic,Two-walk-Auto,dense,0,score,0.013377838000451447,0.013554681999999985,217.378816,0.0,
cross_block_leakage/large/s1,synthetic,Two-walk-Auto,dense,0,reorder,0.06679002899909392,0.0670642239999999,219.168768,0.0,
cross_block_leakage/large/s1,synthetic,Two-walk-Auto,dense,0,score,0.013220902998000383,0.013353678999999952,210.980864,0.0,
cross_block_leakage/large/s1,synthetic,Two-walk-Auto,dense,0,reorder,0.0697298499981116,0.07010618999999996,225.6896,0.0,
cross_block_leakage/large/s1,synthetic,Two-walk-Auto,dense,0,score,0.013346799001737963,0.013447464000000187,225.6896,0.0,
cross_block_leakage/large/s1,synthetic,Two-walk-Auto,dense,0,reorder,0.07356563999928767,0.07386526800000004,227.483648,0.0,
cross_block_leakage/large/s1,synthetic,Two-walk-Auto,dense,0,score,0.01319096599763725,0.01332557599999995,219.29984,0.0,
cross_block_leakage/large/s1,synthetic,Two-walk-Auto,dense,0,total,0.5037643359974027,0.506532302,0.0,0.0,
cross_block_leakage/large/s1,synthetic,Two-walk-Auto,dense,1,load,0.010405196000647265,0.01051453899999999,189.97248,0.0,
cross_block_leakage/large/s1,synthetic,Two-walk-Auto,dense,1,reorder,0.08259058499970706,0.08298884799999995,206.5408,0.0,
cross_block_leakage/large/s1,synthetic,Two-walk-Auto,dense,1,score,0.013361856999836164,0.01351078200000011,202.563584,0.0,
cross_block_leakage/large/s1,synthetic,Two-walk-Auto,dense,1,reorder,0.06808938899848727,0.0683648469999999,210.88256,0.0,
cross_block_leakage/large/s1,synthetic,Two-walk-Auto,dense,1,score,0.013398374998359941,0.013539765000000092,202.694656,0.0,
cross_block_leakage/large/s1,synthetic,Two-walk-Auto,dense,1,reorder,0.07034618700345163,0.07071687100000001,217.403392,0.0,
cross_block_leakage/large/s1,synthetic,Two-walk-Auto,dense,1,score,0.01343992300098762,0.013581913999999973,217.403392,0.0,
cross_block_leakage/large/s1,synthetic,Two-walk-Auto,dense,1,reorder,0.0675836390000768,0.06787555400000012,219.19744,0.0,
cross_block_leakage/large/s1,synthetic,Two-walk-Auto,dense,1,score,0.013561903000663733,0.013693425000000037,211.013632,0.0,
cross_block_leakage/large/s1,synthetic,Two-walk-Auto,dense,1,reorder,0.07056763100263197,0.07093168499999991,225.722368,0.0,
cross_block_leakage/large/s1,synthetic,Two-walk-Auto,dense,1,score,0.013430285998765612,0.01357546300000001,225.722368,0.0,
cross_block_leakage/large/s1,synthetic,Two-walk-Auto,dense,1,reorder,0.0673906670017459,0.06767465900000014,227.516416,0.0,
cross_block_leakage/large/s1,synthetic,Two-walk-Auto,dense,1,score,0.013355625000258442,0.013491734999999894,219.328512,0.0,
cross_block_leakage/large/s1,synthetic,Two-walk-Auto,dense,1,total,0.5072332890013058,0.5100480930000001,0.0,0.0,
cross_block_leakage/large/s1,synthetic,Two-walk-Auto,matrix_free,-1,load,0.010217544000624912,0.010285449999999918,187.174912,0.0,
cross_block_leakage/large/s1,synthetic,Two-walk-Auto,matrix_free,-1,reorder,0.09778712700062897,0.09900490700000009,191.033344,0.0,
cross_block_leakage/large/s1,synthetic,Two-walk-Auto,matrix_free,-1,score,0.01658810499793617,0.016736635,191.512576,0.0,
cross_block_leakage/large/s1,synthetic,Two-walk-Auto,matrix_free,-1,reorder,0.0812520619983843,0.08229821600000009,191.512576,0.0,
cross_block_leakage/large/s1,synthetic,Two-walk-Auto,matrix_free,-1,score,0.013532947999919998,0.013693904000000034,191.512576,0.0,
cross_block_leakage/large/s1,synthetic,Two-walk-Auto,matrix_free,-1,reorder,0.12400364900167915,0.12581687900000005,191.512576,0.0,
cross_block_leakage/large/s1,synthetic,Two-walk-Auto,matrix_free,-1,score,0.013625461997435195,0.013747272999999893,191.512576,0.0,
cross_block_leakage/large/s1,synthetic,Two-walk-Auto,matrix_free,-1,reorder,0.11194926700045471,0.11357911500000006,191.512576,0.0,
cross_block_leakage/large/s1,synthetic,Two-walk-Auto,matrix_free,-1,score,0.013573454001743812,0.013718048000000094,191.512576,0.0,
cross_block_leakage/large/s1,synthetic,Two-walk-Auto,matrix_free,-1,reorder,0.1919576340005733,0.19467602700000008,191.512576,0.0,
cross_block_leakage/large/s1,synthetic,Two-walk-Auto,matrix_free,-1,score,0.013148066002031555,0.013285852000000098,191.512576,0.0,
cross_block_leakage/large/s1,synthetic,Two-walk-Auto,matrix_free,-1,reorder,0.2654149410009268,0.2693605509999999,191.512576,0.0,
cross_block_leakage/large/s1,synthetic,Two-walk-Auto,matrix_free,-1,score,0.013187289001507452,0.013333059999999897,191.512576,0.0,
cross_block_leakage/large/s1,synthetic,Two-walk-Auto,matrix_free,-1,total,0.956117756999447,0.969338561,0.0,0.0,
cross_block_leakage/large/s1,synthetic,Two-walk-Auto,matrix_free,0,load,0.010329463999369182,0.010441150999999982,190.046208,0.0,
cross_block_leakage/large/s1,synthetic,Two-walk-Auto,matrix_free,0,reorder,0.0978476310010592,0.09884561999999997,191.102976,0.0,
cross_block_leakage/large/s1,synthetic,Two-walk-Auto,matrix_free,0,score,0.013259644998470321,0.013374054999999996,191.582208,0.0,
cross_block_leakage/large/s1,synthetic,Two-walk-Auto,matrix_free,0,reorder,0.07987407499967958,0.08082774999999998,191.582208,0.0,
cross_block_leakage/large/s1,synthetic,Two-walk-Auto,matrix_free,0,score,0.013325929998245556,0.01352479800000006,191.582208,0.0,
cross_block_leakage/large/s1,synthetic,Two-walk-Auto,matrix_free,0,reorder,0.1348475779996079,0.13459645800000009,191.582208,0.0,
cross_block_leakage/large/s1,synthetic,Two-walk-Auto,matrix_free,0,score,0.013373720001254696,0.0134691549999999,191.582208,0.0,
cross_block_leakage/large/s1,synthetic,Two-walk-Auto,matrix_free,0,reorder,0.11254881200147793,0.11405070099999981,191.582208,0.0,
cross_block_leakage/large/s1,synthetic,Two-walk-Auto,matrix_free,0,score,0.01343940299921087,0.013571564999999897,191.582208,0.0,
cross_block_leakage/large/s1,synthetic,Two-walk-Auto,matrix_free,0,reorder,0.18593037800019374,0.188386862,191.582208,0.0,
cross_block_leakage/large/s1,synthetic,Two-walk-Auto,matrix_free,0,score,0.013288178997754585,0.013500920000000027,191.582208,0.0,
cross_block_leakage/large/s1,synthetic,Two-walk-Auto,matrix_free,0,reorder,0.27309241599868983,0.27608656499999995,191.582208,0.0,
cross_block_leakage/large/s1,synthetic,Two-walk-Auto,matrix_free,0,score,0.013305480999406427,0.013441663999999909,191.582208,0.0,
cross_block_leakage/large/s1,synthetic,Two-walk-Auto,matrix_free,0,total,0.9642347970002447,0.9737657789999999,0.0,0.0,
cross_block_leakage/large/s1,synthetic,Two-walk-Auto,matrix_free,1,load,0.011614076000114437,0.011724765999999942,187.723776,0.0,
cross_block_leakage/large/s1,synthetic,Two-walk-Auto,matrix_free,1,reorder,0.09764365800219821,0.09912069300000004,191.082496,0.0,
cross_block_leakage/large/s1,synthetic,Two-walk-Auto,matrix_free,1,score,0.013505416998668807,0.013605858999999998,191.561728,0.0,
cross_block_leakage/large/s1,synthetic,Two-walk-Auto,matrix_free,1,reorder,0.07689830800154596,0.07787797699999999,191.561728,0.0,
cross_block_leakage/large/s1,synthetic,Two-walk-Auto,matrix_free,1,score,0.013487674001225969,0.01362865999999996,191.561728,0.0,
cross_block_leakage/large/s1,synthetic,Two-walk-Auto,matrix_free,1,reorder,0.12290441500226734,0.1247190050000001,191.561728,0.0,
cross_block_leakage/large/s1,synthetic,Two-walk-Auto,matrix_free,1,score,0.013626312997075729,0.013708311000000029,191.561728,0.0,
cross_block_leakage/large/s1,synthetic,Two-walk-Auto,matrix_free,1,reorder,0.11489440600053058,0.1162046619999999,191.561728,0.0,
cross_block_leakage/large/s1,synthetic,Two-walk-Auto,matrix_free,1,score,0.01342555599694606,0.013593986000000058,191.561728,0.0,
cross_block_leakage/large/s1,synthetic,Two-walk-Auto,matrix_free,1,reorder,0.1828502340031264,0.1853295479999999,191.561728,0.0,
cross_block_leakage/large/s1,synthetic,Two-walk-Auto,matrix_free,1,score,0.013113351000356488,0.013289238000000037,191.561728,0.0,
cross_block_leakage/large/s1,synthetic,Two-walk-Auto,matrix_free,1,reorder,0.27154439900186844,0.27518010299999984,191.561728,0.0,
cross_block_leakage/large/s1,synthetic,Two-walk-Auto,matrix_free,1,score,0.013330738001968712,0.013452483000000015,191.561728,0.0,
cross_block_leakage/large/s1,synthetic,Two-walk-Auto,matrix_free,1,total,0.9473288959998172,0.959803969,0.0,0.0,
