instance_id,suite,family_key,size_key,seed,m,n,nnz,density,n_components,max_component_vertices,max_component_nnz,method,alpha,alpha_sweep,solver,repeat_index,is_warmup,isolation,wall_s,cpu_s,peak_rss_mb,peak_uss_mb,ru_maxrss_mb,operator_footprint_mb,csr_footprint_mb,n_solves,total_matvecs,max_iters,mean_iters,fiedler_lambda2,fiedler_cond,status,error_msg,host_id,git_rev,timestamp
SIC->NAICS,real,naics_sic,,0,1004,1176,2163,0.0018319578827546955,410,1160,1527,One-walk,,,dense,-1,True,process,0.9927139389983495,1.0034203270000002,235.487232,171.536384,241.71875,21.589952,0.034676,410,0,0,0.0,2.0,3.0,ok,,machine-3a00f8af,,1790850099.6995435
SIC->NAICS,real,naics_sic,,0,1004,1176,2163,0.0018319578827546955,410,1160,1527,One-walk,,,dense,0,False,process,0.9778339209988189,0.9845982280000001,234.74176,171.085824,241.42578125,21.589952,0.034676,410,0,0,0.0,2.0,3.0,ok,,machine-3a00f8af,,1790850101.5868156
SIC->NAICS,real,naics_sic,,0,1004,1176,2163,0.0018319578827546955,410,1160,1527,One-walk,,,dense,1,False,process,0.9339272319994052,0.9439541459999999,244.006912,170.139648,241.421875,21.589952,0.034676,410,0,0,0.0,2.0,3.0,ok,,machine-3a00f8af,,1790850103.4632733
SIC->NAICS,real,naics_sic,,0,1004,1176,2163,0.0018319578827546955,410,1160,1527,One-walk,,,matrix_free,-1,True,process,0.34120218099997146,0.3520488620000001,234.82368,149.327872,241.75,21.589952,0.034676,410,6433,5967,15.690243902439024,2.0,2.3754907080294867,ok,,machine-3a00f8af,,1790850105.3337526
SIC->NAICS,real,naics_sic,,0,1004,1176,2163,0.0018319578827546955,410,1160,1527,One-walk,,,matrix_free,0,False,process,0.34575107600176125,0.354296406,244.416512,148.54144,241.89453125,21.589952,0.034676,410,6433,5967,15.690243902439024,2.0,2.3754907080294867,ok,,machine-3a00f8af,,1790850106.60251
SIC->NAICS,real,naics_sic,,0,1004,1176,2163,0.0018319578827546955,410,1160,1527,One-walk,,,matrix_free,1,False,process,0.33898724100072286,0.34753960100000014,222.69952,149.52448,241.51953125,21.589952,0.034676,410,6433,5967,15.690243902439024,2.0,2.3754907080294867,ok,,machine-3a00f8af,,1790850107.84515
SIC->NAICS,real,naics_sic,,0,1004,1176,2163,0.0018319578827546955,410,1160,1527,Two-walk,1.0,,dense,-1,True,process,0.9646041719970526,0.975438724,237.11744,173.109248,241.38671875,21.589952,0.034676,410,0,0,0.0,2.0,1.0000000000000004,ok,,machine-3a00f8af,,1790850109.0987213
SIC->NAICS,real,naics_sic,,0,1004,1176,2163,0.0018319578827546955,410,1160,1527,Two-walk,1.0,,dense,0,False,process,0.9593599610016099,0.9686209940000001,236.855296,172.761088,241.640625,21.589952,0.034676,410,0,0,0.0,2.0,1.0000000000000004,ok,,machine-3a00f8af,,1790850110.9851277
SIC->NAICS,real,naics_sic,,0,1004,1176,2163,0.0018319578827546955,410,1160,1527,Two-walk,1.0,,dense,1,False,process,0.9535637540029711,0.9638013580000001,242.704384,171.249664,241.4453125,21.589952,0.034676,410,0,0,0.0,2.0,1.0000000000000004,ok,,machine-3a00f8af,,1790850112.8526294
SIC->NAICS,real,naics_sic,,0,1004,1176,2163,0.0018319578827546955,410,1160,1527,Two-walk,1.0,,matrix_free,-1,True,process,0.36606936899988796,0.3762764380000001,238.952448,150.310912,241.76953125,21.589952,0.034676,410,5398,4932,13.165853658536586,2.0,1.8918058124456127,ok,,machine-3a00f8af,,1790850114.6991432
SIC->NAICS,real,naics_sic,,0,1004,1176,2163,0.0018319578827546955,410,1160,1527,Two-walk,1.0,,matrix_free,0,False,process,0.3627358279991313,0.37343791000000004,235.474944,151.42912,241.71484375,21.589952,0.034676,410,5398,4932,13.165853658536586,2.0,1.8918058124456127,ok,,machine-3a00f8af,,1790850115.972742
SIC->NAICS,real,naics_sic,,0,1004,1176,2163,0.0018319578827546955,410,1160,1527,Two-walk,1.0,,matrix_free,1,False,process,0.36026932499953546,0.3701124880000001,222.990336,149.098496,241.7265625,21.589952,0.034676,410,5398,4932,13.165853658536586,2.0,1.8918058124456127,ok,,machine-3a00f8af,,1790850117.2309215
SIC->NAICS,real,naics_sic,,0,1004,1176,2163,0.0018319578827546955,410,1160,1527,Two-walk-Auto,,"1,2,4,6,8,12",dense,-1,True,process,3.2671650530028273,3.312713477,304.340992,227.69664,290.07421875,21.589952,0.034676,2460,0,0,0.0,8.0,1.9999999999999998,ok,,machine-3a00f8af,,1790850118.504024
SIC->NAICS,real,naics_sic,,0,1004,1176,2163,0.0018319578827546955,410,1160,1527,Two-walk-Auto,,"1,2,4,6,8,12",dense,0,False,process,3.2476689430004626,3.2931099980000003,302.911488,226.623488,288.46484375,21.589952,0.034676,2460,0,0,0.0,8.0,1.9999999999999998,ok,,machine-3a00f8af,,1790850122.6697383
SIC->NAICS,real,naics_sic,,0,1004,1176,2163,0.0018319578827546955,410,1160,1527,Two-walk-Auto,,"1,2,4,6,8,12",dense,1,False,process,3.2272921910007426,3.2689665409999997,304.902144,228.114432,290.55859375,21.589952,0.034676,2460,0,0,0.0,8.0,1.9999999999999998,ok,,machine-3a00f8af,,1790850126.8290305
SIC->NAICS,real,naics_sic,,0,1004,1176,2163,0.0018319578827546955,410,1160,1527,Two-walk-Auto,,"1,2,4,6,8,12",matrix_free,-1,True,process,1.7054033360000176,1.7521086140000002,241.803264,159.555584,241.0390625,21.589952,0.034676,2460,31205,4932,12.684959349593496,8.0,2.0000000000000004,ok,,machine-3a00f8af,,1790850130.9681404
SIC->NAICS,real,naics_sic,,0,1004,1176,2163,0.0018319578827546955,410,1160,1527,Two-walk-Auto,,"1,2,4,6,8,12",matrix_free,0,False,process,1.7363169099990046,1.789263253,221.720576,158.560256,241.69140625,21.589952,0.034676,2460,31205,4932,12.684959349593496,8.0,2.0000000000000004,ok,,machine-3a00f8af,,1790850133.5759108
SIC->NAICS,real,naics_sic,,0,1004,1176,2163,0.0018319578827546955,410,1160,1527,Two-walk-Auto,,"1,2,4,6,8,12",matrix_free,1,False,process,1.7217645260025165,1.774755351,238.669824,160.620544,242.09375,21.589952,0.034676,2460,31205,4932,12.684959349593496,8.0,2.0000000000000004,ok,,machine-3a00f8af,,1790850136.2529297
CIP->SOC,real,cip_soc,,0,2143,868,6097,0.0032777384733490888,46,2463,5578,One-walk,,,dense,-1,True,process,9.043697526001779,9.083496873,321.134592,219.48416,352.1796875,98.218096,0.085208,46,0,0,0.0,2.0,1.8253570782021107,ok,,machine-3a00f8af,,1790850138.90078
CIP->SOC,real,cip_soc,,0,2143,868,6097,0.0032777384733490888,46,2463,5578,One-walk,,,dense,0,False,process,9.040938653997728,9.080861488,322.633728,220.987392,353.47265625,98.218096,0.085208,46,0,0,0.0,2.0,1.8253570782021107,ok,,machine-3a00f8af,,1790850148.860314
CIP->SOC,real,cip_soc,,0,2143,868,6097,0.0032777384733490888,46,2463,5578,One-walk,,,dense,1,False,process,9.387059493998095,9.430313046999999,321.867776,220.20096,352.7578125,98.218096,0.085208,46,0,0,0.0,2.0,1.8253570782021107,ok,,machine-3a00f8af,,1790850158.7935698
CIP->SOC,real,cip_soc,,0,2143,868,6097,0.0032777384733490888,46,2463,5578,One-walk,,,matrix_free,-1,True,process,0.9739948699971137,0.9845794099999999,274.817024,172.089344,280.92578125,98.218096,0.085208,46,21378,21167,464.7391304347826,2.0,1.1380661171700859,ok,,machine-3a00f8af,,1790850169.0986154
CIP->SOC,real,cip_soc,,0,2143,868,6097,0.0032777384733490888,46,2463,5578,One-walk,,,matrix_free,0,False,process,0.9652087969989225,0.9762826710000001,266.01472,170.213376,281.02734375,98.218096,0.085208,46,21378,21167,464.7391304347826,2.0,1.1380661171700859,ok,,machine-3a00f8af,,1790850170.9641333
CIP->SOC,real,cip_soc,,0,2143,868,6097,0.0032777384733490888,46,2463,5578,One-walk,,,matrix_free,1,False,process,0.9545851530019718,0.966884418,273.57184,171.466752,281.328125,98.218096,0.085208,46,21378,21167,464.7391304347826,2.0,1.1380661171700859,ok,,machine-3a00f8af,,1790850172.8271155
CIP->SOC,real,cip_soc,,0,2143,868,6097,0.0032777384733490888,46,2463,5578,Two-walk,1.0,,dense,-1,True,process,5.615212601001986,5.638754057,349.372416,224.182272,356.359375,98.218096,0.085208,46,0,0,0.0,2.0,1.0000000000000004,ok,,machine-3a00f8af,,1790850174.7025485
CIP->SOC,real,cip_soc,,0,2143,868,6097,0.0032777384733490888,46,2463,5578,Two-walk,1.0,,dense,0,False,process,6.291461431999778,6.311504675,370.180096,225.247232,357.96875,98.218096,0.085208,46,0,0,0.0,2.0,1.0000000000000004,ok,,machine-3a00f8af,,1790850181.3689196
CIP->SOC,real,cip_soc,,0,2143,868,6097,0.0032777384733490888,46,2463,5578,Two-walk,1.0,,dense,1,False,process,5.953190715998062,5.973015628000001,327.39328,224.587776,356.84765625,98.218096,0.085208,46,0,0,0.0,2.0,1.0000000000000004,ok,,machine-3a00f8af,,1790850188.8101962
CIP->SOC,real,cip_soc,,0,2143,868,6097,0.0032777384733490888,46,2463,5578,Two-walk,1.0,,matrix_free,-1,True,process,0.5937218330000178,0.6006647579999999,265.07264,170.35264,280.87109375,98.218096,0.085208,46,7552,7341,164.17391304347825,2.0,1.3709401827837913,ok,,machine-3a00f8af,,1790850195.8565388
CIP->SOC,real,cip_soc,,0,2143,868,6097,0.0032777384733490888,46,2463,5578,Two-walk,1.0,,matrix_free,0,False,process,0.5770660989983298,0.582292703,259.309568,170.856448,280.80078125,98.218096,0.085208,46,7552,7341,164.17391304347825,2.0,1.3709401827837913,ok,,machine-3a00f8af,,1790850197.5045493
CIP->SOC,real,cip_soc,,0,2143,868,6097,0.0032777384733490888,46,2463,5578,Two-walk,1.0,,matrix_free,1,False,process,0.5988426510011777,0.602019133,270.630912,171.60192,280.87890625,98.218096,0.085208,46,7552,7341,164.17391304347825,2.0,1.3709401827837913,ok,,machine-3a00f8af,,1790850199.167399
CIP->SOC,real,cip_soc,,0,2143,868,6097,0.0032777384733490888,46,2463,5578,Two-walk-Auto,,"1,2,4,6,8,12",dense,-1,True,process,45.269362156999705,45.433479006,660.987904,512.016384,632.00390625,98.218096,0.085208,276,0,0,0.0,8.0,1.4899071734444513,ok,,machine-3a00f8af,,1790850200.81323
CIP->SOC,real,cip_soc,,0,2143,868,6097,0.0032777384733490888,46,2463,5578,Two-walk-Auto,,"1,2,4,6,8,12",dense,0,False,process,46.13368525400074,46.274208791,663.207936,514.99008,633.890625,98.218096,0.085208,276,0,0,0.0,8.0,1.4899071734444513,ok,,machine-3a00f8af,,1790850247.0519524
CIP->SOC,real,cip_soc,,0,2143,868,6097,0.0032777384733490888,46,2463,5578,Two-walk-Auto,,"1,2,4,6,8,12",dense,1,False,process,44.68839832099911,44.869564051,640.802816,513.14688,632.42578125,98.218096,0.085208,276,0,0,0.0,8.0,1.4899071734444513,ok,,machine-3a00f8af,,1790850294.1696458
CIP->SOC,real,cip_soc,,0,2143,868,6097,0.0032777384733490888,46,2463,5578,Two-walk-Auto,,"1,2,4,6,8,12",matrix_free,-1,True,process,3.0756677979989036,3.114807598,272.822272,170.643456,281.15625,98.218096,0.085208,276,45701,8098,165.58333333333334,8.0,1.2366799311129535,ok,,machine-3a00f8af,,1790850339.8130486
CIP->SOC,real,cip_soc,,0,2143,868,6097,0.0032777384733490888,46,2463,5578,Two-walk-Auto,,"1,2,4,6,8,12",matrix_free,0,False,process,3.3475410520004516,3.3896832580000007,277.835776,170.999808,281.0,98.218096,0.085208,276,45701,8098,165.58333333333334,8.0,1.2366799311129535,ok,,machine-3a00f8af,,1790850343.8687055
CIP->SOC,real,cip_soc,,0,2143,868,6097,0.0032777384733490888,46,2463,5578,Two-walk-Auto,,"1,2,4,6,8,12",matrix_free,1,False,process,3.4418887219981116,3.485839059,278.429696,170.68032,280.6953125,98.218096,0.085208,276,45701,8098,165.58333333333334,8.0,1.2366799311129535,ok,,machine-3a00f8af,,1790850348.3813937
ACS,real,acs_clean,,0,24,10,140,0.5833333333333334,1,34,140,One-walk,,,dense,-1,True,process,0.006826122000347823,0.0068646759999999585,188.608512,135.008256,179.33203125,0.018496,0.001816,1,0,0,0.0,0.019196835420440456,1.258599234786338,ok,,machine-3a00f8af,,1790850352.9616363
ACS,real,acs_clean,,0,24,10,140,0.5833333333333334,1,34,140,One-walk,,,dense,0,False,process,0.00901101599811227,0.009023212000000003,188.416,134.5536,179.4921875,0.018496,0.001816,1,0,0,0.0,0.019196835420440456,1.258599234786338,ok,,machine-3a00f8af,,1790850354.0858653
ACS,real,acs_clean,,0,24,10,140,0.5833333333333334,1,34,140,One-walk,,,dense,1,False,process,0.006666321001830511,0.006702212999999957,188.387328,134.844416,179.625,0.018496,0.001816,1,0,0,0.0,0.019196835420440456,1.258599234786338,ok,,machine-3a00f8af,,1790850355.1430957
ACS,real,acs_clean,,0,24,10,140,0.5833333333333334,1,34,140,One-walk,,,matrix_free,-1,True,process,0.010539266000705538,0.010583604999999996,188.260352,134.77888,179.5078125,0.018496,0.001816,1,247,247,247.0,0.01919683542044013,1.2585992347863553,ok,,machine-3a00f8af,,1790850356.272935
ACS,real,acs_clean,,0,24,10,140,0.5833333333333334,1,34,140,One-walk,,,matrix_free,0,False,process,0.011041107998607913,0.011174242000000056,188.47744,134.94272,179.38671875,0.018496,0.001816,1,247,247,247.0,0.01919683542044013,1.2585992347863553,ok,,machine-3a00f8af,,1790850357.4364748
ACS,real,acs_clean,,0,24,10,140,0.5833333333333334,1,34,140,One-walk,,,matrix_free,1,False,process,0.012154740001278697,0.012630629000000004,188.162048,134.524928,179.41796875,0.018496,0.001816,1,247,247,247.0,0.01919683542044013,1.2585992347863553,ok,,machine-3a00f8af,,1790850358.622772
ACS,real,acs_clean,,0,24,10,140,0.5833333333333334,1,34,140,Two-walk,1.0,,dense,-1,True,process,0.008273871000710642,0.008300719999999928,188.428288,134.873088,179.32421875,0.018496,0.001816,1,0,0,0.0,0.034614497922408866,1.6870510482693515,ok,,machine-3a00f8af,,1790850359.7476854
ACS,real,acs_clean,,0,24,10,140,0.5833333333333334,1,34,140,Two-walk,1.0,,dense,0,False,process,0.007086900997819612,0.007126795999999991,188.39552,134.692864,179.125,0.018496,0.001816,1,0,0,0.0,0.034614497922408866,1.6870510482693515,ok,,machine-3a00f8af,,1790850360.9396307
ACS,real,acs_clean,,0,24,10,140,0.5833333333333334,1,34,140,Two-walk,1.0,,dense,1,False,process,0.007225340999866603,0.007190024999999989,188.493824,134.766592,179.1484375,0.018496,0.001816,1,0,0,0.0,0.034614497922408866,1.6870510482693515,ok,,machine-3a00f8af,,1790850362.069411
ACS,real,acs_clean,,0,24,10,140,0.5833333333333334,1,34,140,Two-walk,1.0,,matrix_free,-1,True,process,0.01231617400117102,0.012426373000000046,188.256256,134.627328,178.94140625,0.018496,0.001816,1,168,168,168.0,0.03461449792240885,1.6870510482693593,ok,,machine-3a00f8af,,1790850363.4173706
ACS,real,acs_clean,,0,24,10,140,0.5833333333333334,1,34,140,Two-walk,1.0,,matrix_free,0,False,process,0.013509033000445925,0.01362267100000003,188.141568,134.508544,179.328125,0.018496,0.001816,1,168,168,168.0,0.03461449792240885,1.6870510482693593,ok,,machine-3a00f8af,,1790850364.7726216
ACS,real,acs_clean,,0,24,10,140,0.5833333333333334,1,34,140,Two-walk,1.0,,matrix_free,1,False,process,0.009782073000678793,0.01002175999999999,188.403712,134.836224,179.296875,0.018496,0.001816,1,168,168,168.0,0.03461449792240885,1.6870510482693593,ok,,machine-3a00f8af,,1790850366.1706705
ACS,real,acs_clean,,0,24,10,140,0.5833333333333334,1,34,140,Two-walk-Auto,,"1,2,4,6,8,12",dense,-1,True,process,0.020000936998258112,0.020383975,188.325888,134.582272,179.546875,0.018496,0.001816,6,0,0,0.0,0.11212559965854806,1.3855332423746243,ok,,machine-3a00f8af,,1790850367.3116953
ACS,real,acs_clean,,0,24,10,140,0.5833333333333334,1,34,140,Two-walk-Auto,,"1,2,4,6,8,12",dense,0,False,process,0.017584044002433075,0.018068956000000025,188.57984,135.098368,179.80078125,0.018496,0.001816,6,0,0,0.0,0.11212559965854806,1.3855332423746243,ok,,machine-3a00f8af,,1790850368.4472525
ACS,real,acs_clean,,0,24,10,140,0.5833333333333334,1,34,140,Two-walk-Auto,,"1,2,4,6,8,12",dense,1,False,process,0.020788841000467073,0.021174367000000083,188.583936,134.426624,179.78125,0.018496,0.001816,6,0,0,0.0,0.11212559965854806,1.3855332423746243,ok,,machine-3a00f8af,,1790850369.5466218
ACS,real,acs_clean,,0,24,10,140,0.5833333333333334,1,34,140,Two-walk-Auto,,"1,2,4,6,8,12",matrix_free,-1,True,process,0.039605399000720354,0.040470353000000014,188.235776,134.684672,178.98046875,0.018496,0.001816,6,1226,231,204.33333333333334,0.11212559965854804,1.3855332423746343,ok,,machine-3a00f8af,,1790850370.696169
ACS,real,acs_clean,,0,24,10,140,0.5833333333333334,1,34,140,Two-walk-Auto,,"1,2,4,6,8,12",matrix_free,0,False,process,0.03978313300103764,0.040764577000000024,188.02688,134.443008,179.27734375,0.018496,0.001816,6,1226,231,204.33333333333334,0.11212559965854804,1.3855332423746343,ok,,machine-3a00f8af,,1790850371.7901688
ACS,real,acs_clean,,0,24,10,140,0.5833333333333334,1,34,140,Two-walk-Auto,,"1,2,4,6,8,12",matrix_free,1,False,process,0.04171408900219831,0.04240755299999999,188.473344,134.275072,179.6953125,0.018496,0.001816,6,1226,231,204.33333333333334,0.11212559965854804,1.3855332423746343,ok,,machine-3a00f8af,,1790850372.922097
LODES,real,lodes_clean,,0,95,95,7561,0.8377839335180055,1,190,7561,One-walk,,,dense,-1,True,process,0.013070349999907194,0.013239553000000015,190.758912,136.859648,181.6640625,0.5776,0.091492,1,0,0,0.0,0.00167835923572446,1.0324284855656944,ok,,machine-3a00f8af,,1790850374.1027944
LODES,real,lodes_clean,,0,95,95,7561,0.8377839335180055,1,190,7561,One-walk,,,dense,0,False,process,0.01489580800262047,0.014953994000000081,190.685184,137.089024,181.74609375,0.5776,0.091492,1,0,0,0.0,0.00167835923572446,1.0324284855656944,ok,,machine-3a00f8af,,1790850375.1992407
LODES,real,lodes_clean,,0,95,95,7561,0.8377839335180055,1,190,7561,One-walk,,,dense,1,False,process,0.0153690959996311,0.015538733999999943,191.115264,137.089024,181.78515625,0.5776,0.091492,1,0,0,0.0,0.00167835923572446,1.0324284855656944,ok,,machine-3a00f8af,,1790850376.288057
LODES,real,lodes_clean,,0,95,95,7561,0.8377839335180055,1,190,7561,One-walk,,,matrix_free,-1,True,process,0.03118169400113402,0.031467896000000106,189.243392,135.520256,180.22265625,0.5776,0.091492,1,1021,1021,1021.0,0.0016783592357241166,1.0324284855663286,ok,,machine-3a00f8af,,1790850377.431818
LODES,real,lodes_clean,,0,95,95,7561,0.8377839335180055,1,190,7561,One-walk,,,matrix_free,0,False,process,0.030726839999260847,0.031217516,189.321216,135.733248,180.484375,0.5776,0.091492,1,1021,1021,1021.0,0.0016783592357241166,1.0324284855663286,ok,,machine-3a00f8af,,1790850378.5393572
LODES,real,lodes_clean,,0,95,95,7561,0.8377839335180055,1,190,7561,One-walk,,,matrix_free,1,False,process,0.02981141100099194,0.030076330999999956,189.25568,135.446528,180.47265625,0.5776,0.091492,1,1021,1021,1021.0,0.0016783592357241166,1.0324284855663286,ok,,machine-3a00f8af,,1790850379.6341202
LODES,real,lodes_clean,,0,95,95,7561,0.8377839335180055,1,190,7561,Two-walk,1.0,,dense,-1,True,process,0.011455858002591413,0.011510452999999976,190.697472,136.76544,181.734375,0.5776,0.091492,1,0,0,0.0,0.0018814993256460579,1.008522093982768,ok,,machine-3a00f8af,,1790850380.7539735
LODES,real,lodes_clean,,0,95,95,7561,0.8377839335180055,1,190,7561,Two-walk,1.0,,dense,0,False,process,0.01523030400130665,0.015320235000000015,190.521344,137.043968,181.41015625,0.5776,0.091492,1,0,0,0.0,0.0018814993256460579,1.008522093982768,ok,,machine-3a00f8af,,1790850381.8346002
LODES,real,lodes_clean,,0,95,95,7561,0.8377839335180055,1,190,7561,Two-walk,1.0,,dense,1,False,process,0.015146568999625742,0.015241689000000003,190.734336,137.191424,181.55078125,0.5776,0.091492,1,0,0,0.0,0.0018814993256460579,1.008522093982768,ok,,machine-3a00f8af,,1790850383.008815
LODES,real,lodes_clean,,0,95,95,7561,0.8377839335180055,1,190,7561,Two-walk,1.0,,matrix_free,-1,True,process,0.0462355879972165,0.04670676500000004,189.411328,135.790592,180.4453125,0.5776,0.091492,1,1174,1174,1174.0,0.0018814993256466483,1.0085220939826973,ok,,machine-3a00f8af,,1790850384.122706
LODES,real,lodes_clean,,0,95,95,7561,0.8377839335180055,1,190,7561,Two-walk,1.0,,matrix_free,0,False,process,0.04970864799906849,0.05017221599999999,189.325312,135.684096,180.07421875,0.5776,0.091492,1,1174,1174,1174.0,0.0018814993256466483,1.0085220939826973,ok,,machine-3a00f8af,,1790850385.2485032
LODES,real,lodes_clean,,0,95,95,7561,0.8377839335180055,1,190,7561,Two-walk,1.0,,matrix_free,1,False,process,0.04937427099866909,0.04983712099999993,189.083648,135.438336,180.1171875,0.5776,0.091492,1,1174,1174,1174.0,0.0018814993256466483,1.0085220939826973,ok,,machine-3a00f8af,,1790850386.3958178
LODES,real,lodes_clean,,0,95,95,7561,0.8377839335180055,1,190,7561,Two-walk-Auto,,"1,2,4,6,8,12",dense,-1,True,process,0.05087715199988452,0.05148658100000003,192.22528,138.809344,182.671875,0.5776,0.091492,6,0,0,0.0,0.008630376559859137,1.0255139369811026,ok,,machine-3a00f8af,,1790850387.589875
LODES,real,lodes_clean,,0,95,95,7561,0.8377839335180055,1,190,7561,Two-walk-Auto,,"1,2,4,6,8,12",dense,0,False,process,0.05362697600139654,0.05421396599999995,192.528384,138.715136,183.2421875,0.5776,0.091492,6,0,0,0.0,0.008630376559859137,1.0255139369811026,ok,,machine-3a00f8af,,1790850388.7280338
LODES,real,lodes_clean,,0,95,95,7561,0.8377839335180055,1,190,7561,Two-walk-Auto,,"1,2,4,6,8,12",dense,1,False,process,0.055464525998104364,0.05584627800000008,192.393216,138.952704,183.27734375,0.5776,0.091492,6,0,0,0.0,0.008630376559859137,1.0255139369811026,ok,,machine-3a00f8af,,1790850389.923994
LODES,real,lodes_clean,,0,95,95,7561,0.8377839335180055,1,190,7561,Two-walk-Auto,,"1,2,4,6,8,12",matrix_free,-1,True,process,0.2588327429984929,0.26144481900000005,189.775872,135.9872,180.33984375,0.5776,0.091492,6,6718,1241,1119.6666666666667,0.00863037655986279,1.0255139369811799,ok,,machine-3a00f8af,,1790850391.15226
LODES,real,lodes_clean,,0,95,95,7561,0.8377839335180055,1,190,7561,Two-walk-Auto,,"1,2,4,6,8,12",matrix_free,0,False,process,0.2639787839980272,0.26672765099999984,189.476864,135.503872,180.328125,0.5776,0.091492,6,6718,1241,1119.6666666666667,0.00863037655986279,1.0255139369811799,ok,,machine-3a00f8af,,1790850392.5320249
LODES,real,lodes_clean,,0,95,95,7561,0.8377839335180055,1,190,7561,Two-walk-Auto,,"1,2,4,6,8,12",matrix_free,1,False,process,0.25270094000006793,0.2549451039999999,189.2352,135.540736,180.15234375,0.5776,0.091492,6,6718,1241,1119.6666666666667,0.00863037655986279,1.0255139369811799,ok,,machine-3a00f8af,,1790850393.9095829
20Newsgroups,real,twenty_newsgroups,,0,60,48,500,0.1736111111111111,1,107,500,One-walk,,,dense,-1,True,process,0.011397589998523472,0.01142909000000003,188.76416,135.319552,179.48046875,0.183184,0.006432,1,0,0,0.0,0.0003308273894643925,1.2255050564552665,ok,,machine-3a00f8af,,1790850395.3079388
20Newsgroups,real,twenty_newsgroups,,0,60,48,500,0.1736111111111111,1,107,500,One-walk,,,dense,0,False,process,0.01079550899885362,0.010815514999999998,188.57984,134.844416,179.28515625,0.183184,0.006432,1,0,0,0.0,0.0003308273894643925,1.2255050564552665,ok,,machine-3a00f8af,,1790850396.4157014
20Newsgroups,real,twenty_newsgroups,,0,60,48,500,0.1736111111111111,1,107,500,One-walk,,,dense,1,False,process,0.009697588000562973,0.009480264000000016,188.776448,135.041024,179.60546875,0.183184,0.006432,1,0,0,0.0,0.0003308273894643925,1.2255050564552665,ok,,machine-3a00f8af,,1790850397.615484
20Newsgroups,real,twenty_newsgroups,,0,60,48,500,0.1736111111111111,1,107,500,One-walk,,,matrix_free,-1,True,process,0.017896801997267175,0.01818208999999993,188.309504,134.557696,178.9375,0.183184,0.006432,1,525,525,525.0,0.00033082738946440935,1.2255050564552523,ok,,machine-3a00f8af,,1790850398.8201761
20Newsgroups,real,twenty_newsgroups,,0,60,48,500,0.1736111111111111,1,107,500,One-walk,,,matrix_free,0,False,process,0.013793016998533858,0.013894980000000001,188.301312,134.582272,179.25390625,0.183184,0.006432,1,526,526,526.0,0.0003308273894644086,1.22550505645521,ok,,machine-3a00f8af,,1790850399.9706533
20Newsgroups,real,twenty_newsgroups,,0,60,48,500,0.1736111111111111,1,107,500,One-walk,,,matrix_free,1,False,process,0.0174710720020812,0.017660018999999916,188.370944,134.905856,179.421875,0.183184,0.006432,1,523,523,523.0,0.00033082738946441515,1.2255050564551881,ok,,machine-3a00f8af,,1790850401.1617088
20Newsgroups,real,twenty_newsgroups,,0,60,48,500,0.1736111111111111,1,107,500,Two-walk,1.0,,dense,-1,True,process,0.011763897000491852,0.011782210000000015,188.944384,135.159808,179.546875,0.183184,0.006432,1,0,0,0.0,0.0003692531223626054,1.176706402389039,ok,,machine-3a00f8af,,1790850402.3964806
20Newsgroups,real,twenty_newsgroups,,0,60,48,500,0.1736111111111111,1,107,500,Two-walk,1.0,,dense,0,False,process,0.008497184000589186,0.00851220499999994,188.878848,135.221248,179.53125,0.183184,0.006432,1,0,0,0.0,0.0003692531223626054,1.176706402389039,ok,,machine-3a00f8af,,1790850403.525227
20Newsgroups,real,twenty_newsgroups,,0,60,48,500,0.1736111111111111,1,107,500,Two-walk,1.0,,dense,1,False,process,0.00959527499799151,0.009641967999999945,188.997632,135.397376,180.0546875,0.183184,0.006432,1,0,0,0.0,0.0003692531223626054,1.176706402389039,ok,,machine-3a00f8af,,1790850404.6354403
20Newsgroups,real,twenty_newsgroups,,0,60,48,500,0.1736111111111111,1,107,500,Two-walk,1.0,,matrix_free,-1,True,process,0.01625877600235981,0.01640632200000003,188.276736,134.078464,179.43359375,0.183184,0.006432,1,507,507,507.0,0.00036925312236272986,1.176706402388584,ok,,machine-3a00f8af,,1790850405.7403755
20Newsgroups,real,twenty_newsgroups,,0,60,48,500,0.1736111111111111,1,107,500,Two-walk,1.0,,matrix_free,0,False,process,0.01720995199866593,0.01777167199999996,188.522496,134.94272,179.4375,0.183184,0.006432,1,507,507,507.0,0.00036925312236272986,1.176706402388584,ok,,machine-3a00f8af,,1790850406.8416324
20Newsgroups,real,twenty_newsgroups,,0,60,48,500,0.1736111111111111,1,107,500,Two-walk,1.0,,matrix_free,1,False,process,0.02075197199883405,0.020940380999999952,188.420096,134.885376,179.359375,0.183184,0.006432,1,507,507,507.0,0.00036925312236272986,1.176706402388584,ok,,machine-3a00f8af,,1790850408.0045993
20Newsgroups,real,twenty_newsgroups,,0,60,48,500,0.1736111111111111,1,107,500,Two-walk-Auto,,"1,2,4,6,8,12",dense,-1,True,process,0.03014277400143328,0.030657884000000024,189.452288,135.729152,180.3125,0.183184,0.006432,6,0,0,0.0,0.001693047577538084,1.21964582778104,ok,,machine-3a00f8af,,1790850409.128431
20Newsgroups,real,twenty_newsgroups,,0,60,48,500,0.1736111111111111,1,107,500,Two-walk-Auto,,"1,2,4,6,8,12",dense,0,False,process,0.032813227000588086,0.03331601500000003,189.493248,135.82336,180.62109375,0.183184,0.006432,6,0,0,0.0,0.001693047577538084,1.21964582778104,ok,,machine-3a00f8af,,1790850410.2512732
20Newsgroups,real,twenty_newsgroups,,0,60,48,500,0.1736111111111111,1,107,500,Two-walk-Auto,,"1,2,4,6,8,12",dense,1,False,process,0.031033166000270285,0.031398519000000014,189.476864,136.06912,180.46484375,0.183184,0.006432,6,0,0,0.0,0.001693047577538084,1.21964582778104,ok,,machine-3a00f8af,,1790850411.3722026
20Newsgroups,real,twenty_newsgroups,,0,60,48,500,0.1736111111111111,1,107,500,Two-walk-Auto,,"1,2,4,6,8,12",matrix_free,-1,True,process,0.09040698099852307,0.09225930199999999,188.256256,134.508544,179.35546875,0.183184,0.006432,6,3204,574,534.0,0.0016930475775380827,1.2196458277809463,ok,,machine-3a00f8af,,1790850412.543019
20Newsgroups,real,twenty_newsgroups,,0,60,48,500,0.1736111111111111,1,107,500,Two-walk-Auto,,"1,2,4,6,8,12",matrix_free,0,False,process,0.08711009000035119,0.08840474099999995,188.076032,134.549504,178.72265625,0.183184,0.006432,6,3183,556,530.5,0.0016930475775381237,1.219645827780944,ok,,machine-3a00f8af,,1790850413.7767873
20Newsgroups,real,twenty_newsgroups,,0,60,48,500,0.1736111111111111,1,107,500,Two-walk-Auto,,"1,2,4,6,8,12",matrix_free,1,False,process,0.08755958400070085,0.08906246400000006,188.338176,134.81984,178.90234375,0.183184,0.006432,6,3162,541,527.0,0.0016930475775380717,1.2196458277809756,ok,,machine-3a00f8af,,1790850415.0498722
MBTA,real,gtfs_clean,,0,8,125,174,0.174,1,133,174,One-walk,,,dense,-1,True,process,0.014628556000388926,0.014665630999999957,188.854272,134.905856,179.53515625,0.283024,0.00262,1,0,0,0.0,0.022367584299579968,2.9767618958745343,ok,,machine-3a00f8af,,1790850416.2308102
MBTA,real,gtfs_clean,,0,8,125,174,0.174,1,133,174,One-walk,,,dense,0,False,process,0.01607447000060347,0.01620930800000009,189.165568,135.356416,179.85546875,0.283024,0.00262,1,0,0,0.0,0.022367584299579968,2.9767618958745343,ok,,machine-3a00f8af,,1790850417.3426402
MBTA,real,gtfs_clean,,0,8,125,174,0.174,1,133,174,One-walk,,,dense,1,False,process,0.0148283509988687,0.014951586999999988,188.858368,135.303168,179.6796875,0.283024,0.00262,1,0,0,0.0,0.022367584299579968,2.9767618958745343,ok,,machine-3a00f8af,,1790850418.4084616
MBTA,real,gtfs_clean,,0,8,125,174,0.174,1,133,174,One-walk,,,matrix_free,-1,True,process,0.012424296997778583,0.01280724600000005,188.297216,134.61504,179.21875,0.283024,0.00262,1,392,392,392.0,0.02236758429957932,2.976761895874565,ok,,machine-3a00f8af,,1790850419.4896984
MBTA,real,gtfs_clean,,0,8,125,174,0.174,1,133,174,One-walk,,,matrix_free,0,False,process,0.012094457997591235,0.012665027000000051,188.461056,134.668288,179.6796875,0.283024,0.00262,1,392,392,392.0,0.02236758429957932,2.976761895874565,ok,,machine-3a00f8af,,1790850420.5787084
MBTA,real,gtfs_clean,,0,8,125,174,0.174,1,133,174,One-walk,,,matrix_free,1,False,process,0.012738787001580931,0.013147001999999963,188.342272,134.795264,179.2265625,0.283024,0.00262,1,392,392,392.0,0.02236758429957932,2.976761895874565,ok,,machine-3a00f8af,,1790850421.6640673
MBTA,real,gtfs_clean,,0,8,125,174,0.174,1,133,174,Two-walk,1.0,,dense,-1,True,process,0.012918765001813881,0.013009695000000043,189.3376,134.975488,180.17578125,0.283024,0.00262,1,0,0,0.0,0.1838817998707775,4.8205393327900214,ok,,machine-3a00f8af,,1790850422.7676938
MBTA,real,gtfs_clean,,0,8,125,174,0.174,1,133,174,Two-walk,1.0,,dense,0,False,process,0.015010762999736471,0.015125359999999977,189.19424,135.385088,180.3359375,0.283024,0.00262,1,0,0,0.0,0.1838817998707775,4.8205393327900214,ok,,machine-3a00f8af,,1790850423.875298
MBTA,real,gtfs_clean,,0,8,125,174,0.174,1,133,174,Two-walk,1.0,,dense,1,False,process,0.01317251100044814,0.013302403000000074,189.001728,135.114752,180.1796875,0.283024,0.00262,1,0,0,0.0,0.1838817998707775,4.8205393327900214,ok,,machine-3a00f8af,,1790850424.9852695
MBTA,real,gtfs_clean,,0,8,125,174,0.174,1,133,174,Two-walk,1.0,,matrix_free,-1,True,process,0.012190828998427605,0.012324912999999937,188.530688,134.88128,179.66796875,0.283024,0.00262,1,245,245,245.0,0.18388179987078004,4.820539332789961,ok,,machine-3a00f8af,,1790850426.089988
MBTA,real,gtfs_clean,,0,8,125,174,0.174,1,133,174,Two-walk,1.0,,matrix_free,0,False,process,0.011553001000720542,0.011651998000000052,188.051456,134.3488,178.91015625,0.283024,0.00262,1,245,245,245.0,0.18388179987078004,4.820539332789961,ok,,machine-3a00f8af,,1790850427.2195313
MBTA,real,gtfs_clean,,0,8,125,174,0.174,1,133,174,Two-walk,1.0,,matrix_free,1,False,process,0.01198059400121565,0.012058535999999953,188.633088,134.135808,178.859375,0.283024,0.00262,1,245,245,245.0,0.18388179987078004,4.820539332789961,ok,,machine-3a00f8af,,1790850428.3292181
MBTA,real,gtfs_clean,,0,8,125,174,0.174,1,133,174,Two-walk-Auto,,"1,2,4,6,8,12",dense,-1,True,process,0.03839603000233183,0.03900854399999998,189.538304,136.11008,180.5078125,0.283024,0.00262,6,0,0,0.0,0.30459130873928436,3.9343780329042155,ok,,machine-3a00f8af,,1790850429.44997
MBTA,real,gtfs_clean,,0,8,125,174,0.174,1,133,174,Two-walk-Auto,,"1,2,4,6,8,12",dense,0,False,process,0.042200422001769766,0.042875035000000006,190.001152,136.032256,180.953125,0.283024,0.00262,6,0,0,0.0,0.30459130873928436,3.9343780329042155,ok,,machine-3a00f8af,,1790850430.5689707
MBTA,real,gtfs_clean,,0,8,125,174,0.174,1,133,174,Two-walk-Auto,,"1,2,4,6,8,12",dense,1,False,process,0.04214350600159378,0.04292954500000001,189.80864,136.192,180.87109375,0.283024,0.00262,6,0,0,0.0,0.30459130873928436,3.9343780329042155,ok,,machine-3a00f8af,,1790850431.7271483
MBTA,real,gtfs_clean,,0,8,125,174,0.174,1,133,174,Two-walk-Auto,,"1,2,4,6,8,12",matrix_free,-1,True,process,0.051089190998027334,0.052071993999999955,188.153856,134.545408,179.10546875,0.283024,0.00262,6,1745,342,290.8333333333333,0.30459130873929896,3.934378032904057,ok,,machine-3a00f8af,,1790850432.8622909
MBTA,real,gtfs_clean,,0,8,125,174,0.174,1,133,174,Two-walk-Auto,,"1,2,4,6,8,12",matrix_free,0,False,process,0.050166629000159446,0.051557662000000004,188.235776,134.729728,179.0234375,0.283024,0.00262,6,1745,342,290.8333333333333,0.30459130873929896,3.934378032904057,ok,,machine-3a00f8af,,1790850434.0247512
MBTA,real,gtfs_clean,,0,8,125,174,0.174,1,133,174,Two-walk-Auto,,"1,2,4,6,8,12",matrix_free,1,False,process,0.050783667000359856,0.052612243,188.485632,134.848512,179.41796875,0.283024,0.00262,6,1745,342,290.8333333333333,0.30459130873929896,3.934378032904057,ok,,machine-3a00f8af,,1790850435.2166977
OpenAlex,real,openalex,,0,60,8,69,0.14375,5,31,36,One-walk,,,dense,-1,True,process,0.010767194999061758,0.0108087280000001,188.612608,134.955008,179.46484375,0.022432,0.0011,5,0,0,0.0,0.2322681215900234,1.1112603540349841,ok,,machine-3a00f8af,,1790850436.3935363
OpenAlex,real,openalex,,0,60,8,69,0.14375,5,31,36,One-walk,,,dense,0,False,process,0.008496812999510439,0.008523867999999934,188.289024,134.53312,179.20703125,0.022432,0.0011,5,0,0,0.0,0.2322681215900234,1.1112603540349841,ok,,machine-3a00f8af,,1790850437.5257196
OpenAlex,real,openalex,,0,60,8,69,0.14375,5,31,36,One-walk,,,dense,1,False,process,0.007899100000940962,0.007919827000000046,188.370944,134.79936,179.35546875,0.022432,0.0011,5,0,0,0.0,0.2322681215900234,1.1112603540349841,ok,,machine-3a00f8af,,1790850438.6363294
OpenAlex,real,openalex,,0,60,8,69,0.14375,5,31,36,One-walk,,,matrix_free,-1,True,process,0.010281614002451533,0.010466230999999993,188.33408,134.705152,179.06640625,0.022432,0.0011,5,125,84,25.0,0.2322681215900234,1.1112603540349846,ok,,machine-3a00f8af,,1790850439.753247
OpenAlex,real,openalex,,0,60,8,69,0.14375,5,31,36,One-walk,,,matrix_free,0,False,process,0.010703415999159915,0.01088755600000002,188.243968,134.631424,179.1875,0.022432,0.0011,5,125,84,25.0,0.2322681215900234,1.1112603540349846,ok,,machine-3a00f8af,,1790850440.8801882
OpenAlex,real,openalex,,0,60,8,69,0.14375,5,31,36,One-walk,,,matrix_free,1,False,process,0.010510252999665681,0.010704060999999987,188.637184,134.598656,179.57421875,0.022432,0.0011,5,125,84,25.0,0.2322681215900234,1.1112603540349846,ok,,machine-3a00f8af,,1790850442.032721
OpenAlex,real,openalex,,0,60,8,69,0.14375,5,31,36,Two-walk,1.0,,dense,-1,True,process,0.007906815000751521,0.007944935000000042,188.465152,134.8608,179.5703125,0.022432,0.0011,5,0,0,0.0,0.8724848708283983,1.111157029614049,ok,,machine-3a00f8af,,1790850443.1136696
OpenAlex,real,openalex,,0,60,8,69,0.14375,5,31,36,Two-walk,1.0,,dense,0,False,process,0.00800437799989595,0.008046795999999912,188.399616,134.67648,179.609375,0.022432,0.0011,5,0,0,0.0,0.8724848708283983,1.111157029614049,ok,,machine-3a00f8af,,1790850444.226322
OpenAlex,real,openalex,,0,60,8,69,0.14375,5,31,36,Two-walk,1.0,,dense,1,False,process,0.00915310499840416,0.009179040999999999,188.432384,134.352896,179.6328125,0.022432,0.0011,5,0,0,0.0,0.8724848708283983,1.111157029614049,ok,,machine-3a00f8af,,1790850445.3398492
OpenAlex,real,openalex,,0,60,8,69,0.14375,5,31,36,Two-walk,1.0,,matrix_free,-1,True,process,0.014317280998511706,0.014527796999999953,188.530688,134.914048,179.74609375,0.022432,0.0011,5,125,84,25.0,0.8724848708283953,1.1111570296140476,ok,,machine-3a00f8af,,1790850446.4554048
OpenAlex,real,openalex,,0,60,8,69,0.14375,5,31,36,Two-walk,1.0,,matrix_free,0,False,process,0.010909122000157367,0.011153552000000011,188.53888,134.873088,179.63671875,0.022432,0.0011,5,125,84,25.0,0.8724848708283953,1.1111570296140476,ok,,machine-3a00f8af,,1790850447.568935
OpenAlex,real,openalex,,0,60,8,69,0.14375,5,31,36,Two-walk,1.0,,matrix_free,1,False,process,0.015492638001887826,0.015736407000000008,188.219392,134.561792,179.26171875,0.022432,0.0011,5,125,84,25.0,0.8724848708283953,1.1111570296140476,ok,,machine-3a00f8af,,1790850448.708692
OpenAlex,real,openalex,,0,60,8,69,0.14375,5,31,36,Two-walk-Auto,,"1,2,4,6,8,12",dense,-1,True,process,0.03014234299917007,0.030881160999999935,188.60032,135.00416,179.60546875,0.022432,0.0011,30,0,0,0.0,1.9145671953339094,1.1112538643653407,ok,,machine-3a00f8af,,1790850449.8457556
OpenAlex,real,openalex,,0,60,8,69,0.14375,5,31,36,Two-walk-Auto,,"1,2,4,6,8,12",dense,0,False,process,0.033034883002983406,0.03407584900000005,188.616704,134.905856,179.578125,0.022432,0.0011,30,0,0,0.0,1.9145671953339094,1.1112538643653407,ok,,machine-3a00f8af,,1790850450.968156
OpenAlex,real,openalex,,0,60,8,69,0.14375,5,31,36,Two-walk-Auto,,"1,2,4,6,8,12",dense,1,False,process,0.031968421000783565,0.03261286600000002,188.338176,134.59456,179.515625,0.022432,0.0011,30,0,0,0.0,1.9145671953339094,1.1112538643653407,ok,,machine-3a00f8af,,1790850452.0888555
OpenAlex,real,openalex,,0,60,8,69,0.14375,5,31,36,Two-walk-Auto,,"1,2,4,6,8,12",matrix_free,-1,True,process,0.04642918100216775,0.04739296699999995,188.788736,134.361088,179.69140625,0.022432,0.0011,30,751,85,25.033333333333335,1.9145671953339098,1.1112538643653398,ok,,machine-3a00f8af,,1790850453.2340386
OpenAlex,real,openalex,,0,60,8,69,0.14375,5,31,36,Two-walk-Auto,,"1,2,4,6,8,12",matrix_free,0,False,process,0.04691231800097739,0.048014161,188.440576,134.709248,179.10546875,0.022432,0.0011,30,751,85,25.033333333333335,1.9145671953339098,1.1112538643653398,ok,,machine-3a00f8af,,1790850454.4074607
OpenAlex,real,openalex,,0,60,8,69,0.14375,5,31,36,Two-walk-Auto,,"1,2,4,6,8,12",matrix_free,1,False,process,0.04703382700245129,0.048269805,188.624896,134.803456,179.73046875,0.022432,0.0011,30,751,85,25.033333333333335,1.9145671953339098,1.1112538643653398,ok,,machine-3a00f8af,,1790850455.58394
clean_block/small/s0,synthetic,clean_block,small,0,100,90,592,0.06577777777777778,1,183,592,One-walk,,,dense,-1,True,process,0.013435675999062369,0.01361326400000007,189.902848,136.220672,180.3359375,0.535824,0.007864,1,0,0,0.0,0.031255511639808706,1.136648749823701,ok,,machine-3a00f8af,,1790850456.7663884
clean_block/small/s0,synthetic,clean_block,small,0,100,90,592,0.06577777777777778,1,183,592,One-walk,,,dense,0,False,process,0.012415991001034854,0.012537102000000022,189.820928,136.37632,180.84375,0.535824,0.007864,1,0,0,0.0,0.031255511639808706,1.136648749823701,ok,,machine-3a00f8af,,1790850457.8786092
clean_block/small/s0,synthetic,clean_block,small,0,100,90,592,0.06577777777777778,1,183,592,One-walk,,,dense,1,False,process,0.01290216500274255,0.013020272999999971,189.804544,136.384512,180.6640625,0.535824,0.007864,1,0,0,0.0,0.031255511639808706,1.136648749823701,ok,,machine-3a00f8af,,1790850458.9833302
clean_block/small/s0,synthetic,clean_block,small,0,100,90,592,0.06577777777777778,1,183,592,One-walk,,,matrix_free,-1,True,process,0.02034303400068893,0.020054756000000062,188.280832,134.295552,178.72265625,0.535824,0.007864,1,594,594,594.0,0.031255511639808775,1.1366487498236766,ok,,machine-3a00f8af,,1790850460.1195123
clean_block/small/s0,synthetic,clean_block,small,0,100,90,592,0.06577777777777778,1,183,592,One-walk,,,matrix_free,0,False,process,0.01906358199994429,0.019268076000000023,188.235776,134.668288,178.9296875,0.535824,0.007864,1,594,594,594.0,0.031255511639808775,1.1366487498236766,ok,,machine-3a00f8af,,1790850461.30074
clean_block/small/s0,synthetic,clean_block,small,0,100,90,592,0.06577777777777778,1,183,592,One-walk,,,matrix_free,1,False,process,0.019325404002302093,0.01946314199999999,188.567552,134.971392,179.48828125,0.535824,0.007864,1,594,594,594.0,0.031255511639808775,1.1366487498236766,ok,,machine-3a00f8af,,1790850462.4479566
clean_block/small/s0,synthetic,clean_block,small,0,100,90,592,0.06577777777777778,1,183,592,Two-walk,1.0,,dense,-1,True,process,0.011852964002173394,0.011992011000000025,190.283776,136.630272,181.4296875,0.535824,0.007864,1,0,0,0.0,0.11886619671279612,1.6101886687048677,ok,,machine-3a00f8af,,1790850463.5682826
clean_block/small/s0,synthetic,clean_block,small,0,100,90,592,0.06577777777777778,1,183,592,Two-walk,1.0,,dense,0,False,process,0.012259978000656702,0.012358706999999969,189.800448,136.138752,180.859375,0.535824,0.007864,1,0,0,0.0,0.11886619671279612,1.6101886687048677,ok,,machine-3a00f8af,,1790850464.6793382
clean_block/small/s0,synthetic,clean_block,small,0,100,90,592,0.06577777777777778,1,183,592,Two-walk,1.0,,dense,1,False,process,0.011445489999459824,0.011550023999999937,190.070784,136.421376,180.89453125,0.535824,0.007864,1,0,0,0.0,0.11886619671279612,1.6101886687048677,ok,,machine-3a00f8af,,1790850465.8001626
clean_block/small/s0,synthetic,clean_block,small,0,100,90,592,0.06577777777777778,1,183,592,Two-walk,1.0,,matrix_free,-1,True,process,0.01811991100112209,0.018370088000000062,188.473344,134.131712,179.43359375,0.535824,0.007864,1,445,445,445.0,0.1188661967127997,1.6101886687048312,ok,,machine-3a00f8af,,1790850466.9356036
clean_block/small/s0,synthetic,clean_block,small,0,100,90,592,0.06577777777777778,1,183,592,Two-walk,1.0,,matrix_free,0,False,process,0.018322321000596276,0.01855812499999998,188.297216,134.733824,179.4609375,0.535824,0.007864,1,445,445,445.0,0.1188661967127997,1.6101886687048312,ok,,machine-3a00f8af,,1790850468.103717
clean_block/small/s0,synthetic,clean_block,small,0,100,90,592,0.06577777777777778,1,183,592,Two-walk,1.0,,matrix_free,1,False,process,0.018766283999866573,0.01894665799999995,188.280832,134.197248,179.46875,0.535824,0.007864,1,445,445,445.0,0.1188661967127997,1.6101886687048312,ok,,machine-3a00f8af,,1790850469.2315335
clean_block/small/s0,synthetic,clean_block,small,0,100,90,592,0.06577777777777778,1,183,592,Two-walk-Auto,,"1,2,4,6,8,12",dense,-1,True,process,0.05244029800087446,0.053133232000000086,191.307776,137.596928,182.31640625,0.535824,0.007864,6,0,0,0.0,0.34158481088337467,1.1082837733629076,ok,,machine-3a00f8af,,1790850470.319315
clean_block/small/s0,synthetic,clean_block,small,0,100,90,592,0.06577777777777778,1,183,592,Two-walk-Auto,,"1,2,4,6,8,12",dense,0,False,process,0.05589354000039748,0.056427834999999926,191.418368,137.764864,182.4296875,0.535824,0.007864,6,0,0,0.0,0.34158481088337467,1.1082837733629076,ok,,machine-3a00f8af,,1790850471.523439
clean_block/small/s0,synthetic,clean_block,small,0,100,90,592,0.06577777777777778,1,183,592,Two-walk-Auto,,"1,2,4,6,8,12",dense,1,False,process,0.055316979000053834,0.05605578999999994,191.3856,137.515008,182.0859375,0.535824,0.007864,6,0,0,0.0,0.34158481088337467,1.1082837733629076,ok,,machine-3a00f8af,,1790850472.6818306
clean_block/small/s0,synthetic,clean_block,small,0,100,90,592,0.06577777777777778,1,183,592,Two-walk-Auto,,"1,2,4,6,8,12",matrix_free,-1,True,process,0.10335495000254014,0.10507646199999987,188.39552,134.967296,179.60546875,0.535824,0.007864,6,3112,564,518.6666666666666,0.34158481088337167,1.1082837733628659,ok,,machine-3a00f8af,,1790850473.857251
clean_block/small/s0,synthetic,clean_block,small,0,100,90,592,0.06577777777777778,1,183,592,Two-walk-Auto,,"1,2,4,6,8,12",matrix_free,0,False,process,0.10180371800015564,0.10332646000000001,188.379136,134.84032,179.3359375,0.535824,0.007864,6,3112,564,518.6666666666666,0.34158481088337167,1.1082837733628659,ok,,machine-3a00f8af,,1790850475.0761156
clean_block/small/s0,synthetic,clean_block,small,0,100,90,592,0.06577777777777778,1,183,592,Two-walk-Auto,,"1,2,4,6,8,12",matrix_free,1,False,process,0.09880337499998859,0.100327257,188.239872,134.627328,179.38671875,0.535824,0.007864,6,3112,564,518.6666666666666,0.34158481088337167,1.1082837733628659,ok,,machine-3a00f8af,,1790850476.2695677
clean_block/small/s1,synthetic,clean_block,small,1,100,90,629,0.06988888888888889,1,183,629,One-walk,,,dense,-1,True,process,0.01594759200088447,0.016078303000000016,189.935616,136.491008,180.421875,0.535824,0.008308,1,0,0,0.0,0.02714196733704413,1.375043865742998,ok,,machine-3a00f8af,,1790850477.4582567
clean_block/small/s1,synthetic,clean_block,small,1,100,90,629,0.06988888888888889,1,183,629,One-walk,,,dense,0,False,process,0.014656888997706119,0.01476048799999996,190.066688,135.553024,180.9375,0.535824,0.008308,1,0,0,0.0,0.02714196733704413,1.375043865742998,ok,,machine-3a00f8af,,1790850478.6070352
clean_block/small/s1,synthetic,clean_block,small,1,100,90,629,0.06988888888888889,1,183,629,One-walk,,,dense,1,False,process,0.012544302000605967,0.012690457000000044,190.050304,136.298496,181.046875,0.535824,0.008308,1,0,0,0.0,0.02714196733704413,1.375043865742998,ok,,machine-3a00f8af,,1790850479.7454283
clean_block/small/s1,synthetic,clean_block,small,1,100,90,629,0.06988888888888889,1,183,629,One-walk,,,matrix_free,-1,True,process,0.01830079999854206,0.018338215999999963,188.43648,134.254592,179.28515625,0.535824,0.008308,1,517,517,517.0,0.02714196733704349,1.3750438657430435,ok,,machine-3a00f8af,,1790850480.8588667
clean_block/small/s1,synthetic,clean_block,small,1,100,90,629,0.06988888888888889,1,183,629,One-walk,,,matrix_free,0,False,process,0.020136596998781897,0.020428769000000013,188.23168,134.516736,178.72265625,0.535824,0.008308,1,517,517,517.0,0.02714196733704349,1.3750438657430435,ok,,machine-3a00f8af,,1790850481.9758735
clean_block/small/s1,synthetic,clean_block,small,1,100,90,629,0.06988888888888889,1,183,629,One-walk,,,matrix_free,1,False,process,0.01960030999907758,0.01976209800000006,188.227584,134.701056,179.37890625,0.535824,0.008308,1,517,517,517.0,0.02714196733704349,1.3750438657430435,ok,,machine-3a00f8af,,1790850483.0779467
clean_block/small/s1,synthetic,clean_block,small,1,100,90,629,0.06988888888888889,1,183,629,Two-walk,1.0,,dense,-1,True,process,0.011693846001435304,0.011788483000000016,190.185472,136.400896,181.13671875,0.535824,0.008308,1,0,0,0.0,0.17547883974422457,1.3381300990832372,ok,,machine-3a00f8af,,1790850484.149176
clean_block/small/s1,synthetic,clean_block,small,1,100,90,629,0.06988888888888889,1,183,629,Two-walk,1.0,,dense,0,False,process,0.012593685001775157,0.012706717000000034,190.152704,136.077312,180.703125,0.535824,0.008308,1,0,0,0.0,0.17547883974422457,1.3381300990832372,ok,,machine-3a00f8af,,1790850485.2800314
clean_block/small/s1,synthetic,clean_block,small,1,100,90,629,0.06988888888888889,1,183,629,Two-walk,1.0,,dense,1,False,process,0.013108841998473508,0.013251067000000005,189.87008,136.196096,180.87109375,0.535824,0.008308,1,0,0,0.0,0.17547883974422457,1.3381300990832372,ok,,machine-3a00f8af,,1790850486.3935604
clean_block/small/s1,synthetic,clean_block,small,1,100,90,629,0.06988888888888889,1,183,629,Two-walk,1.0,,matrix_free,-1,True,process,0.017864161000034073,0.017964062999999975,188.284928,134.119424,179.03515625,0.535824,0.008308,1,381,381,381.0,0.1754788397442232,1.3381300990832468,ok,,machine-3a00f8af,,1790850487.508651
clean_block/small/s1,synthetic,clean_block,small,1,100,90,629,0.06988888888888889,1,183,629,Two-walk,1.0,,matrix_free,0,False,process,0.02009359600197058,0.020203647999999963,188.366848,134.61504,179.34375,0.535824,0.008308,1,381,381,381.0,0.1754788397442232,1.3381300990832468,ok,,machine-3a00f8af,,1790850488.6477575
clean_block/small/s1,synthetic,clean_block,small,1,100,90,629,0.06988888888888889,1,183,629,Two-walk,1.0,,matrix_free,1,False,process,0.016671471003064653,0.016582364999999988,188.137472,134.12352,179.2265625,0.535824,0.008308,1,381,381,381.0,0.1754788397442232,1.3381300990832468,ok,,machine-3a00f8af,,1790850489.730372
clean_block/small/s1,synthetic,clean_block,small,1,100,90,629,0.06988888888888889,1,183,629,Two-walk-Auto,,"1,2,4,6,8,12",dense,-1,True,process,0.05772484900080599,0.05857805699999996,191.348736,137.875456,181.546875,0.535824,0.008308,6,0,0,0.0,0.28466249877266414,1.3553683473248952,ok,,machine-3a00f8af,,1790850490.8283114
clean_block/small/s1,synthetic,clean_block,small,1,100,90,629,0.06988888888888889,1,183,629,Two-walk-Auto,,"1,2,4,6,8,12",dense,0,False,process,0.05505702099981136,0.05545017299999999,191.172608,137.46176,181.52734375,0.535824,0.008308,6,0,0,0.0,0.28466249877266414,1.3553683473248952,ok,,machine-3a00f8af,,1790850492.040197
clean_block/small/s1,synthetic,clean_block,small,1,100,90,629,0.06988888888888889,1,183,629,Two-walk-Auto,,"1,2,4,6,8,12",dense,1,False,process,0.05516688699935912,0.055768963000000005,191.254528,137.814016,181.53515625,0.535824,0.008308,6,0,0,0.0,0.28466249877266414,1.3553683473248952,ok,,machine-3a00f8af,,1790850493.2085538
clean_block/small/s1,synthetic,clean_block,small,1,100,90,629,0.06988888888888889,1,183,629,Two-walk-Auto,,"1,2,4,6,8,12",matrix_free,-1,True,process,0.09072019900122541,0.09196201299999995,188.06784,134.578176,178.921875,0.535824,0.008308,6,2504,466,417.3333333333333,0.28466249877266586,1.3553683473248888,ok,,machine-3a00f8af,,1790850494.343841
clean_block/small/s1,synthetic,clean_block,small,1,100,90,629,0.06988888888888889,1,183,629,Two-walk-Auto,,"1,2,4,6,8,12",matrix_free,0,False,process,0.08854905300177052,0.09056741700000004,188.530688,134.0416,179.73828125,0.535824,0.008308,6,2504,466,417.3333333333333,0.28466249877266586,1.3553683473248888,ok,,machine-3a00f8af,,1790850495.5346708
clean_block/small/s1,synthetic,clean_block,small,1,100,90,629,0.06988888888888889,1,183,629,Two-walk-Auto,,"1,2,4,6,8,12",matrix_free,1,False,process,0.09027407099711127,0.09158719299999996,188.444672,134.107136,179.3984375,0.535824,0.008308,6,2504,466,417.3333333333333,0.28466249877266586,1.3553683473248888,ok,,machine-3a00f8af,,1790850496.7303703
clean_block/medium/s0,synthetic,clean_block,medium,0,200,180,2286,0.0635,1,371,2286,One-walk,,,dense,-1,True,process,0.02808328600076493,0.028338120000000022,193.622016,140.00128,184.38671875,2.202256,0.028952,1,0,0,0.0,0.03871305840259092,1.2079747166643562,ok,,machine-3a00f8af,,1790850497.8906872
clean_block/medium/s0,synthetic,clean_block,medium,0,200,180,2286,0.0635,1,371,2286,One-walk,,,dense,0,False,process,0.030206673000066075,0.030510645000000003,193.765376,139.845632,184.5703125,2.202256,0.028952,1,0,0,0.0,0.03871305840259092,1.2079747166643562,ok,,machine-3a00f8af,,1790850499.0297613
clean_block/medium/s0,synthetic,clean_block,medium,0,200,180,2286,0.0635,1,371,2286,One-walk,,,dense,1,False,process,0.027988548998109763,0.028269085000000027,193.662976,140.148736,184.5546875,2.202256,0.028952,1,0,0,0.0,0.03871305840259092,1.2079747166643562,ok,,machine-3a00f8af,,1790850500.1977794
clean_block/medium/s0,synthetic,clean_block,medium,0,200,180,2286,0.0635,1,371,2286,One-walk,,,matrix_free,-1,True,process,0.025217557002179092,0.025541415999999928,188.821504,135.3728,179.875,2.202256,0.028952,1,744,744,744.0,0.038713058402592135,1.2079747166643786,ok,,machine-3a00f8af,,1790850501.3348198
clean_block/medium/s0,synthetic,clean_block,medium,0,200,180,2286,0.0635,1,371,2286,One-walk,,,matrix_free,0,False,process,0.027606793002632912,0.027752403000000037,189.149184,135.491584,180.140625,2.202256,0.028952,1,744,744,744.0,0.038713058402592135,1.2079747166643786,ok,,machine-3a00f8af,,1790850502.5024152
clean_block/medium/s0,synthetic,clean_block,medium,0,200,180,2286,0.0635,1,371,2286,One-walk,,,matrix_free,1,False,process,0.025339045001601335,0.025644826999999926,189.075456,135.114752,179.5546875,2.202256,0.028952,1,744,744,744.0,0.038713058402592135,1.2079747166643786,ok,,machine-3a00f8af,,1790850503.6874669
clean_block/medium/s0,synthetic,clean_block,medium,0,200,180,2286,0.0635,1,371,2286,Two-walk,1.0,,dense,-1,True,process,0.02807877799932612,0.028300113999999987,194.691072,140.873728,185.3515625,2.202256,0.028952,1,0,0,0.0,0.3342615600045767,1.2292870601785713,ok,,machine-3a00f8af,,1790850504.865115
clean_block/medium/s0,synthetic,clean_block,medium,0,200,180,2286,0.0635,1,371,2286,Two-walk,1.0,,dense,0,False,process,0.027546499000891345,0.027790876000000075,194.973696,141.242368,185.703125,2.202256,0.028952,1,0,0,0.0,0.3342615600045767,1.2292870601785713,ok,,machine-3a00f8af,,1790850506.0446906
clean_block/medium/s0,synthetic,clean_block,medium,0,200,180,2286,0.0635,1,371,2286,Two-walk,1.0,,dense,1,False,process,0.02847999200093909,0.028698593999999966,194.686976,141.164544,185.44140625,2.202256,0.028952,1,0,0,0.0,0.3342615600045767,1.2292870601785713,ok,,machine-3a00f8af,,1790850507.1576293
clean_block/medium/s0,synthetic,clean_block,medium,0,200,180,2286,0.0635,1,371,2286,Two-walk,1.0,,matrix_free,-1,True,process,0.03045426800235873,0.03071900500000002,189.15328,135.55712,180.19921875,2.202256,0.028952,1,709,709,709.0,0.3342615600045781,1.2292870601785646,ok,,machine-3a00f8af,,1790850508.2918003
clean_block/medium/s0,synthetic,clean_block,medium,0,200,180,2286,0.0635,1,371,2286,Two-walk,1.0,,matrix_free,0,False,process,0.030131562001770362,0.03050669699999997,189.100032,135.458816,180.2734375,2.202256,0.028952,1,709,709,709.0,0.3342615600045781,1.2292870601785646,ok,,machine-3a00f8af,,1790850509.4006894
clean_block/medium/s0,synthetic,clean_block,medium,0,200,180,2286,0.0635,1,371,2286,Two-walk,1.0,,matrix_free,1,False,process,0.0340671720005048,0.03523853600000004,188.960768,135.442432,180.07421875,2.202256,0.028952,1,709,709,709.0,0.3342615600045781,1.2292870601785646,ok,,machine-3a00f8af,,1790850510.5363472
clean_block/medium/s0,synthetic,clean_block,medium,0,200,180,2286,0.0635,1,371,2286,Two-walk-Auto,,"1,2,4,6,8,12",dense,-1,True,process,0.15665589399941382,0.1578705989999999,199.233536,145.73568,189.7421875,2.202256,0.028952,6,0,0,0.0,0.5557522134586048,1.1899834225939458,ok,,machine-3a00f8af,,1790850511.6817346
clean_block/medium/s0,synthetic,clean_block,medium,0,200,180,2286,0.0635,1,371,2286,Two-walk-Auto,,"1,2,4,6,8,12",dense,0,False,process,0.15501815000243369,0.1563653089999999,199.176192,145.629184,189.55859375,2.202256,0.028952,6,0,0,0.0,0.5557522134586048,1.1899834225939458,ok,,machine-3a00f8af,,1790850512.964045
clean_block/medium/s0,synthetic,clean_block,medium,0,200,180,2286,0.0635,1,371,2286,Two-walk-Auto,,"1,2,4,6,8,12",dense,1,False,process,0.1569489749999775,0.15852031600000016,199.184384,145.788928,189.41015625,2.202256,0.028952,6,0,0,0.0,0.5557522134586048,1.1899834225939458,ok,,machine-3a00f8af,,1790850514.2066705
clean_block/medium/s0,synthetic,clean_block,medium,0,200,180,2286,0.0635,1,371,2286,Two-walk-Auto,,"1,2,4,6,8,12",matrix_free,-1,True,process,0.16912271099863574,0.17118705600000006,189.022208,135.22944,180.1953125,2.202256,0.028952,6,4202,758,700.3333333333334,0.5557522134585899,1.1899834225939343,ok,,machine-3a00f8af,,1790850515.4490874
clean_block/medium/s0,synthetic,clean_block,medium,0,200,180,2286,0.0635,1,371,2286,Two-walk-Auto,,"1,2,4,6,8,12",matrix_free,0,False,process,0.16907069300214062,0.17106889000000003,189.222912,135.565312,180.41015625,2.202256,0.028952,6,4202,758,700.3333333333334,0.5557522134585899,1.1899834225939343,ok,,machine-3a00f8af,,1790850516.7314315
clean_block/medium/s0,synthetic,clean_block,medium,0,200,180,2286,0.0635,1,371,2286,Two-walk-Auto,,"1,2,4,6,8,12",matrix_free,1,False,process,0.17254019699976197,0.17452813599999994,189.272064,134.905856,180.0703125,2.202256,0.028952,6,4202,758,700.3333333333334,0.5557522134585899,1.1899834225939343,ok,,machine-3a00f8af,,1790850517.98571
clean_block/medium/s1,synthetic,clean_block,medium,1,200,180,2267,0.06297222222222222,1,365,2267,One-walk,,,dense,-1,True,process,0.02793060999829322,0.028127743999999955,193.376256,139.85792,184.34375,2.1316,0.028724,1,0,0,0.0,0.03846268186321483,1.1188405422824808,ok,,machine-3a00f8af,,1790850519.2585776
clean_block/medium/s1,synthetic,clean_block,medium,1,200,180,2267,0.06297222222222222,1,365,2267,One-walk,,,dense,0,False,process,0.027929518997552805,0.02822284899999994,193.470464,139.726848,183.9453125,2.1316,0.028724,1,0,0,0.0,0.03846268186321483,1.1188405422824808,ok,,machine-3a00f8af,,1790850520.4239433
clean_block/medium/s1,synthetic,clean_block,medium,1,200,180,2267,0.06297222222222222,1,365,2267,One-walk,,,dense,1,False,process,0.02811399499842082,0.02830931999999997,193.55648,139.309056,184.40234375,2.1316,0.028724,1,0,0,0.0,0.03846268186321483,1.1188405422824808,ok,,machine-3a00f8af,,1790850521.605702
clean_block/medium/s1,synthetic,clean_block,medium,1,200,180,2267,0.06297222222222222,1,365,2267,One-walk,,,matrix_free,-1,True,process,0.02241223899909528,0.022735868000000048,189.104128,135.3728,180.1875,2.1316,0.028724,1,595,595,595.0,0.03846268186321429,1.118840542282505,ok,,machine-3a00f8af,,1790850522.7239313
clean_block/medium/s1,synthetic,clean_block,medium,1,200,180,2267,0.06297222222222222,1,365,2267,One-walk,,,matrix_free,0,False,process,0.025316291001217905,0.02567802099999994,189.075456,134.955008,179.87109375,2.1316,0.028724,1,595,595,595.0,0.03846268186321429,1.118840542282505,ok,,machine-3a00f8af,,1790850523.8844335
clean_block/medium/s1,synthetic,clean_block,medium,1,200,180,2267,0.06297222222222222,1,365,2267,One-walk,,,matrix_free,1,False,process,0.023462261000531726,0.023932434999999974,189.1328,135.294976,179.93359375,2.1316,0.028724,1,595,595,595.0,0.03846268186321429,1.118840542282505,ok,,machine-3a00f8af,,1790850525.0005372
clean_block/medium/s1,synthetic,clean_block,medium,1,200,180,2267,0.06297222222222222,1,365,2267,Two-walk,1.0,,dense,-1,True,process,0.028454934999899706,0.028635220000000072,194.19136,140.812288,184.73828125,2.1316,0.028724,1,0,0,0.0,0.33293778161179877,1.157314990052863,ok,,machine-3a00f8af,,1790850526.137567
clean_block/medium/s1,synthetic,clean_block,medium,1,200,180,2267,0.06297222222222222,1,365,2267,Two-walk,1.0,,dense,0,False,process,0.025037778999831062,0.025313880999999983,194.551808,140.992512,185.03125,2.1316,0.028724,1,0,0,0.0,0.33293778161179877,1.157314990052863,ok,,machine-3a00f8af,,1790850527.3102543
clean_block/medium/s1,synthetic,clean_block,medium,1,200,180,2267,0.06297222222222222,1,365,2267,Two-walk,1.0,,dense,1,False,process,0.029710612001508707,0.029906204999999964,194.383872,140.898304,185.19921875,2.1316,0.028724,1,0,0,0.0,0.33293778161179877,1.157314990052863,ok,,machine-3a00f8af,,1790850528.2909074
clean_block/medium/s1,synthetic,clean_block,medium,1,200,180,2267,0.06297222222222222,1,365,2267,Two-walk,1.0,,matrix_free,-1,True,process,0.02782929999739281,0.02810498100000003,189.026304,135.55712,180.21875,2.1316,0.028724,1,505,505,505.0,0.332937781611797,1.157314990052847,ok,,machine-3a00f8af,,1790850529.2428827
clean_block/medium/s1,synthetic,clean_block,medium,1,200,180,2267,0.06297222222222222,1,365,2267,Two-walk,1.0,,matrix_free,0,False,process,0.02103063500180724,0.02141047600000001,189.140992,135.528448,180.31640625,2.1316,0.028724,1,505,505,505.0,0.332937781611797,1.157314990052847,ok,,machine-3a00f8af,,1790850530.1585457
clean_block/medium/s1,synthetic,clean_block,medium,1,200,180,2267,0.06297222222222222,1,365,2267,Two-walk,1.0,,matrix_free,1,False,process,0.020997142000851454,0.02110795700000001,188.973056,135.221248,180.09765625,2.1316,0.028724,1,505,505,505.0,0.332937781611797,1.157314990052847,ok,,machine-3a00f8af,,1790850531.0843527
clean_block/medium/s1,synthetic,clean_block,medium,1,200,180,2267,0.06297222222222222,1,365,2267,Two-walk-Auto,,"1,2,4,6,8,12",dense,-1,True,process,0.12576546700074687,0.126935181,199.192576,145.38752,189.82421875,2.1316,0.028724,6,0,0,0.0,0.5700448877435678,1.0841597990912615,ok,,machine-3a00f8af,,1790850531.9971333
clean_block/medium/s1,synthetic,clean_block,medium,1,200,180,2267,0.06297222222222222,1,365,2267,Two-walk-Auto,,"1,2,4,6,8,12",dense,0,False,process,0.1291378989990335,0.13026240300000003,199.168,145.281024,189.83984375,2.1316,0.028724,6,0,0,0.0,0.5700448877435678,1.0841597990912615,ok,,machine-3a00f8af,,1790850533.0078487
clean_block/medium/s1,synthetic,clean_block,medium,1,200,180,2267,0.06297222222222222,1,365,2267,Two-walk-Auto,,"1,2,4,6,8,12",dense,1,False,process,0.14898076399913407,0.1501289990000001,199.012352,145.399808,189.3984375,2.1316,0.028724,6,0,0,0.0,0.5700448877435678,1.0841597990912615,ok,,machine-3a00f8af,,1790850534.220819
clean_block/medium/s1,synthetic,clean_block,medium,1,200,180,2267,0.06297222222222222,1,365,2267,Two-walk-Auto,,"1,2,4,6,8,12",matrix_free,-1,True,process,0.13367537800149876,0.135350136,188.88704,135.364608,179.515625,2.1316,0.028724,6,3287,617,547.8333333333334,0.5700448877435239,1.0841597990912266,ok,,machine-3a00f8af,,1790850535.4225242
clean_block/medium/s1,synthetic,clean_block,medium,1,200,180,2267,0.06297222222222222,1,365,2267,Two-walk-Auto,,"1,2,4,6,8,12",matrix_free,0,False,process,0.13940690900199115,0.1409675800000001,189.054976,135.122944,180.06640625,2.1316,0.028724,6,3287,617,547.8333333333334,0.5700448877435239,1.0841597990912266,ok,,machine-3a00f8af,,1790850536.4981058
clean_block/medium/s1,synthetic,clean_block,medium,1,200,180,2267,0.06297222222222222,1,365,2267,Two-walk-Auto,,"1,2,4,6,8,12",matrix_free,1,False,process,0.14185377299872926,0.14279283399999998,189.243392,135.094272,180.21484375,2.1316,0.028724,6,3287,617,547.8333333333334,0.5700448877435239,1.0841597990912266,ok,,machine-3a00f8af,,1790850537.5835838
clean_block/large/s0,synthetic,clean_block,large,0,400,360,8826,0.06129166666666667,1,732,8826,One-walk,,,dense,-1,True,process,0.09432743199795368,0.09506913699999997,205.488128,147.820544,195.390625,8.573184,0.108952,1,0,0,0.0,0.0297254999184614,1.4755079168360963,ok,,machine-3a00f8af,,1790850538.733905
clean_block/large/s0,synthetic,clean_block,large,0,400,360,8826,0.06129166666666667,1,732,8826,One-walk,,,dense,0,False,process,0.09159268700022949,0.091996305,205.541376,148.09088,195.234375,8.573184,0.108952,1,0,0,0.0,0.0297254999184614,1.4755079168360963,ok,,machine-3a00f8af,,1790850539.7908428
clean_block/large/s0,synthetic,clean_block,large,0,400,360,8826,0.06129166666666667,1,732,8826,One-walk,,,dense,1,False,process,0.08798290900085703,0.08829800700000001,205.68064,148.135936,195.95703125,8.573184,0.108952,1,0,0,0.0,0.0297254999184614,1.4755079168360963,ok,,machine-3a00f8af,,1790850540.8009677
clean_block/large/s0,synthetic,clean_block,large,0,400,360,8826,0.06129166666666667,1,732,8826,One-walk,,,matrix_free,-1,True,process,0.040081483999529155,0.040452293999999944,191.635456,137.965568,182.6015625,8.573184,0.108952,1,736,736,736.0,0.029725499918462146,1.4755079168361347,ok,,machine-3a00f8af,,1790850541.8044426
clean_block/large/s0,synthetic,clean_block,large,0,400,360,8826,0.06129166666666667,1,732,8826,One-walk,,,matrix_free,0,False,process,0.03525317800085759,0.035678176000000006,191.676416,137.846784,182.4375,8.573184,0.108952,1,736,736,736.0,0.029725499918462146,1.4755079168361347,ok,,machine-3a00f8af,,1790850542.7340875
clean_block/large/s0,synthetic,clean_block,large,0,400,360,8826,0.06129166666666667,1,732,8826,One-walk,,,matrix_free,1,False,process,0.032029155001509935,0.03209945599999997,191.791104,138.248192,182.71484375,8.573184,0.108952,1,736,736,736.0,0.029725499918462146,1.4755079168361347,ok,,machine-3a00f8af,,1790850543.6477764
clean_block/large/s0,synthetic,clean_block,large,0,400,360,8826,0.06129166666666667,1,732,8826,Two-walk,1.0,,dense,-1,True,process,0.10449205499753589,0.10504252699999994,207.138816,149.024768,197.82421875,8.573184,0.108952,1,0,0,0.0,0.4190065458584848,1.027270481900466,ok,,machine-3a00f8af,,1790850544.6448395
clean_block/large/s0,synthetic,clean_block,large,0,400,360,8826,0.06129166666666667,1,732,8826,Two-walk,1.0,,dense,0,False,process,0.09965060600006836,0.10015679700000002,206.774272,149.21728,197.3203125,8.573184,0.108952,1,0,0,0.0,0.4190065458584848,1.027270481900466,ok,,machine-3a00f8af,,1790850545.8191767
clean_block/large/s0,synthetic,clean_block,large,0,400,360,8826,0.06129166666666667,1,732,8826,Two-walk,1.0,,dense,1,False,process,0.0929490540002007,0.09358032299999997,207.233024,149.581824,197.8828125,8.573184,0.108952,1,0,0,0.0,0.4190065458584848,1.027270481900466,ok,,machine-3a00f8af,,1790850546.827517
clean_block/large/s0,synthetic,clean_block,large,0,400,360,8826,0.06129166666666667,1,732,8826,Two-walk,1.0,,matrix_free,-1,True,process,0.06057419900025707,0.061252404999999954,191.942656,138.108928,182.5234375,8.573184,0.108952,1,1349,1349,1349.0,0.4190065458584498,1.0272704819005423,ok,,machine-3a00f8af,,1790850547.9171698
clean_block/large/s0,synthetic,clean_block,large,0,400,360,8826,0.06129166666666667,1,732,8826,Two-walk,1.0,,matrix_free,0,False,process,0.06099374599943985,0.06126797399999995,191.975424,137.846784,182.40234375,8.573184,0.108952,1,1349,1349,1349.0,0.4190065458584498,1.0272704819005423,ok,,machine-3a00f8af,,1790850549.0706117
clean_block/large/s0,synthetic,clean_block,large,0,400,360,8826,0.06129166666666667,1,732,8826,Two-walk,1.0,,matrix_free,1,False,process,0.05933071500112419,0.05987025499999998,191.668224,137.945088,182.44921875,8.573184,0.108952,1,1349,1349,1349.0,0.4190065458584498,1.0272704819005423,ok,,machine-3a00f8af,,1790850550.0925708
clean_block/large/s0,synthetic,clean_block,large,0,400,360,8826,0.06129166666666667,1,732,8826,Two-walk-Auto,,"1,2,4,6,8,12",dense,-1,True,process,0.5487760569994862,0.5513209910000001,229.552128,175.894528,218.453125,8.573184,0.108952,6,0,0,0.0,0.627415285684384,1.0577312287358165,ok,,machine-3a00f8af,,1790850551.073315
clean_block/large/s0,synthetic,clean_block,large,0,400,360,8826,0.06129166666666667,1,732,8826,Two-walk-Auto,,"1,2,4,6,8,12",dense,0,False,process,0.5478736519980885,0.5507449489999999,229.818368,176.246784,218.61328125,8.573184,0.108952,6,0,0,0.0,0.627415285684384,1.0577312287358165,ok,,machine-3a00f8af,,1790850552.5511606
clean_block/large/s0,synthetic,clean_block,large,0,400,360,8826,0.06129166666666667,1,732,8826,Two-walk-Auto,,"1,2,4,6,8,12",dense,1,False,process,0.5483637919969624,0.550922077,229.347328,175.767552,218.6484375,8.573184,0.108952,6,0,0,0.0,0.627415285684384,1.0577312287358165,ok,,machine-3a00f8af,,1790850554.0718524
clean_block/large/s0,synthetic,clean_block,large,0,400,360,8826,0.06129166666666667,1,732,8826,Two-walk-Auto,,"1,2,4,6,8,12",matrix_free,-1,True,process,0.3709198889991967,0.37532767600000005,191.791104,138.231808,182.453125,8.573184,0.108952,6,7714,1421,1285.6666666666667,0.627415285684404,1.0577312287358105,ok,,machine-3a00f8af,,1790850555.5663416
clean_block/large/s0,synthetic,clean_block,large,0,400,360,8826,0.06129166666666667,1,732,8826,Two-walk-Auto,,"1,2,4,6,8,12",matrix_free,0,False,process,0.3785242659978394,0.382896582,191.913984,138.36288,182.70703125,8.573184,0.108952,6,7714,1421,1285.6666666666667,0.627415285684404,1.0577312287358105,ok,,machine-3a00f8af,,1790850556.8972528
clean_block/large/s0,synthetic,clean_block,large,0,400,360,8826,0.06129166666666667,1,732,8826,Two-walk-Auto,,"1,2,4,6,8,12",matrix_free,1,False,process,0.3967459380000946,0.40160609699999994,192.008192,138.436608,182.70703125,8.573184,0.108952,6,7714,1421,1285.6666666666667,0.627415285684404,1.0577312287358105,ok,,machine-3a00f8af,,1790850558.2461085
clean_block/large/s1,synthetic,clean_block,large,1,400,360,8812,0.06119444444444445,1,733,8812,One-walk,,,dense,-1,True,process,0.09471562000180711,0.095152138,205.594624,147.943424,195.98828125,8.596624,0.108784,1,0,0,0.0,0.03700992369148414,1.0801851765929618,ok,,machine-3a00f8af,,1790850559.7012537
clean_block/large/s1,synthetic,clean_block,large,1,400,360,8812,0.06119444444444445,1,733,8812,One-walk,,,dense,0,False,process,0.10459150299720932,0.10513973799999998,205.53728,147.931136,195.9921875,8.596624,0.108784,1,0,0,0.0,0.03700992369148414,1.0801851765929618,ok,,machine-3a00f8af,,1790850560.7693682
clean_block/large/s1,synthetic,clean_block,large,1,400,360,8812,0.06119444444444445,1,733,8812,One-walk,,,dense,1,False,process,0.09043903100246098,0.0910361959999999,205.672448,147.881984,195.69921875,8.596624,0.108784,1,0,0,0.0,0.03700992369148414,1.0801851765929618,ok,,machine-3a00f8af,,1790850561.9009109
clean_block/large/s1,synthetic,clean_block,large,1,400,360,8812,0.06119444444444445,1,733,8812,One-walk,,,matrix_free,-1,True,process,0.03595675000178744,0.03651296400000004,191.963136,138.07616,182.921875,8.596624,0.108784,1,851,851,851.0,0.03700992369148207,1.0801851765929713,ok,,machine-3a00f8af,,1790850562.9947977
clean_block/large/s1,synthetic,clean_block,large,1,400,360,8812,0.06119444444444445,1,733,8812,One-walk,,,matrix_free,0,False,process,0.03481059700061451,0.034700332,191.557632,138.010624,182.37109375,8.596624,0.108784,1,851,851,851.0,0.03700992369148207,1.0801851765929713,ok,,machine-3a00f8af,,1790850563.9897318
clean_block/large/s1,synthetic,clean_block,large,1,400,360,8812,0.06119444444444445,1,733,8812,One-walk,,,matrix_free,1,False,process,0.03406532799999695,0.03435470399999996,191.905792,138.276864,182.6484375,8.596624,0.108784,1,851,851,851.0,0.03700992369148207,1.0801851765929713,ok,,machine-3a00f8af,,1790850564.9538782
clean_block/large/s1,synthetic,clean_block,large,1,400,360,8812,0.06119444444444445,1,733,8812,Two-walk,1.0,,dense,-1,True,process,0.08568745999946259,0.08613341000000008,207.241216,149.13536,198.61328125,8.596624,0.108784,1,0,0,0.0,0.4654224828238081,1.200253088617827,ok,,machine-3a00f8af,,1790850565.9070644
clean_block/large/s1,synthetic,clean_block,large,1,400,360,8812,0.06119444444444445,1,733,8812,Two-walk,1.0,,dense,0,False,process,0.09125380100158509,0.091851236,207.183872,149.536768,198.33203125,8.596624,0.108784,1,0,0,0.0,0.4654224828238081,1.200253088617827,ok,,machine-3a00f8af,,1790850566.9648736
clean_block/large/s1,synthetic,clean_block,large,1,400,360,8812,0.06119444444444445,1,733,8812,Two-walk,1.0,,dense,1,False,process,0.09525740700337337,0.09619920799999993,206.872576,149.323776,198.2421875,8.596624,0.108784,1,0,0,0.0,0.4654224828238081,1.200253088617827,ok,,machine-3a00f8af,,1790850568.0276804
clean_block/large/s1,synthetic,clean_block,large,1,400,360,8812,0.06119444444444445,1,733,8812,Two-walk,1.0,,matrix_free,-1,True,process,0.057753733002755325,0.058444249000000004,191.864832,138.006528,182.390625,8.596624,0.108784,1,1141,1141,1141.0,0.4654224828237339,1.2002530886179328,ok,,machine-3a00f8af,,1790850569.1750615
clean_block/large/s1,synthetic,clean_block,large,1,400,360,8812,0.06119444444444445,1,733,8812,Two-walk,1.0,,matrix_free,0,False,process,0.05939946299986332,0.060181037000000104,192.024576,138.125312,182.9921875,8.596624,0.108784,1,1141,1141,1141.0,0.4654224828237339,1.2002530886179328,ok,,machine-3a00f8af,,1790850570.1942225
clean_block/large/s1,synthetic,clean_block,large,1,400,360,8812,0.06119444444444445,1,733,8812,Two-walk,1.0,,matrix_free,1,False,process,0.062322160996700404,0.06297504999999992,191.799296,137.99424,182.76171875,8.596624,0.108784,1,1141,1141,1141.0,0.4654224828237339,1.2002530886179328,ok,,machine-3a00f8af,,1790850571.2416975
clean_block/large/s1,synthetic,clean_block,large,1,400,360,8812,0.06119444444444445,1,733,8812,Two-walk-Auto,,"1,2,4,6,8,12",dense,-1,True,process,0.561969466998562,0.5653967230000001,229.863424,176.132096,218.734375,8.596624,0.108784,6,0,0,0.0,0.7012837519095947,1.1235750456208098,ok,,machine-3a00f8af,,1790850572.2855904
clean_block/large/s1,synthetic,clean_block,large,1,400,360,8812,0.06119444444444445,1,733,8812,Two-walk-Auto,,"1,2,4,6,8,12",dense,0,False,process,0.5785241789999418,0.5816978460000001,229.84704,175.665152,218.59375,8.596624,0.108784,6,0,0,0.0,0.7012837519095947,1.1235750456208098,ok,,machine-3a00f8af,,1790850573.8900874
clean_block/large/s1,synthetic,clean_block,large,1,400,360,8812,0.06119444444444445,1,733,8812,Two-walk-Auto,,"1,2,4,6,8,12",dense,1,False,process,0.5357177799996862,0.538599974,229.748736,175.73888,218.7109375,8.596624,0.108784,6,0,0,0.0,0.7012837519095947,1.1235750456208098,ok,,machine-3a00f8af,,1790850575.437527
clean_block/large/s1,synthetic,clean_block,large,1,400,360,8812,0.06119444444444445,1,733,8812,Two-walk-Auto,,"1,2,4,6,8,12",matrix_free,-1,True,process,0.28578065799956676,0.289092157,191.504384,137.89184,182.43359375,8.596624,0.108784,6,5444,1141,907.3333333333334,0.7012837519095223,1.123575045620941,ok,,machine-3a00f8af,,1790850576.883341
clean_block/large/s1,synthetic,clean_block,large,1,400,360,8812,0.06119444444444445,1,733,8812,Two-walk-Auto,,"1,2,4,6,8,12",matrix_free,0,False,process,0.32103809399995953,0.3254278730000001,191.44704,137.904128,182.34375,8.596624,0.108784,6,5444,1141,907.3333333333334,0.7012837519095223,1.123575045620941,ok,,machine-3a00f8af,,1790850578.06763
clean_block/large/s1,synthetic,clean_block,large,1,400,360,8812,0.06119444444444445,1,733,8812,Two-walk-Auto,,"1,2,4,6,8,12",matrix_free,1,False,process,0.32388096200156724,0.3284141009999999,192.004096,138.309632,182.484375,8.596624,0.108784,6,5444,1141,907.3333333333334,0.7012837519095223,1.123575045620941,ok,,machine-3a00f8af,,1790850579.374639
paired_overlap/small/s0,synthetic,paired_overlap,small,0,100,90,701,0.07788888888888888,1,180,701,One-walk,,,dense,-1,True,process,0.011002958002791274,0.011119038999999997,189.775872,135.647232,180.27734375,0.5184,0.009172,1,0,0,0.0,0.07346637764461207,1.0874902026842672,ok,,machine-3a00f8af,,1790850580.680411
paired_overlap/small/s0,synthetic,paired_overlap,small,0,100,90,701,0.07788888888888888,1,180,701,One-walk,,,dense,0,False,process,0.011587053999392083,0.01164942999999996,189.89056,136.359936,180.359375,0.5184,0.009172,1,0,0,0.0,0.07346637764461207,1.0874902026842672,ok,,machine-3a00f8af,,1790850581.6327498
paired_overlap/small/s0,synthetic,paired_overlap,small,0,100,90,701,0.07788888888888888,1,180,701,One-walk,,,dense,1,False,process,0.010854830001335358,0.010956703999999928,189.452288,135.983104,180.48828125,0.5184,0.009172,1,0,0,0.0,0.07346637764461207,1.0874902026842672,ok,,machine-3a00f8af,,1790850582.5666347
paired_overlap/small/s0,synthetic,paired_overlap,small,0,100,90,701,0.07788888888888888,1,180,701,One-walk,,,matrix_free,-1,True,process,0.013544450001063524,0.014146991000000053,188.133376,134.426624,179.26171875,0.5184,0.009172,1,351,351,351.0,0.07346637764461197,1.0874902026842581,ok,,machine-3a00f8af,,1790850583.5867064
paired_overlap/small/s0,synthetic,paired_overlap,small,0,100,90,701,0.07788888888888888,1,180,701,One-walk,,,matrix_free,0,False,process,0.01335931200082996,0.014175582999999992,188.219392,134.680576,178.90625,0.5184,0.009172,1,351,351,351.0,0.07346637764461197,1.0874902026842581,ok,,machine-3a00f8af,,1790850584.519001
paired_overlap/small/s0,synthetic,paired_overlap,small,0,100,90,701,0.07788888888888888,1,180,701,One-walk,,,matrix_free,1,False,process,0.014042044000234455,0.014123227000000016,188.0064,134.47168,178.72265625,0.5184,0.009172,1,351,351,351.0,0.07346637764461197,1.0874902026842581,ok,,machine-3a00f8af,,1790850585.5226166
paired_overlap/small/s0,synthetic,paired_overlap,small,0,100,90,701,0.07788888888888888,1,180,701,Two-walk,1.0,,dense,-1,True,process,0.014476019001449458,0.014740094000000092,190.328832,136.740864,181.01953125,0.5184,0.009172,1,0,0,0.0,0.5115453655966391,1.0571511466428305,ok,,machine-3a00f8af,,1790850586.5704477
paired_overlap/small/s0,synthetic,paired_overlap,small,0,100,90,701,0.07788888888888888,1,180,701,Two-walk,1.0,,dense,0,False,process,0.012433935000444762,0.01253476599999992,189.984768,136.523776,180.8359375,0.5184,0.009172,1,0,0,0.0,0.5115453655966391,1.0571511466428305,ok,,machine-3a00f8af,,1790850587.5661469
paired_overlap/small/s0,synthetic,paired_overlap,small,0,100,90,701,0.07788888888888888,1,180,701,Two-walk,1.0,,dense,1,False,process,0.0115317009986029,0.011421766,190.01344,136.429568,180.85546875,0.5184,0.009172,1,0,0,0.0,0.5115453655966391,1.0571511466428305,ok,,machine-3a00f8af,,1790850588.4893062
paired_overlap/small/s0,synthetic,paired_overlap,small,0,100,90,701,0.07788888888888888,1,180,701,Two-walk,1.0,,matrix_free,-1,True,process,0.013473215996782528,0.01358630999999999,188.33408,134.782976,178.8671875,0.5184,0.009172,1,283,283,283.0,0.5115453655966397,1.0571511466428232,ok,,machine-3a00f8af,,1790850589.4734516
paired_overlap/small/s0,synthetic,paired_overlap,small,0,100,90,701,0.07788888888888888,1,180,701,Two-walk,1.0,,matrix_free,0,False,process,0.013632384998345515,0.013693322000000063,188.305408,134.660096,178.9609375,0.5184,0.009172,1,283,283,283.0,0.5115453655966397,1.0571511466428232,ok,,machine-3a00f8af,,1790850590.430827
paired_overlap/small/s0,synthetic,paired_overlap,small,0,100,90,701,0.07788888888888888,1,180,701,Two-walk,1.0,,matrix_free,1,False,process,0.013357079002162209,0.013448133000000029,188.526592,133.885952,179.27734375,0.5184,0.009172,1,283,283,283.0,0.5115453655966397,1.0571511466428232,ok,,machine-3a00f8af,,1790850591.4543555
paired_overlap/small/s0,synthetic,paired_overlap,small,0,100,90,701,0.07788888888888888,1,180,701,Two-walk-Auto,,"1,2,4,6,8,12",dense,-1,True,process,0.04585062600017409,0.04643409900000006,191.352832,137.797632,181.9765625,0.5184,0.009172,6,0,0,0.0,0.8140565199831096,1.1480249671583607,ok,,machine-3a00f8af,,1790850592.4784987
paired_overlap/small/s0,synthetic,paired_overlap,small,0,100,90,701,0.07788888888888888,1,180,701,Two-walk-Auto,,"1,2,4,6,8,12",dense,0,False,process,0.046387743001105264,0.047085805000000036,191.11936,137.13408,182.19921875,0.5184,0.009172,6,0,0,0.0,0.8140565199831096,1.1480249671583607,ok,,machine-3a00f8af,,1790850593.4795322
paired_overlap/small/s0,synthetic,paired_overlap,small,0,100,90,701,0.07788888888888888,1,180,701,Two-walk-Auto,,"1,2,4,6,8,12",dense,1,False,process,0.04619568299676757,0.04678923199999996,191.135744,137.6256,181.7578125,0.5184,0.009172,6,0,0,0.0,0.8140565199831096,1.1480249671583607,ok,,machine-3a00f8af,,1790850594.4647863
paired_overlap/small/s0,synthetic,paired_overlap,small,0,100,90,701,0.07788888888888888,1,180,701,Two-walk-Auto,,"1,2,4,6,8,12",matrix_free,-1,True,process,0.0637569850005093,0.06470878899999999,188.325888,134.28736,179.484375,0.5184,0.009172,6,1697,284,282.8333333333333,0.8140565199831151,1.1480249671583622,ok,,machine-3a00f8af,,1790850595.5290422
paired_overlap/small/s0,synthetic,paired_overlap,small,0,100,90,701,0.07788888888888888,1,180,701,Two-walk-Auto,,"1,2,4,6,8,12",matrix_free,0,False,process,0.06474938799874508,0.06580366900000001,188.366848,134.664192,179.0703125,0.5184,0.009172,6,1697,284,282.8333333333333,0.8140565199831151,1.1480249671583622,ok,,machine-3a00f8af,,1790850596.5952725
paired_overlap/small/s0,synthetic,paired_overlap,small,0,100,90,701,0.07788888888888888,1,180,701,Two-walk-Auto,,"1,2,4,6,8,12",matrix_free,1,False,process,0.07068894000258297,0.07190958299999994,188.49792,134.516736,179.26171875,0.5184,0.009172,6,1697,284,282.8333333333333,0.8140565199831151,1.1480249671583622,ok,,machine-3a00f8af,,1790850597.7265282
paired_overlap/small/s1,synthetic,paired_overlap,small,1,100,90,733,0.08144444444444444,1,181,733,One-walk,,,dense,-1,True,process,0.014900516001944197,0.01500547699999999,189.775872,135.950336,180.47265625,0.524176,0.009556,1,0,0,0.0,0.046971152214953474,1.2968843501876146,ok,,machine-3a00f8af,,1790850598.7498038
paired_overlap/small/s1,synthetic,paired_overlap,small,1,100,90,733,0.08144444444444444,1,181,733,One-walk,,,dense,0,False,process,0.011111741998320213,0.011209357000000031,189.739008,135.643136,180.265625,0.524176,0.009556,1,0,0,0.0,0.046971152214953474,1.2968843501876146,ok,,machine-3a00f8af,,1790850599.7194507
paired_overlap/small/s1,synthetic,paired_overlap,small,1,100,90,733,0.08144444444444444,1,181,733,One-walk,,,dense,1,False,process,0.011562800002138829,0.011692962000000029,190.0544,136.486912,180.34765625,0.524176,0.009556,1,0,0,0.0,0.046971152214953474,1.2968843501876146,ok,,machine-3a00f8af,,1790850600.795222
paired_overlap/small/s1,synthetic,paired_overlap,small,1,100,90,733,0.08144444444444444,1,181,733,One-walk,,,matrix_free,-1,True,process,0.0190824569981487,0.019347490999999994,188.27264,134.733824,179.08203125,0.524176,0.009556,1,502,502,502.0,0.0469711522149544,1.29688435018761,ok,,machine-3a00f8af,,1790850601.7457166
paired_overlap/small/s1,synthetic,paired_overlap,small,1,100,90,733,0.08144444444444444,1,181,733,One-walk,,,matrix_free,0,False,process,0.017071582002245123,0.017849121000000023,188.481536,134.303744,179.38671875,0.524176,0.009556,1,502,502,502.0,0.0469711522149544,1.29688435018761,ok,,machine-3a00f8af,,1790850602.7313356
paired_overlap/small/s1,synthetic,paired_overlap,small,1,100,90,733,0.08144444444444444,1,181,733,One-walk,,,matrix_free,1,False,process,0.015102465000381926,0.015742469999999953,188.280832,134.561792,179.1171875,0.524176,0.009556,1,502,502,502.0,0.0469711522149544,1.29688435018761,ok,,machine-3a00f8af,,1790850603.659852
paired_overlap/small/s1,synthetic,paired_overlap,small,1,100,90,733,0.08144444444444444,1,181,733,Two-walk,1.0,,dense,-1,True,process,0.011386317000869894,0.011475930000000023,190.03392,136.237056,180.5625,0.524176,0.009556,1,0,0,0.0,0.24220049378306074,1.2785866356708009,ok,,machine-3a00f8af,,1790850604.588802
paired_overlap/small/s1,synthetic,paired_overlap,small,1,100,90,733,0.08144444444444444,1,181,733,Two-walk,1.0,,dense,0,False,process,0.012494729002355598,0.01207729099999999,189.923328,135.999488,180.6796875,0.524176,0.009556,1,0,0,0.0,0.24220049378306074,1.2785866356708009,ok,,machine-3a00f8af,,1790850605.4977229
paired_overlap/small/s1,synthetic,paired_overlap,small,1,100,90,733,0.08144444444444444,1,181,733,Two-walk,1.0,,dense,1,False,process,0.011165523999807192,0.011267377999999995,189.857792,136.278016,180.88671875,0.524176,0.009556,1,0,0,0.0,0.24220049378306074,1.2785866356708009,ok,,machine-3a00f8af,,1790850606.4432259
paired_overlap/small/s1,synthetic,paired_overlap,small,1,100,90,733,0.08144444444444444,1,181,733,Two-walk,1.0,,matrix_free,-1,True,process,0.01539970399971935,0.015529298999999996,188.362752,134.955008,179.234375,0.524176,0.009556,1,385,385,385.0,0.2422004937830611,1.2785866356707993,ok,,machine-3a00f8af,,1790850607.3816457
paired_overlap/small/s1,synthetic,paired_overlap,small,1,100,90,733,0.08144444444444444,1,181,733,Two-walk,1.0,,matrix_free,0,False,process,0.015500563000387046,0.015632357000000097,188.452864,134.483968,179.3671875,0.524176,0.009556,1,385,385,385.0,0.2422004937830611,1.2785866356707993,ok,,machine-3a00f8af,,1790850608.3349392
paired_overlap/small/s1,synthetic,paired_overlap,small,1,100,90,733,0.08144444444444444,1,181,733,Two-walk,1.0,,matrix_free,1,False,process,0.01671438199991826,0.016854048999999982,188.309504,134.73792,179.16015625,0.524176,0.009556,1,385,385,385.0,0.2422004937830611,1.2785866356707993,ok,,machine-3a00f8af,,1790850609.296962
paired_overlap/small/s1,synthetic,paired_overlap,small,1,100,90,733,0.08144444444444444,1,181,733,Two-walk-Auto,,"1,2,4,6,8,12",dense,-1,True,process,0.053821130000869744,0.054594451000000044,191.295488,137.752576,182.3671875,0.524176,0.009556,6,0,0,0.0,0.4666118699139705,1.2689900774728802,ok,,machine-3a00f8af,,1790850610.221684
paired_overlap/small/s1,synthetic,paired_overlap,small,1,100,90,733,0.08144444444444444,1,181,733,Two-walk-Auto,,"1,2,4,6,8,12",dense,0,False,process,0.05408150900257169,0.05479546700000004,191.217664,137.70752,182.0546875,0.524176,0.009556,6,0,0,0.0,0.4666118699139705,1.2689900774728802,ok,,machine-3a00f8af,,1790850611.2200797
paired_overlap/small/s1,synthetic,paired_overlap,small,1,100,90,733,0.08144444444444444,1,181,733,Two-walk-Auto,,"1,2,4,6,8,12",dense,1,False,process,0.04668620400116197,0.04731924799999998,191.275008,137.728,182.3046875,0.524176,0.009556,6,0,0,0.0,0.4666118699139705,1.2689900774728802,ok,,machine-3a00f8af,,1790850612.1795194
paired_overlap/small/s1,synthetic,paired_overlap,small,1,100,90,733,0.08144444444444444,1,181,733,Two-walk-Auto,,"1,2,4,6,8,12",matrix_free,-1,True,process,0.0806016010028543,0.08155758199999996,188.248064,134.680576,179.30078125,0.524176,0.009556,6,2417,454,402.8333333333333,0.4666118699139665,1.2689900774728984,ok,,machine-3a00f8af,,1790850613.166543
paired_overlap/small/s1,synthetic,paired_overlap,small,1,100,90,733,0.08144444444444444,1,181,733,Two-walk-Auto,,"1,2,4,6,8,12",matrix_free,0,False,process,0.08258031500008656,0.08429631400000004,188.321792,134.660096,179.4609375,0.524176,0.009556,6,2417,454,402.8333333333333,0.4666118699139665,1.2689900774728984,ok,,machine-3a00f8af,,1790850614.2108977
paired_overlap/small/s1,synthetic,paired_overlap,small,1,100,90,733,0.08144444444444444,1,181,733,Two-walk-Auto,,"1,2,4,6,8,12",matrix_free,1,False,process,0.08326506200319272,0.08514565500000004,188.551168,134.299648,179.11328125,0.524176,0.009556,6,2417,454,402.8333333333333,0.4666118699139665,1.2689900774728984,ok,,machine-3a00f8af,,1790850615.2164178
paired_overlap/medium/s0,synthetic,paired_overlap,medium,0,200,180,2527,0.07019444444444445,1,359,2527,One-walk,,,dense,-1,True,process,0.024331813998287544,0.02447543200000002,193.200128,139.726848,183.484375,2.062096,0.031844,1,0,0,0.0,0.05504678514915936,1.1927936538536563,ok,,machine-3a00f8af,,1790850616.277369
paired_overlap/medium/s0,synthetic,paired_overlap,medium,0,200,180,2527,0.07019444444444445,1,359,2527,One-walk,,,dense,0,False,process,0.025886403000185965,0.026071257000000014,193.171456,139.505664,183.76953125,2.062096,0.031844,1,0,0,0.0,0.05504678514915936,1.1927936538536563,ok,,machine-3a00f8af,,1790850617.2602775
paired_overlap/medium/s0,synthetic,paired_overlap,medium,0,200,180,2527,0.07019444444444445,1,359,2527,One-walk,,,dense,1,False,process,0.028153097999165766,0.028400781999999958,193.302528,139.825152,183.4609375,2.062096,0.031844,1,0,0,0.0,0.05504678514915936,1.1927936538536563,ok,,machine-3a00f8af,,1790850618.2215111
paired_overlap/medium/s0,synthetic,paired_overlap,medium,0,200,180,2527,0.07019444444444445,1,359,2527,One-walk,,,matrix_free,-1,True,process,0.023632128999452107,0.02390306100000006,189.19424,134.77888,179.8125,2.062096,0.031844,1,797,797,797.0,0.05504678514915814,1.1927936538536419,ok,,machine-3a00f8af,,1790850619.3032472
paired_overlap/medium/s0,synthetic,paired_overlap,medium,0,200,180,2527,0.07019444444444445,1,359,2527,One-walk,,,matrix_free,0,False,process,0.02769915500175557,0.028254098000000005,189.190144,135.43424,180.3671875,2.062096,0.031844,1,797,797,797.0,0.05504678514915814,1.1927936538536419,ok,,machine-3a00f8af,,1790850620.269142
paired_overlap/medium/s0,synthetic,paired_overlap,medium,0,200,180,2527,0.07019444444444445,1,359,2527,One-walk,,,matrix_free,1,False,process,0.02887648599789827,0.02919097100000001,188.882944,135.213056,179.2265625,2.062096,0.031844,1,797,797,797.0,0.05504678514915814,1.1927936538536419,ok,,machine-3a00f8af,,1790850621.2606344
paired_overlap/medium/s0,synthetic,paired_overlap,medium,0,200,180,2527,0.07019444444444445,1,359,2527,Two-walk,1.0,,dense,-1,True,process,0.02545964099772391,0.025674423999999973,194.306048,140.61568,184.35546875,2.062096,0.031844,1,0,0,0.0,0.3135162981095954,1.0686466150910234,ok,,machine-3a00f8af,,1790850622.2273045
paired_overlap/medium/s0,synthetic,paired_overlap,medium,0,200,180,2527,0.07019444444444445,1,359,2527,Two-walk,1.0,,dense,0,False,process,0.027570504000323126,0.027775945000000024,194.383872,140.324864,184.609375,2.062096,0.031844,1,0,0,0.0,0.3135162981095954,1.0686466150910234,ok,,machine-3a00f8af,,1790850623.2298846
paired_overlap/medium/s0,synthetic,paired_overlap,medium,0,200,180,2527,0.07019444444444445,1,359,2527,Two-walk,1.0,,dense,1,False,process,0.027654100998915965,0.02805638999999993,194.39616,140.26752,185.1484375,2.062096,0.031844,1,0,0,0.0,0.3135162981095954,1.0686466150910234,ok,,machine-3a00f8af,,1790850624.2891088
paired_overlap/medium/s0,synthetic,paired_overlap,medium,0,200,180,2527,0.07019444444444445,1,359,2527,Two-walk,1.0,,matrix_free,-1,True,process,0.022367736000887817,0.02256304100000006,189.124608,135.00416,180.05078125,2.062096,0.031844,1,460,460,460.0,0.3135162981095578,1.0686466150912097,ok,,machine-3a00f8af,,1790850625.3051455
paired_overlap/medium/s0,synthetic,paired_overlap,medium,0,200,180,2527,0.07019444444444445,1,359,2527,Two-walk,1.0,,matrix_free,0,False,process,0.027797029000794282,0.02855961600000001,189.034496,135.327744,180.18359375,2.062096,0.031844,1,460,460,460.0,0.3135162981095578,1.0686466150912097,ok,,machine-3a00f8af,,1790850626.2375832
paired_overlap/medium/s0,synthetic,paired_overlap,medium,0,200,180,2527,0.07019444444444445,1,359,2527,Two-walk,1.0,,matrix_free,1,False,process,0.023616148999280995,0.023795208999999984,189.169664,135.565312,180.2109375,2.062096,0.031844,1,460,460,460.0,0.3135162981095578,1.0686466150912097,ok,,machine-3a00f8af,,1790850627.2686756
paired_overlap/medium/s0,synthetic,paired_overlap,medium,0,200,180,2527,0.07019444444444445,1,359,2527,Two-walk-Auto,,"1,2,4,6,8,12",dense,-1,True,process,0.12158842499775346,0.12212101200000003,198.754304,145.166336,189.078125,2.062096,0.031844,6,0,0,0.0,0.5868481785116482,1.0484628423696696,ok,,machine-3a00f8af,,1790850628.324113
paired_overlap/medium/s0,synthetic,paired_overlap,medium,0,200,180,2527,0.07019444444444445,1,359,2527,Two-walk-Auto,,"1,2,4,6,8,12",dense,0,False,process,0.12865436100037186,0.12976849999999995,198.692864,144.95744,188.6875,2.062096,0.031844,6,0,0,0.0,0.5868481785116482,1.0484628423696696,ok,,machine-3a00f8af,,1790850629.4955738
paired_overlap/medium/s0,synthetic,paired_overlap,medium,0,200,180,2527,0.07019444444444445,1,359,2527,Two-walk-Auto,,"1,2,4,6,8,12",dense,1,False,process,0.12811684099870035,0.12942705200000004,198.656,145.088512,188.84765625,2.062096,0.031844,6,0,0,0.0,0.5868481785116482,1.0484628423696696,ok,,machine-3a00f8af,,1790850630.633945
paired_overlap/medium/s0,synthetic,paired_overlap,medium,0,200,180,2527,0.07019444444444445,1,359,2527,Two-walk-Auto,,"1,2,4,6,8,12",matrix_free,-1,True,process,0.1365979750007682,0.13828507700000003,189.042688,135.032832,179.9921875,2.062096,0.031844,6,3079,645,513.1666666666666,0.5868481785116058,1.0484628423697164,ok,,machine-3a00f8af,,1790850631.699949
paired_overlap/medium/s0,synthetic,paired_overlap,medium,0,200,180,2527,0.07019444444444445,1,359,2527,Two-walk-Auto,,"1,2,4,6,8,12",matrix_free,0,False,process,0.14180257699990761,0.144413538,189.272064,135.462912,180.27734375,2.062096,0.031844,6,3079,645,513.1666666666666,0.5868481785116058,1.0484628423697164,ok,,machine-3a00f8af,,1790850632.8388064
paired_overlap/medium/s0,synthetic,paired_overlap,medium,0,200,180,2527,0.07019444444444445,1,359,2527,Two-walk-Auto,,"1,2,4,6,8,12",matrix_free,1,False,process,0.12405814099838608,0.12595241499999998,189.095936,135.31136,180.18359375,2.062096,0.031844,6,3079,645,513.1666666666666,0.5868481785116058,1.0484628423697164,ok,,machine-3a00f8af,,1790850633.9477625
paired_overlap/medium/s1,synthetic,paired_overlap,medium,1,200,180,2560,0.07111111111111111,1,364,2560,One-walk,,,dense,-1,True,process,0.027502696997544263,0.027205338999999995,193.261568,139.85792,183.80078125,2.119936,0.03224,1,0,0,0.0,0.04882093466012351,1.0744424809333541,ok,,machine-3a00f8af,,1790850635.099771
paired_overlap/medium/s1,synthetic,paired_overlap,medium,1,200,180,2560,0.07111111111111111,1,364,2560,One-walk,,,dense,0,False,process,0.02511177700216649,0.025247817999999977,193.458176,139.739136,183.734375,2.119936,0.03224,1,0,0,0.0,0.04882093466012351,1.0744424809333541,ok,,machine-3a00f8af,,1790850636.1287854
paired_overlap/medium/s1,synthetic,paired_overlap,medium,1,200,180,2560,0.07111111111111111,1,364,2560,One-walk,,,dense,1,False,process,0.02342266599953291,0.02364304500000003,193.478656,139.706368,183.66796875,2.119936,0.03224,1,0,0,0.0,0.04882093466012351,1.0744424809333541,ok,,machine-3a00f8af,,1790850637.1691322
paired_overlap/medium/s1,synthetic,paired_overlap,medium,1,200,180,2560,0.07111111111111111,1,364,2560,One-walk,,,matrix_free,-1,True,process,0.02331076600239612,0.023565904999999998,188.923904,135.245824,179.91015625,2.119936,0.03224,1,801,801,801.0,0.048820934660123896,1.0744424809333373,ok,,machine-3a00f8af,,1790850638.1273143
paired_overlap/medium/s1,synthetic,paired_overlap,medium,1,200,180,2560,0.07111111111111111,1,364,2560,One-walk,,,matrix_free,0,False,process,0.02395345300101326,0.02437276799999999,189.083648,135.565312,179.78125,2.119936,0.03224,1,801,801,801.0,0.048820934660123896,1.0744424809333373,ok,,machine-3a00f8af,,1790850639.1030395
paired_overlap/medium/s1,synthetic,paired_overlap,medium,1,200,180,2560,0.07111111111111111,1,364,2560,One-walk,,,matrix_free,1,False,process,0.025318454998341622,0.025790336999999997,189.177856,135.458816,179.890625,2.119936,0.03224,1,801,801,801.0,0.048820934660123896,1.0744424809333373,ok,,machine-3a00f8af,,1790850640.1870093
paired_overlap/medium/s1,synthetic,paired_overlap,medium,1,200,180,2560,0.07111111111111111,1,364,2560,Two-walk,1.0,,dense,-1,True,process,0.023896266000519972,0.02412974000000001,194.62144,140.886016,185.3515625,2.119936,0.03224,1,0,0,0.0,0.21369504076805867,1.329312381837838,ok,,machine-3a00f8af,,1790850641.152864
paired_overlap/medium/s1,synthetic,paired_overlap,medium,1,200,180,2560,0.07111111111111111,1,364,2560,Two-walk,1.0,,dense,0,False,process,0.024920398001995636,0.02509245900000001,194.564096,140.730368,184.953125,2.119936,0.03224,1,0,0,0.0,0.21369504076805867,1.329312381837838,ok,,machine-3a00f8af,,1790850642.1938484
paired_overlap/medium/s1,synthetic,paired_overlap,medium,1,200,180,2560,0.07111111111111111,1,364,2560,Two-walk,1.0,,dense,1,False,process,0.024288181000883924,0.024447343000000066,194.523136,140.742656,184.62890625,2.119936,0.03224,1,0,0,0.0,0.21369504076805867,1.329312381837838,ok,,machine-3a00f8af,,1790850643.1883452
paired_overlap/medium/s1,synthetic,paired_overlap,medium,1,200,180,2560,0.07111111111111111,1,364,2560,Two-walk,1.0,,matrix_free,-1,True,process,0.025421670001378516,0.02565633199999995,189.308928,135.544832,180.234375,2.119936,0.03224,1,623,623,623.0,0.2136950407680536,1.32931238183792,ok,,machine-3a00f8af,,1790850644.2040524
paired_overlap/medium/s1,synthetic,paired_overlap,medium,1,200,180,2560,0.07111111111111111,1,364,2560,Two-walk,1.0,,matrix_free,0,False,process,0.031053483002324356,0.03138409600000003,188.833792,135.258112,179.66015625,2.119936,0.03224,1,623,623,623.0,0.2136950407680536,1.32931238183792,ok,,machine-3a00f8af,,1790850645.254126
paired_overlap/medium/s1,synthetic,paired_overlap,medium,1,200,180,2560,0.07111111111111111,1,364,2560,Two-walk,1.0,,matrix_free,1,False,process,0.02440930800003116,0.024575106000000013,189.177856,135.606272,179.7734375,2.119936,0.03224,1,623,623,623.0,0.2136950407680536,1.32931238183792,ok,,machine-3a00f8af,,1790850646.2051573
paired_overlap/medium/s1,synthetic,paired_overlap,medium,1,200,180,2560,0.07111111111111111,1,364,2560,Two-walk-Auto,,"1,2,4,6,8,12",dense,-1,True,process,0.13648418199954904,0.137654269,199.139328,145.252352,189.57421875,2.119936,0.03224,6,0,0,0.0,0.4910915202922508,1.141835505497618,ok,,machine-3a00f8af,,1790850647.1546197
paired_overlap/medium/s1,synthetic,paired_overlap,medium,1,200,180,2560,0.07111111111111111,1,364,2560,Two-walk-Auto,,"1,2,4,6,8,12",dense,0,False,process,0.15109768899856135,0.152565995,198.811648,145.334272,189.20703125,2.119936,0.03224,6,0,0,0.0,0.4910915202922508,1.141835505497618,ok,,machine-3a00f8af,,1790850648.2447016
paired_overlap/medium/s1,synthetic,paired_overlap,medium,1,200,180,2560,0.07111111111111111,1,364,2560,Two-walk-Auto,,"1,2,4,6,8,12",dense,1,False,process,0.13246717899892246,0.13299941400000004,198.946816,145.534976,189.24609375,2.119936,0.03224,6,0,0,0.0,0.4910915202922508,1.141835505497618,ok,,machine-3a00f8af,,1790850649.443801
paired_overlap/medium/s1,synthetic,paired_overlap,medium,1,200,180,2560,0.07111111111111111,1,364,2560,Two-walk-Auto,,"1,2,4,6,8,12",matrix_free,-1,True,process,0.1522405540017644,0.15454508,189.218816,135.610368,179.9765625,2.119936,0.03224,6,4295,851,715.8333333333334,0.491091520292253,1.1418355054976201,ok,,machine-3a00f8af,,1790850650.5140908
paired_overlap/medium/s1,synthetic,paired_overlap,medium,1,200,180,2560,0.07111111111111111,1,364,2560,Two-walk-Auto,,"1,2,4,6,8,12",matrix_free,0,False,process,0.1517763819974789,0.153773304,188.964864,135.245824,179.859375,2.119936,0.03224,6,4295,851,715.8333333333334,0.491091520292253,1.1418355054976201,ok,,machine-3a00f8af,,1790850651.582344
paired_overlap/medium/s1,synthetic,paired_overlap,medium,1,200,180,2560,0.07111111111111111,1,364,2560,Two-walk-Auto,,"1,2,4,6,8,12",matrix_free,1,False,process,0.15919062399916584,0.16146356799999995,189.018112,135.573504,179.79296875,2.119936,0.03224,6,4295,851,715.8333333333334,0.491091520292253,1.1418355054976201,ok,,machine-3a00f8af,,1790850652.6413698
paired_overlap/large/s0,synthetic,paired_overlap,large,0,400,360,9942,0.06904166666666667,1,721,9942,One-walk,,,dense,-1,True,process,0.10099352700126474,0.10172881599999994,205.467648,147.984384,195.77734375,8.317456,0.122344,1,0,0,0.0,0.05580213575741537,1.041844614832224,ok,,machine-3a00f8af,,1790850653.7230165
paired_overlap/large/s0,synthetic,paired_overlap,large,0,400,360,9942,0.06904166666666667,1,721,9942,One-walk,,,dense,0,False,process,0.0873642580008891,0.08783565500000001,205.35296,147.972096,195.1953125,8.317456,0.122344,1,0,0,0.0,0.05580213575741537,1.041844614832224,ok,,machine-3a00f8af,,1790850654.8786905
paired_overlap/large/s0,synthetic,paired_overlap,large,0,400,360,9942,0.06904166666666667,1,721,9942,One-walk,,,dense,1,False,process,0.08760360700034653,0.08803003200000004,205.160448,147.644416,194.95703125,8.317456,0.122344,1,0,0,0.0,0.05580213575741537,1.041844614832224,ok,,machine-3a00f8af,,1790850655.8669453
paired_overlap/large/s0,synthetic,paired_overlap,large,0,400,360,9942,0.06904166666666667,1,721,9942,One-walk,,,matrix_free,-1,True,process,0.05831324400060112,0.05897205299999997,191.61088,138.133504,182.1953125,8.317456,0.122344,1,1774,1774,1774.0,0.05580213575741591,1.0418446148322802,ok,,machine-3a00f8af,,1790850656.8627803
paired_overlap/large/s0,synthetic,paired_overlap,large,0,400,360,9942,0.06904166666666667,1,721,9942,One-walk,,,matrix_free,0,False,process,0.061047348001011414,0.061908513,191.946752,138.223616,182.44140625,8.317456,0.122344,1,1774,1774,1774.0,0.05580213575741591,1.0418446148322802,ok,,machine-3a00f8af,,1790850657.8563058
paired_overlap/large/s0,synthetic,paired_overlap,large,0,400,360,9942,0.06904166666666667,1,721,9942,One-walk,,,matrix_free,1,False,process,0.06648975500138476,0.067653289,191.905792,138.248192,182.67578125,8.317456,0.122344,1,1774,1774,1774.0,0.05580213575741591,1.0418446148322802,ok,,machine-3a00f8af,,1790850658.876248
paired_overlap/large/s0,synthetic,paired_overlap,large,0,400,360,9942,0.06904166666666667,1,721,9942,Two-walk,1.0,,dense,-1,True,process,0.09696616599831032,0.09760515699999994,206.630912,148.496384,197.15234375,8.317456,0.122344,1,0,0,0.0,0.4597507017561168,1.0093126488764759,ok,,machine-3a00f8af,,1790850659.9063973
paired_overlap/large/s0,synthetic,paired_overlap,large,0,400,360,9942,0.06904166666666667,1,721,9942,Two-walk,1.0,,dense,0,False,process,0.1054092779995699,0.10596857500000012,206.675968,149.000192,196.87109375,8.317456,0.122344,1,0,0,0.0,0.4597507017561168,1.0093126488764759,ok,,machine-3a00f8af,,1790850661.2061625
paired_overlap/large/s0,synthetic,paired_overlap,large,0,400,360,9942,0.06904166666666667,1,721,9942,Two-walk,1.0,,dense,1,False,process,0.09850494500278728,0.09906855600000009,206.692352,149.38112,196.80859375,8.317456,0.122344,1,0,0,0.0,0.4597507017561168,1.0093126488764759,ok,,machine-3a00f8af,,1790850662.4861796
paired_overlap/large/s0,synthetic,paired_overlap,large,0,400,360,9942,0.06904166666666667,1,721,9942,Two-walk,1.0,,matrix_free,-1,True,process,0.05721921000076691,0.05783844100000002,191.8976,138.330112,182.44921875,8.317456,0.122344,1,1128,1128,1128.0,0.45975070175616556,1.0093126488763466,ok,,machine-3a00f8af,,1790850663.6593802
paired_overlap/large/s0,synthetic,paired_overlap,large,0,400,360,9942,0.06904166666666667,1,721,9942,Two-walk,1.0,,matrix_free,0,False,process,0.057076352000876796,0.05760561200000003,191.852544,138.256384,182.50390625,8.317456,0.122344,1,1128,1128,1128.0,0.45975070175616556,1.0093126488763466,ok,,machine-3a00f8af,,1790850664.659535
paired_overlap/large/s0,synthetic,paired_overlap,large,0,400,360,9942,0.06904166666666667,1,721,9942,Two-walk,1.0,,matrix_free,1,False,process,0.05603815199719975,0.056707971000000024,191.791104,137.703424,182.79296875,8.317456,0.122344,1,1128,1128,1128.0,0.45975070175616556,1.0093126488763466,ok,,machine-3a00f8af,,1790850665.6642103
paired_overlap/large/s0,synthetic,paired_overlap,large,0,400,360,9942,0.06904166666666667,1,721,9942,Two-walk-Auto,,"1,2,4,6,8,12",dense,-1,True,process,0.5410643979994347,0.543573427,228.675584,175.026176,217.58203125,8.317456,0.122344,6,0,0,0.0,0.7068949249401352,1.0070805001947023,ok,,machine-3a00f8af,,1790850666.625267
paired_overlap/large/s0,synthetic,paired_overlap,large,0,400,360,9942,0.06904166666666667,1,721,9942,Two-walk-Auto,,"1,2,4,6,8,12",dense,0,False,process,0.5443756649983698,0.5465040160000001,228.499456,174.936064,217.8671875,8.317456,0.122344,6,0,0,0.0,0.7068949249401352,1.0070805001947023,ok,,machine-3a00f8af,,1790850668.06459
paired_overlap/large/s0,synthetic,paired_overlap,large,0,400,360,9942,0.06904166666666667,1,721,9942,Two-walk-Auto,,"1,2,4,6,8,12",dense,1,False,process,0.569856415000686,0.5721561649999999,228.462592,174.559232,217.390625,8.317456,0.122344,6,0,0,0.0,0.7068949249401352,1.0070805001947023,ok,,machine-3a00f8af,,1790850669.6524198
paired_overlap/large/s0,synthetic,paired_overlap,large,0,400,360,9942,0.06904166666666667,1,721,9942,Two-walk-Auto,,"1,2,4,6,8,12",matrix_free,-1,True,process,0.41824452099899645,0.41989286699999995,191.770624,138.039296,182.73828125,8.317456,0.122344,6,7255,1500,1209.1666666666667,0.7068949249401446,1.0070805001946723,ok,,machine-3a00f8af,,1790850671.3158445
paired_overlap/large/s0,synthetic,paired_overlap,large,0,400,360,9942,0.06904166666666667,1,721,9942,Two-walk-Auto,,"1,2,4,6,8,12",matrix_free,0,False,process,0.3819907739998598,0.386369194,191.635456,137.752576,182.515625,8.317456,0.122344,6,7255,1500,1209.1666666666667,0.7068949249401446,1.0070805001946723,ok,,machine-3a00f8af,,1790850672.694998
paired_overlap/large/s0,synthetic,paired_overlap,large,0,400,360,9942,0.06904166666666667,1,721,9942,Two-walk-Auto,,"1,2,4,6,8,12",matrix_free,1,False,process,0.37481849799951306,0.3790996160000001,191.709184,138.09664,182.51953125,8.317456,0.122344,6,7255,1500,1209.1666666666667,0.7068949249401446,1.0070805001946723,ok,,machine-3a00f8af,,1790850673.9922516
paired_overlap/large/s1,synthetic,paired_overlap,large,1,400,360,9824,0.06822222222222223,1,717,9824,One-walk,,,dense,-1,True,process,0.09050479399957112,0.09098483000000002,204.926976,147.705856,195.3828125,8.225424,0.120928,1,0,0,0.0,0.04607549335644831,1.2343583965035958,ok,,machine-3a00f8af,,1790850675.3248203
paired_overlap/large/s1,synthetic,paired_overlap,large,1,400,360,9824,0.06822222222222223,1,717,9824,One-walk,,,dense,0,False,process,0.08401161400252022,0.08453005000000002,205.254656,147.316736,195.45703125,8.225424,0.120928,1,0,0,0.0,0.04607549335644831,1.2343583965035958,ok,,machine-3a00f8af,,1790850676.3075118
paired_overlap/large/s1,synthetic,paired_overlap,large,1,400,360,9824,0.06822222222222223,1,717,9824,One-walk,,,dense,1,False,process,0.08617075700021815,0.08668404200000002,204.865536,147.259392,195.328125,8.225424,0.120928,1,0,0,0.0,0.04607549335644831,1.2343583965035958,ok,,machine-3a00f8af,,1790850677.4048471
paired_overlap/large/s1,synthetic,paired_overlap,large,1,400,360,9824,0.06822222222222223,1,717,9824,One-walk,,,matrix_free,-1,True,process,0.06431013300243649,0.06505167599999995,191.741952,138.080256,182.50390625,8.225424,0.120928,1,1520,1520,1520.0,0.046075493356448644,1.2343583965036404,ok,,machine-3a00f8af,,1790850678.505687
paired_overlap/large/s1,synthetic,paired_overlap,large,1,400,360,9824,0.06822222222222223,1,717,9824,One-walk,,,matrix_free,0,False,process,0.054845924001710955,0.055426025000000045,192.110592,138.244096,182.78125,8.225424,0.120928,1,1520,1520,1520.0,0.046075493356448644,1.2343583965036404,ok,,machine-3a00f8af,,1790850679.6184874
paired_overlap/large/s1,synthetic,paired_overlap,large,1,400,360,9824,0.06822222222222223,1,717,9824,One-walk,,,matrix_free,1,False,process,0.05288187599944649,0.05345989299999998,191.983616,137.773056,182.90234375,8.225424,0.120928,1,1520,1520,1520.0,0.046075493356448644,1.2343583965036404,ok,,machine-3a00f8af,,1790850680.6130664
paired_overlap/large/s1,synthetic,paired_overlap,large,1,400,360,9824,0.06822222222222223,1,717,9824,Two-walk,1.0,,dense,-1,True,process,0.09055628100031754,0.09105648099999997,206.880768,148.959232,196.93359375,8.225424,0.120928,1,0,0,0.0,0.2771218603784997,1.6176586215906699,ok,,machine-3a00f8af,,1790850681.5863166
paired_overlap/large/s1,synthetic,paired_overlap,large,1,400,360,9824,0.06822222222222223,1,717,9824,Two-walk,1.0,,dense,0,False,process,0.0892624110019824,0.08972506400000002,206.237696,149.065728,196.8359375,8.225424,0.120928,1,0,0,0.0,0.2771218603784997,1.6176586215906699,ok,,machine-3a00f8af,,1790850682.6190612
paired_overlap/large/s1,synthetic,paired_overlap,large,1,400,360,9824,0.06822222222222223,1,717,9824,Two-walk,1.0,,dense,1,False,process,0.08886158899986185,0.08938604800000005,206.553088,148.406272,197.0078125,8.225424,0.120928,1,0,0,0.0,0.2771218603784997,1.6176586215906699,ok,,machine-3a00f8af,,1790850683.6351159
paired_overlap/large/s1,synthetic,paired_overlap,large,1,400,360,9824,0.06822222222222223,1,717,9824,Two-walk,1.0,,matrix_free,-1,True,process,0.05587434500193922,0.05645818699999994,191.819776,138.227712,182.62109375,8.225424,0.120928,1,902,902,902.0,0.2771218603785406,1.6176586215902946,ok,,machine-3a00f8af,,1790850684.6405833
paired_overlap/large/s1,synthetic,paired_overlap,large,1,400,360,9824,0.06822222222222223,1,717,9824,Two-walk,1.0,,matrix_free,0,False,process,0.04902374200173654,0.04944454399999998,191.905792,138.104832,182.55078125,8.225424,0.120928,1,902,902,902.0,0.2771218603785406,1.6176586215902946,ok,,machine-3a00f8af,,1790850685.6309443
paired_overlap/large/s1,synthetic,paired_overlap,large,1,400,360,9824,0.06822222222222223,1,717,9824,Two-walk,1.0,,matrix_free,1,False,process,0.04815976999816485,0.04863945200000008,191.81568,138.047488,182.6484375,8.225424,0.120928,1,902,902,902.0,0.2771218603785406,1.6176586215902946,ok,,machine-3a00f8af,,1790850686.5740097
paired_overlap/large/s1,synthetic,paired_overlap,large,1,400,360,9824,0.06822222222222223,1,717,9824,Two-walk-Auto,,"1,2,4,6,8,12",dense,-1,True,process,0.5169405349988665,0.519864451,228.204544,174.043136,217.5546875,8.225424,0.120928,6,0,0,0.0,0.5245001813332918,1.3310240845086228,ok,,machine-3a00f8af,,1790850687.5243115
paired_overlap/large/s1,synthetic,paired_overlap,large,1,400,360,9824,0.06822222222222223,1,717,9824,Two-walk-Auto,,"1,2,4,6,8,12",dense,0,False,process,0.5200448529976711,0.5225766159999999,228.0448,174.608384,217.1875,8.225424,0.120928,6,0,0,0.0,0.5245001813332918,1.3310240845086228,ok,,machine-3a00f8af,,1790850688.9606838
paired_overlap/large/s1,synthetic,paired_overlap,large,1,400,360,9824,0.06822222222222223,1,717,9824,Two-walk-Auto,,"1,2,4,6,8,12",dense,1,False,process,0.5277852660001372,0.5299706869999999,228.282368,174.16192,217.2265625,8.225424,0.120928,6,0,0,0.0,0.5245001813332918,1.3310240845086228,ok,,machine-3a00f8af,,1790850690.4818275
paired_overlap/large/s1,synthetic,paired_overlap,large,1,400,360,9824,0.06822222222222223,1,717,9824,Two-walk-Auto,,"1,2,4,6,8,12",matrix_free,-1,True,process,0.30792137699972955,0.3114519800000001,191.545344,138.1376,182.28515625,8.225424,0.120928,6,5473,1128,912.1666666666666,0.5245001813332064,1.3310240845086878,ok,,machine-3a00f8af,,1790850691.9818103
paired_overlap/large/s1,synthetic,paired_overlap,large,1,400,360,9824,0.06822222222222223,1,717,9824,Two-walk-Auto,,"1,2,4,6,8,12",matrix_free,0,False,process,0.3047696100002213,0.30819819999999987,191.791104,138.039296,182.8359375,8.225424,0.120928,6,5473,1128,912.1666666666666,0.5245001813332064,1.3310240845086878,ok,,machine-3a00f8af,,1790850693.1944077
paired_overlap/large/s1,synthetic,paired_overlap,large,1,400,360,9824,0.06822222222222223,1,717,9824,Two-walk-Auto,,"1,2,4,6,8,12",matrix_free,1,False,process,0.31235428000218235,0.316365484,191.889408,138.317824,182.6015625,8.225424,0.120928,6,5473,1128,912.1666666666666,0.5245001813332064,1.3310240845086878,ok,,machine-3a00f8af,,1790850694.427716
shared_super/small/s0,synthetic,shared_super,small,0,100,90,541,0.06011111111111111,1,184,541,One-walk,,,dense,-1,True,process,0.010878495002543787,0.010965193999999956,189.984768,135.68,180.9375,0.541696,0.007252,1,0,0,0.0,0.06108206475657855,1.1268920641734026,ok,,machine-3a00f8af,,1790850695.6808977
shared_super/small/s0,synthetic,shared_super,small,0,100,90,541,0.06011111111111111,1,184,541,One-walk,,,dense,0,False,process,0.011890114001289476,0.011987842999999998,190.23872,136.245248,180.70703125,0.541696,0.007252,1,0,0,0.0,0.06108206475657855,1.1268920641734026,ok,,machine-3a00f8af,,1790850696.6041963
shared_super/small/s0,synthetic,shared_super,small,0,100,90,541,0.06011111111111111,1,184,541,One-walk,,,dense,1,False,process,0.011228251001739409,0.011070849999999965,190.19776,136.327168,180.4609375,0.541696,0.007252,1,0,0,0.0,0.06108206475657855,1.1268920641734026,ok,,machine-3a00f8af,,1790850697.6063254
shared_super/small/s0,synthetic,shared_super,small,0,100,90,541,0.06011111111111111,1,184,541,One-walk,,,matrix_free,-1,True,process,0.01830512800006545,0.018549174,188.428288,134.610944,178.9765625,0.541696,0.007252,1,407,407,407.0,0.06108206475657891,1.126892064173401,ok,,machine-3a00f8af,,1790850698.7406507
shared_super/small/s0,synthetic,shared_super,small,0,100,90,541,0.06011111111111111,1,184,541,One-walk,,,matrix_free,0,False,process,0.013506538998626638,0.013586651000000005,188.481536,134.832128,179.26171875,0.541696,0.007252,1,407,407,407.0,0.06108206475657891,1.126892064173401,ok,,machine-3a00f8af,,1790850699.9069486
shared_super/small/s0,synthetic,shared_super,small,0,100,90,541,0.06011111111111111,1,184,541,One-walk,,,matrix_free,1,False,process,0.015760260001115967,0.015999620999999964,188.444672,134.385664,179.5078125,0.541696,0.007252,1,407,407,407.0,0.06108206475657891,1.126892064173401,ok,,machine-3a00f8af,,1790850700.978659
shared_super/small/s0,synthetic,shared_super,small,0,100,90,541,0.06011111111111111,1,184,541,Two-walk,1.0,,dense,-1,True,process,0.011860177000926342,0.01193562700000006,190.152704,136.019968,181.05078125,0.541696,0.007252,1,0,0,0.0,0.299340673871099,1.0332478572650252,ok,,machine-3a00f8af,,1790850702.0628774
shared_super/small/s0,synthetic,shared_super,small,0,100,90,541,0.06011111111111111,1,184,541,Two-walk,1.0,,dense,0,False,process,0.01140602500163368,0.011517575999999918,190.0544,136.134656,181.171875,0.541696,0.007252,1,0,0,0.0,0.299340673871099,1.0332478572650252,ok,,machine-3a00f8af,,1790850703.068595
shared_super/small/s0,synthetic,shared_super,small,0,100,90,541,0.06011111111111111,1,184,541,Two-walk,1.0,,dense,1,False,process,0.011538653998286463,0.011654080999999983,189.968384,136.323072,181.0078125,0.541696,0.007252,1,0,0,0.0,0.299340673871099,1.0332478572650252,ok,,machine-3a00f8af,,1790850704.062255
shared_super/small/s0,synthetic,shared_super,small,0,100,90,541,0.06011111111111111,1,184,541,Two-walk,1.0,,matrix_free,-1,True,process,0.017990588003158337,0.018155778999999983,188.358656,134.733824,179.2890625,0.541696,0.007252,1,344,344,344.0,0.29934067387110314,1.0332478572650117,ok,,machine-3a00f8af,,1790850705.1918757
shared_super/small/s0,synthetic,shared_super,small,0,100,90,541,0.06011111111111111,1,184,541,Two-walk,1.0,,matrix_free,0,False,process,0.017473036001319997,0.017656431000000028,188.280832,134.483968,179.43359375,0.541696,0.007252,1,344,344,344.0,0.29934067387110314,1.0332478572650117,ok,,machine-3a00f8af,,1790850706.2568781
shared_super/small/s0,synthetic,shared_super,small,0,100,90,541,0.06011111111111111,1,184,541,Two-walk,1.0,,matrix_free,1,False,process,0.01647166600014316,0.016695707999999976,188.485632,134.586368,178.72265625,0.541696,0.007252,1,344,344,344.0,0.29934067387110314,1.0332478572650117,ok,,machine-3a00f8af,,1790850707.4222686
shared_super/small/s0,synthetic,shared_super,small,0,100,90,541,0.06011111111111111,1,184,541,Two-walk-Auto,,"1,2,4,6,8,12",dense,-1,True,process,0.0550122159984312,0.05544762000000003,191.053824,137.560064,181.3203125,0.541696,0.007252,6,0,0,0.0,0.5759285571212402,1.1550523218277866,ok,,machine-3a00f8af,,1790850708.6514552
shared_super/small/s0,synthetic,shared_super,small,0,100,90,541,0.06011111111111111,1,184,541,Two-walk-Auto,,"1,2,4,6,8,12",dense,0,False,process,0.058261436999600846,0.05913909099999992,191.442944,137.883648,181.8515625,0.541696,0.007252,6,0,0,0.0,0.5759285571212402,1.1550523218277866,ok,,machine-3a00f8af,,1790850709.93573
shared_super/small/s0,synthetic,shared_super,small,0,100,90,541,0.06011111111111111,1,184,541,Two-walk-Auto,,"1,2,4,6,8,12",dense,1,False,process,0.054267818999505835,0.055064537999999996,191.42656,137.732096,182.50390625,0.541696,0.007252,6,0,0,0.0,0.5759285571212402,1.1550523218277866,ok,,machine-3a00f8af,,1790850711.1406808
shared_super/small/s0,synthetic,shared_super,small,0,100,90,541,0.06011111111111111,1,184,541,Two-walk-Auto,,"1,2,4,6,8,12",matrix_free,-1,True,process,0.08167137000054936,0.08326830200000002,188.346368,134.967296,178.7578125,0.541696,0.007252,6,2148,376,358.0,0.5759285571212409,1.1550523218278015,ok,,machine-3a00f8af,,1790850712.375279
shared_super/small/s0,synthetic,shared_super,small,0,100,90,541,0.06011111111111111,1,184,541,Two-walk-Auto,,"1,2,4,6,8,12",matrix_free,0,False,process,0.0849118130026909,0.08660726399999996,188.321792,134.770688,179.12109375,0.541696,0.007252,6,2148,376,358.0,0.5759285571212409,1.1550523218278015,ok,,machine-3a00f8af,,1790850713.5317314
shared_super/small/s0,synthetic,shared_super,small,0,100,90,541,0.06011111111111111,1,184,541,Two-walk-Auto,,"1,2,4,6,8,12",matrix_free,1,False,process,0.0845127139982651,0.08574190100000001,188.309504,134.561792,178.72265625,0.541696,0.007252,6,2148,376,358.0,0.5759285571212409,1.1550523218278015,ok,,machine-3a00f8af,,1790850714.822779
shared_super/small/s1,synthetic,shared_super,small,1,100,90,571,0.06344444444444444,1,183,571,One-walk,,,dense,-1,True,process,0.012149631002102979,0.01225521400000007,189.943808,136.278016,180.125,0.535824,0.007612,1,0,0,0.0,0.053394989071938626,1.4923022860828798,ok,,machine-3a00f8af,,1790850716.073564
shared_super/small/s1,synthetic,shared_super,small,1,100,90,571,0.06344444444444444,1,183,571,One-walk,,,dense,0,False,process,0.013993634001963073,0.014104431000000028,190.078976,136.060928,180.828125,0.535824,0.007612,1,0,0,0.0,0.053394989071938626,1.4923022860828798,ok,,machine-3a00f8af,,1790850717.1337283
shared_super/small/s1,synthetic,shared_super,small,1,100,90,571,0.06344444444444444,1,183,571,One-walk,,,dense,1,False,process,0.012375926002277993,0.012506053999999933,190.01344,136.491008,180.765625,0.535824,0.007612,1,0,0,0.0,0.053394989071938626,1.4923022860828798,ok,,machine-3a00f8af,,1790850718.2767808
shared_super/small/s1,synthetic,shared_super,small,1,100,90,571,0.06344444444444444,1,183,571,One-walk,,,matrix_free,-1,True,process,0.013885019001463661,0.014477517999999967,188.551168,134.885376,179.20703125,0.535824,0.007612,1,403,403,403.0,0.0533949890719388,1.4923022860828734,ok,,machine-3a00f8af,,1790850719.3177743
shared_super/small/s1,synthetic,shared_super,small,1,100,90,571,0.06344444444444444,1,183,571,One-walk,,,matrix_free,0,False,process,0.01579480500004138,0.016082832000000047,188.243968,134.283264,178.72265625,0.535824,0.007612,1,403,403,403.0,0.0533949890719388,1.4923022860828734,ok,,machine-3a00f8af,,1790850720.410739
shared_super/small/s1,synthetic,shared_super,small,1,100,90,571,0.06344444444444444,1,183,571,One-walk,,,matrix_free,1,False,process,0.014708365000842605,0.014906532000000028,188.194816,134.340608,179.36328125,0.535824,0.007612,1,403,403,403.0,0.0533949890719388,1.4923022860828734,ok,,machine-3a00f8af,,1790850721.5359552
shared_super/small/s1,synthetic,shared_super,small,1,100,90,571,0.06344444444444444,1,183,571,Two-walk,1.0,,dense,-1,True,process,0.012098596002033446,0.01218749600000002,189.988864,136.589312,181.16015625,0.535824,0.007612,1,0,0,0.0,0.21626245420348977,1.6043383464765029,ok,,machine-3a00f8af,,1790850722.6421292
shared_super/small/s1,synthetic,shared_super,small,1,100,90,571,0.06344444444444444,1,183,571,Two-walk,1.0,,dense,0,False,process,0.012087635001080343,0.012124259999999998,190.152704,136.536064,180.96875,0.535824,0.007612,1,0,0,0.0,0.21626245420348977,1.6043383464765029,ok,,machine-3a00f8af,,1790850723.6447115
shared_super/small/s1,synthetic,shared_super,small,1,100,90,571,0.06344444444444444,1,183,571,Two-walk,1.0,,dense,1,False,process,0.014620720001403242,0.014621651000000013,190.169088,136.339456,180.0625,0.535824,0.007612,1,0,0,0.0,0.21626245420348977,1.6043383464765029,ok,,machine-3a00f8af,,1790850724.7625697
shared_super/small/s1,synthetic,shared_super,small,1,100,90,571,0.06344444444444444,1,183,571,Two-walk,1.0,,matrix_free,-1,True,process,0.016480491998663638,0.01668600099999995,188.248064,134.664192,178.953125,0.535824,0.007612,1,330,330,330.0,0.21626245420349366,1.6043383464764946,ok,,machine-3a00f8af,,1790850725.9427373
shared_super/small/s1,synthetic,shared_super,small,1,100,90,571,0.06344444444444444,1,183,571,Two-walk,1.0,,matrix_free,0,False,process,0.015967718998581404,0.016129418999999978,188.203008,134.631424,178.78515625,0.535824,0.007612,1,330,330,330.0,0.21626245420349366,1.6043383464764946,ok,,machine-3a00f8af,,1790850727.073343
shared_super/small/s1,synthetic,shared_super,small,1,100,90,571,0.06344444444444444,1,183,571,Two-walk,1.0,,matrix_free,1,False,process,0.018230707999464357,0.01859384799999997,188.182528,134.664192,178.93359375,0.535824,0.007612,1,330,330,330.0,0.21626245420349366,1.6043383464764946,ok,,machine-3a00f8af,,1790850728.1539183
shared_super/small/s1,synthetic,shared_super,small,1,100,90,571,0.06344444444444444,1,183,571,Two-walk-Auto,,"1,2,4,6,8,12",dense,-1,True,process,0.05321686599927489,0.053599061,191.217664,137.682944,181.90234375,0.535824,0.007612,6,0,0,0.0,0.49428290079318044,1.3013728892940741,ok,,machine-3a00f8af,,1790850729.2676868
shared_super/small/s1,synthetic,shared_super,small,1,100,90,571,0.06344444444444444,1,183,571,Two-walk-Auto,,"1,2,4,6,8,12",dense,0,False,process,0.05606623600033345,0.05701002300000002,191.22176,137.609216,181.8203125,0.535824,0.007612,6,0,0,0.0,0.49428290079318044,1.3013728892940741,ok,,machine-3a00f8af,,1790850730.4517462
shared_super/small/s1,synthetic,shared_super,small,1,100,90,571,0.06344444444444444,1,183,571,Two-walk-Auto,,"1,2,4,6,8,12",dense,1,False,process,0.05171639900072478,0.05253709200000001,191.20128,137.228288,182.12109375,0.535824,0.007612,6,0,0,0.0,0.49428290079318044,1.3013728892940741,ok,,machine-3a00f8af,,1790850731.5974913
shared_super/small/s1,synthetic,shared_super,small,1,100,90,571,0.06344444444444444,1,183,571,Two-walk-Auto,,"1,2,4,6,8,12",matrix_free,-1,True,process,0.07740230399940629,0.07872585600000004,188.350464,134.67648,178.83203125,0.535824,0.007612,6,1979,347,329.8333333333333,0.49428290079317816,1.3013728892940981,ok,,machine-3a00f8af,,1790850732.8144104
shared_super/small/s1,synthetic,shared_super,small,1,100,90,571,0.06344444444444444,1,183,571,Two-walk-Auto,,"1,2,4,6,8,12",matrix_free,0,False,process,0.07926667500214535,0.08060152300000001,188.215296,134.488064,178.97265625,0.535824,0.007612,6,1979,347,329.8333333333333,0.49428290079317816,1.3013728892940981,ok,,machine-3a00f8af,,1790850733.9863198
shared_super/small/s1,synthetic,shared_super,small,1,100,90,571,0.06344444444444444,1,183,571,Two-walk-Auto,,"1,2,4,6,8,12",matrix_free,1,False,process,0.079153431001032,0.080548748,188.370944,134.709248,179.00390625,0.535824,0.007612,6,1979,347,329.8333333333333,0.49428290079317816,1.3013728892940981,ok,,machine-3a00f8af,,1790850735.1406815
shared_super/medium/s0,synthetic,shared_super,medium,0,200,180,1872,0.052,1,364,1872,One-walk,,,dense,-1,True,process,0.0246230899974762,0.02482539699999997,193.429504,139.81696,183.96875,2.119936,0.023984,1,0,0,0.0,0.05110362358848905,1.1718260682570645,ok,,machine-3a00f8af,,1790850736.3545167
shared_super/medium/s0,synthetic,shared_super,medium,0,200,180,1872,0.052,1,364,1872,One-walk,,,dense,0,False,process,0.024358362999919336,0.024546191999999967,193.466368,139.808768,184.20703125,2.119936,0.023984,1,0,0,0.0,0.05110362358848905,1.1718260682570645,ok,,machine-3a00f8af,,1790850737.4412425
shared_super/medium/s0,synthetic,shared_super,medium,0,200,180,1872,0.052,1,364,1872,One-walk,,,dense,1,False,process,0.023982307000551373,0.024217309999999936,193.273856,139.616256,183.703125,2.119936,0.023984,1,0,0,0.0,0.05110362358848905,1.1718260682570645,ok,,machine-3a00f8af,,1790850738.5641341
shared_super/medium/s0,synthetic,shared_super,medium,0,200,180,1872,0.052,1,364,1872,One-walk,,,matrix_free,-1,True,process,0.021084857002279023,0.021333620000000053,189.100032,135.467008,180.03515625,2.119936,0.023984,1,589,589,589.0,0.05110362358848944,1.171826068257033,ok,,machine-3a00f8af,,1790850739.6639943
shared_super/medium/s0,synthetic,shared_super,medium,0,200,180,1872,0.052,1,364,1872,One-walk,,,matrix_free,0,False,process,0.0216010960029962,0.021809246000000004,189.11232,135.553024,180.01171875,2.119936,0.023984,1,589,589,589.0,0.05110362358848944,1.171826068257033,ok,,machine-3a00f8af,,1790850740.790301
shared_super/medium/s0,synthetic,shared_super,medium,0,200,180,1872,0.052,1,364,1872,One-walk,,,matrix_free,1,False,process,0.023564233000797685,0.023810332000000045,189.083648,135.426048,179.68359375,2.119936,0.023984,1,589,589,589.0,0.05110362358848944,1.171826068257033,ok,,machine-3a00f8af,,1790850741.8461843
shared_super/medium/s0,synthetic,shared_super,medium,0,200,180,1872,0.052,1,364,1872,Two-walk,1.0,,dense,-1,True,process,0.02897715499784681,0.029254127999999824,194.322432,140.603392,184.59765625,2.119936,0.023984,1,0,0,0.0,0.33614390032032904,1.0834375367837503,ok,,machine-3a00f8af,,1790850743.2158487
shared_super/medium/s0,synthetic,shared_super,medium,0,200,180,1872,0.052,1,364,1872,Two-walk,1.0,,dense,0,False,process,0.02721086900055525,0.02748388199999996,194.367488,140.82048,184.00390625,2.119936,0.023984,1,0,0,0.0,0.33614390032032904,1.0834375367837503,ok,,machine-3a00f8af,,1790850744.515512
shared_super/medium/s0,synthetic,shared_super,medium,0,200,180,1872,0.052,1,364,1872,Two-walk,1.0,,dense,1,False,process,0.028029946999595268,0.02827959499999988,194.527232,141.131776,185.3828125,2.119936,0.023984,1,0,0,0.0,0.33614390032032904,1.0834375367837503,ok,,machine-3a00f8af,,1790850745.8581529
shared_super/medium/s0,synthetic,shared_super,medium,0,200,180,1872,0.052,1,364,1872,Two-walk,1.0,,matrix_free,-1,True,process,0.02813799900104641,0.028712837000000047,188.874752,135.401472,180.05859375,2.119936,0.023984,1,624,624,624.0,0.3361439003203269,1.0834375367837645,ok,,machine-3a00f8af,,1790850747.0319288
shared_super/medium/s0,synthetic,shared_super,medium,0,200,180,1872,0.052,1,364,1872,Two-walk,1.0,,matrix_free,0,False,process,0.02955572199789458,0.030097503999999997,189.17376,135.389184,180.10546875,2.119936,0.023984,1,624,624,624.0,0.3361439003203269,1.0834375367837645,ok,,machine-3a00f8af,,1790850748.271227
shared_super/medium/s0,synthetic,shared_super,medium,0,200,180,1872,0.052,1,364,1872,Two-walk,1.0,,matrix_free,1,False,process,0.027429640002083033,0.027699456999999983,188.76416,135.348224,179.62890625,2.119936,0.023984,1,624,624,624.0,0.3361439003203269,1.0834375367837645,ok,,machine-3a00f8af,,1790850749.5805073
shared_super/medium/s0,synthetic,shared_super,medium,0,200,180,1872,0.052,1,364,1872,Two-walk-Auto,,"1,2,4,6,8,12",dense,-1,True,process,0.14713115099948482,0.14874575199999995,199.118848,145.432576,189.6171875,2.119936,0.023984,6,0,0,0.0,0.6315518712421972,1.065450780826267,ok,,machine-3a00f8af,,1790850750.8859985
shared_super/medium/s0,synthetic,shared_super,medium,0,200,180,1872,0.052,1,364,1872,Two-walk-Auto,,"1,2,4,6,8,12",dense,0,False,process,0.1639991119991464,0.16479811500000008,199.151616,145.313792,189.703125,2.119936,0.023984,6,0,0,0.0,0.6315518712421972,1.065450780826267,ok,,machine-3a00f8af,,1790850752.1941729
shared_super/medium/s0,synthetic,shared_super,medium,0,200,180,1872,0.052,1,364,1872,Two-walk-Auto,,"1,2,4,6,8,12",dense,1,False,process,0.14921366099952138,0.15079307599999991,198.9632,145.219584,189.5703125,2.119936,0.023984,6,0,0,0.0,0.6315518712421972,1.065450780826267,ok,,machine-3a00f8af,,1790850753.5876584
shared_super/medium/s0,synthetic,shared_super,medium,0,200,180,1872,0.052,1,364,1872,Two-walk-Auto,,"1,2,4,6,8,12",matrix_free,-1,True,process,0.1688734529998328,0.1715233840000001,189.25568,135.008256,180.41015625,2.119936,0.023984,6,3877,688,646.1666666666666,0.6315518712422091,1.065450780826259,ok,,machine-3a00f8af,,1790850754.982378
shared_super/medium/s0,synthetic,shared_super,medium,0,200,180,1872,0.052,1,364,1872,Two-walk-Auto,,"1,2,4,6,8,12",matrix_free,0,False,process,0.17717621100018732,0.17757466099999997,189.034496,135.098368,179.640625,2.119936,0.023984,6,3877,688,646.1666666666666,0.6315518712422091,1.065450780826259,ok,,machine-3a00f8af,,1790850756.4856424
shared_super/medium/s0,synthetic,shared_super,medium,0,200,180,1872,0.052,1,364,1872,Two-walk-Auto,,"1,2,4,6,8,12",matrix_free,1,False,process,0.1708274810007424,0.17270055200000012,189.11232,135.4752,179.578125,2.119936,0.023984,6,3877,688,646.1666666666666,0.6315518712422091,1.065450780826259,ok,,machine-3a00f8af,,1790850757.9659152
shared_super/medium/s1,synthetic,shared_super,medium,1,200,180,1902,0.052833333333333336,1,355,1902,One-walk,,,dense,-1,True,process,0.03014385599817615,0.03050171199999996,193.122304,139.526144,182.94140625,2.0164,0.024344,1,0,0,0.0,0.041834185909801126,1.2703717683484037,ok,,machine-3a00f8af,,1790850759.4398427
shared_super/medium/s1,synthetic,shared_super,medium,1,200,180,1902,0.052833333333333336,1,355,1902,One-walk,,,dense,0,False,process,0.025493944998743245,0.025668282000000042,193.26976,139.567104,183.55078125,2.0164,0.024344,1,0,0,0.0,0.041834185909801126,1.2703717683484037,ok,,machine-3a00f8af,,1790850760.7270973
shared_super/medium/s1,synthetic,shared_super,medium,1,200,180,1902,0.052833333333333336,1,355,1902,One-walk,,,dense,1,False,process,0.025303628000983736,0.02527600200000002,193.294336,139.0592,183.45703125,2.0164,0.024344,1,0,0,0.0,0.041834185909801126,1.2703717683484037,ok,,machine-3a00f8af,,1790850761.936728
shared_super/medium/s1,synthetic,shared_super,medium,1,200,180,1902,0.052833333333333336,1,355,1902,One-walk,,,matrix_free,-1,True,process,0.025245077998988563,0.025723598000000125,188.731392,135.266304,179.07421875,2.0164,0.024344,1,654,654,654.0,0.04183418590980048,1.2703717683483722,ok,,machine-3a00f8af,,1790850763.2757936
shared_super/medium/s1,synthetic,shared_super,medium,1,200,180,1902,0.052833333333333336,1,355,1902,One-walk,,,matrix_free,0,False,process,0.024565232000895776,0.024540232999999967,188.841984,135.323648,179.50390625,2.0164,0.024344,1,654,654,654.0,0.04183418590980048,1.2703717683483722,ok,,machine-3a00f8af,,1790850764.4170878
shared_super/medium/s1,synthetic,shared_super,medium,1,200,180,1902,0.052833333333333336,1,355,1902,One-walk,,,matrix_free,1,False,process,0.024397607001446886,0.023523862999999978,189.210624,135.401472,179.8828125,2.0164,0.024344,1,654,654,654.0,0.04183418590980048,1.2703717683483722,ok,,machine-3a00f8af,,1790850765.5235975
shared_super/medium/s1,synthetic,shared_super,medium,1,200,180,1902,0.052833333333333336,1,355,1902,Two-walk,1.0,,dense,-1,True,process,0.028075111000362085,0.028379081000000084,194.080768,140.55424,184.3125,2.0164,0.024344,1,0,0,0.0,0.19818021325540514,1.7223657145180742,ok,,machine-3a00f8af,,1790850766.754377
shared_super/medium/s1,synthetic,shared_super,medium,1,200,180,1902,0.052833333333333336,1,355,1902,Two-walk,1.0,,dense,0,False,process,0.024686078999366146,0.0249364190000001,194.408448,140.787712,184.78515625,2.0164,0.024344,1,0,0,0.0,0.19818021325540514,1.7223657145180742,ok,,machine-3a00f8af,,1790850767.891704
shared_super/medium/s1,synthetic,shared_super,medium,1,200,180,1902,0.052833333333333336,1,355,1902,Two-walk,1.0,,dense,1,False,process,0.022758019000320928,0.022950640000000022,194.224128,140.685312,184.88671875,2.0164,0.024344,1,0,0,0.0,0.19818021325540514,1.7223657145180742,ok,,machine-3a00f8af,,1790850768.955903
shared_super/medium/s1,synthetic,shared_super,medium,1,200,180,1902,0.052833333333333336,1,355,1902,Two-walk,1.0,,matrix_free,-1,True,process,0.023328970000875415,0.023512250999999984,188.977152,135.389184,180.14453125,2.0164,0.024344,1,511,511,511.0,0.19818021325539842,1.7223657145181182,ok,,machine-3a00f8af,,1790850770.0633538
shared_super/medium/s1,synthetic,shared_super,medium,1,200,180,1902,0.052833333333333336,1,355,1902,Two-walk,1.0,,matrix_free,0,False,process,0.022378065001248615,0.022609592999999983,189.190144,135.712768,180.26171875,2.0164,0.024344,1,511,511,511.0,0.19818021325539842,1.7223657145181182,ok,,machine-3a00f8af,,1790850771.1523023
shared_super/medium/s1,synthetic,shared_super,medium,1,200,180,1902,0.052833333333333336,1,355,1902,Two-walk,1.0,,matrix_free,1,False,process,0.025907912997354288,0.026356979999999974,188.956672,135.184384,179.49609375,2.0164,0.024344,1,511,511,511.0,0.19818021325539842,1.7223657145181182,ok,,machine-3a00f8af,,1790850772.286198
shared_super/medium/s1,synthetic,shared_super,medium,1,200,180,1902,0.052833333333333336,1,355,1902,Two-walk-Auto,,"1,2,4,6,8,12",dense,-1,True,process,0.1377872480006772,0.1391736269999999,198.43072,144.953344,187.75,2.0164,0.024344,6,0,0,0.0,0.44628805077662104,1.215599949435204,ok,,machine-3a00f8af,,1790850773.4131508
shared_super/medium/s1,synthetic,shared_super,medium,1,200,180,1902,0.052833333333333336,1,355,1902,Two-walk-Auto,,"1,2,4,6,8,12",dense,0,False,process,0.13433008700303617,0.13581450500000014,198.61504,144.801792,188.8984375,2.0164,0.024344,6,0,0,0.0,0.44628805077662104,1.215599949435204,ok,,machine-3a00f8af,,1790850774.6394713
shared_super/medium/s1,synthetic,shared_super,medium,1,200,180,1902,0.052833333333333336,1,355,1902,Two-walk-Auto,,"1,2,4,6,8,12",dense,1,False,process,0.12740923300225404,0.12860060100000004,198.67648,144.850944,188.6640625,2.0164,0.024344,6,0,0,0.0,0.44628805077662104,1.215599949435204,ok,,machine-3a00f8af,,1790850775.8857644
shared_super/medium/s1,synthetic,shared_super,medium,1,200,180,1902,0.052833333333333336,1,355,1902,Two-walk-Auto,,"1,2,4,6,8,12",matrix_free,-1,True,process,0.16153475399914896,0.161363578,189.362176,135.225344,180.109375,2.0164,0.024344,6,3181,576,530.1666666666666,0.4462880507766219,1.2155999494352132,ok,,machine-3a00f8af,,1790850777.1038113
shared_super/medium/s1,synthetic,shared_super,medium,1,200,180,1902,0.052833333333333336,1,355,1902,Two-walk-Auto,,"1,2,4,6,8,12",matrix_free,0,False,process,0.14593894200152135,0.148109057,188.997632,135.426048,179.984375,2.0164,0.024344,6,3181,576,530.1666666666666,0.4462880507766219,1.2155999494352132,ok,,machine-3a00f8af,,1790850778.3526735
shared_super/medium/s1,synthetic,shared_super,medium,1,200,180,1902,0.052833333333333336,1,355,1902,Two-walk-Auto,,"1,2,4,6,8,12",matrix_free,1,False,process,0.14928865199908614,0.1517600309999999,188.985344,135.421952,179.609375,2.0164,0.024344,6,3181,576,530.1666666666666,0.4462880507766219,1.2155999494352132,ok,,machine-3a00f8af,,1790850779.6398184
shared_super/large/s0,synthetic,shared_super,large,0,400,360,7308,0.05075,1,711,7308,One-walk,,,dense,-1,True,process,0.09551555199868744,0.09611881899999997,204.955648,147.177472,194.3125,8.088336,0.090736,1,0,0,0.0,0.04795430670325187,1.208675075593963,ok,,machine-3a00f8af,,1790850780.998619
shared_super/large/s0,synthetic,shared_super,large,0,400,360,7308,0.05075,1,711,7308,One-walk,,,dense,0,False,process,0.09422304600229836,0.09472265499999999,204.734464,147.546112,194.734375,8.088336,0.090736,1,0,0,0.0,0.04795430670325187,1.208675075593963,ok,,machine-3a00f8af,,1790850782.1599658
shared_super/large/s0,synthetic,shared_super,large,0,400,360,7308,0.05075,1,711,7308,One-walk,,,dense,1,False,process,0.08709482199992635,0.08766616199999999,204.836864,147.607552,194.91015625,8.088336,0.090736,1,0,0,0.0,0.04795430670325187,1.208675075593963,ok,,machine-3a00f8af,,1790850783.3818932
shared_super/large/s0,synthetic,shared_super,large,0,400,360,7308,0.05075,1,711,7308,One-walk,,,matrix_free,-1,True,process,0.047188055999868084,0.04778514300000003,191.684608,137.87136,182.1484375,8.088336,0.090736,1,1013,1013,1013.0,0.04795430670325569,1.2086750755937277,ok,,machine-3a00f8af,,1790850784.6382132
shared_super/large/s0,synthetic,shared_super,large,0,400,360,7308,0.05075,1,711,7308,One-walk,,,matrix_free,0,False,process,0.047138973997789435,0.04779582800000004,191.77472,138.186752,182.47265625,8.088336,0.090736,1,1013,1013,1013.0,0.04795430670325569,1.2086750755937277,ok,,machine-3a00f8af,,1790850785.835147
shared_super/large/s0,synthetic,shared_super,large,0,400,360,7308,0.05075,1,711,7308,One-walk,,,matrix_free,1,False,process,0.06201942200277699,0.061782409999999954,192.0,136.687616,182.546875,8.088336,0.090736,1,1013,1013,1013.0,0.04795430670325569,1.2086750755937277,ok,,machine-3a00f8af,,1790850787.1244485
shared_super/large/s0,synthetic,shared_super,large,0,400,360,7308,0.05075,1,711,7308,Two-walk,1.0,,dense,-1,True,process,0.14412188099959167,0.12465324700000013,205.135872,146.894848,196.8046875,8.088336,0.090736,1,0,0,0.0,0.545453003999828,1.0402195572764714,ok,,machine-3a00f8af,,1790850788.7619753
shared_super/large/s0,synthetic,shared_super,large,0,400,360,7308,0.05075,1,711,7308,Two-walk,1.0,,dense,0,False,process,0.23865165199822513,0.11009383299999986,206.471168,146.026496,196.7109375,8.088336,0.090736,1,0,0,0.0,0.545453003999828,1.0402195572764714,ok,,machine-3a00f8af,,1790850790.831471
shared_super/large/s0,synthetic,shared_super,large,0,400,360,7308,0.05075,1,711,7308,Two-walk,1.0,,dense,1,False,process,0.1389065790026507,0.11889123000000001,205.983744,146.030592,196.2265625,8.088336,0.090736,1,0,0,0.0,0.545453003999828,1.0402195572764714,ok,,machine-3a00f8af,,1790850792.6274238
shared_super/large/s0,synthetic,shared_super,large,0,400,360,7308,0.05075,1,711,7308,Two-walk,1.0,,matrix_free,-1,True,process,0.1438758799995412,0.084835942,191.811584,136.011776,182.41796875,8.088336,0.090736,1,1167,1167,1167.0,0.5454530039998198,1.0402195572764688,ok,,machine-3a00f8af,,1790850794.3031685
shared_super/large/s0,synthetic,shared_super,large,0,400,360,7308,0.05075,1,711,7308,Two-walk,1.0,,matrix_free,0,False,process,0.08416557300006389,0.0838274950000002,191.660032,135.979008,182.4765625,8.088336,0.090736,1,1167,1167,1167.0,0.5454530039998198,1.0402195572764688,ok,,machine-3a00f8af,,1790850796.447939
shared_super/large/s0,synthetic,shared_super,large,0,400,360,7308,0.05075,1,711,7308,Two-walk,1.0,,matrix_free,1,False,process,0.1317853489999834,0.07761774999999993,191.81568,135.80288,182.80078125,8.088336,0.090736,1,1167,1167,1167.0,0.5454530039998198,1.0402195572764688,ok,,machine-3a00f8af,,1790850798.017125
shared_super/large/s0,synthetic,shared_super,large,0,400,360,7308,0.05075,1,711,7308,Two-walk-Auto,,"1,2,4,6,8,12",dense,-1,True,process,0.607070415000635,0.6117456849999999,226.59072,162.230272,215.21875,8.088336,0.090736,6,0,0,0.0,0.7988477053868528,1.037769801357281,ok,,machine-3a00f8af,,1790850799.2582476
shared_super/large/s0,synthetic,shared_super,large,0,400,360,7308,0.05075,1,711,7308,Two-walk-Auto,,"1,2,4,6,8,12",dense,0,False,process,0.6026148389973969,0.608094079,226.504704,162.332672,215.4375,8.088336,0.090736,6,0,0,0.0,0.7988477053868528,1.037769801357281,ok,,machine-3a00f8af,,1790850801.1172206
shared_super/large/s0,synthetic,shared_super,large,0,400,360,7308,0.05075,1,711,7308,Two-walk-Auto,,"1,2,4,6,8,12",dense,1,False,process,0.622034560998145,0.6276093810000001,226.676736,162.607104,215.203125,8.088336,0.090736,6,0,0,0.0,0.7988477053868528,1.037769801357281,ok,,machine-3a00f8af,,1790850802.96099
shared_super/large/s0,synthetic,shared_super,large,0,400,360,7308,0.05075,1,711,7308,Two-walk-Auto,,"1,2,4,6,8,12",matrix_free,-1,True,process,0.3893651200014574,0.39482357,191.676416,135.80288,181.625,8.088336,0.090736,6,6502,1175,1083.6666666666667,0.79884770538685,1.0377698013572882,ok,,machine-3a00f8af,,1790850804.8621373
shared_super/large/s0,synthetic,shared_super,large,0,400,360,7308,0.05075,1,711,7308,Two-walk-Auto,,"1,2,4,6,8,12",matrix_free,0,False,process,0.40075441299995873,0.4081123469999999,192.049152,135.868416,182.43359375,8.088336,0.090736,6,6502,1175,1083.6666666666667,0.79884770538685,1.0377698013572882,ok,,machine-3a00f8af,,1790850806.5313241
shared_super/large/s0,synthetic,shared_super,large,0,400,360,7308,0.05075,1,711,7308,Two-walk-Auto,,"1,2,4,6,8,12",matrix_free,1,False,process,0.5434694329997001,0.54123166,191.909888,136.105984,182.0859375,8.088336,0.090736,6,6502,1175,1083.6666666666667,0.79884770538685,1.0377698013572882,ok,,machine-3a00f8af,,1790850808.4476244
shared_super/large/s1,synthetic,shared_super,large,1,400,360,7249,0.050340277777777775,1,716,7249,One-walk,,,dense,-1,True,process,0.1137056939987815,0.10987675400000008,205.205504,144.723968,195.65625,8.202496,0.090028,1,0,0,0.0,0.03636353612819361,1.0801643365441438,ok,,machine-3a00f8af,,1790850810.6132927
shared_super/large/s1,synthetic,shared_super,large,1,400,360,7249,0.050340277777777775,1,716,7249,One-walk,,,dense,0,False,process,0.14112412199756363,0.10233094300000012,205.336576,144.9984,195.6015625,8.202496,0.090028,1,0,0,0.0,0.03636353612819361,1.0801643365441438,ok,,machine-3a00f8af,,1790850812.485999
shared_super/large/s1,synthetic,shared_super,large,1,400,360,7249,0.050340277777777775,1,716,7249,One-walk,,,dense,1,False,process,0.23215092700047535,0.11399496200000003,204.88192,144.879616,194.73046875,8.202496,0.090028,1,0,0,0.0,0.03636353612819361,1.0801643365441438,ok,,machine-3a00f8af,,1790850813.832948
shared_super/large/s1,synthetic,shared_super,large,1,400,360,7249,0.050340277777777775,1,716,7249,One-walk,,,matrix_free,-1,True,process,0.06454041599863558,0.06372188599999995,192.114688,135.86432,182.98046875,8.202496,0.090028,1,1122,1122,1122.0,0.03636353612818813,1.0801643365443003,ok,,machine-3a00f8af,,1790850815.725423
shared_super/large/s1,synthetic,shared_super,large,1,400,360,7249,0.050340277777777775,1,716,7249,One-walk,,,matrix_free,0,False,process,0.07071098099913797,0.06603487799999996,191.832064,135.938048,182.54296875,8.202496,0.090028,1,1122,1122,1122.0,0.03636353612818813,1.0801643365443003,ok,,machine-3a00f8af,,1790850817.5151265
shared_super/large/s1,synthetic,shared_super,large,1,400,360,7249,0.050340277777777775,1,716,7249,One-walk,,,matrix_free,1,False,process,0.047044407001521904,0.04760132100000003,192.110592,136.146944,182.78515625,8.202496,0.090028,1,1122,1122,1122.0,0.03636353612818813,1.0801643365443003,ok,,machine-3a00f8af,,1790850818.8049753
shared_super/large/s1,synthetic,shared_super,large,1,400,360,7249,0.050340277777777775,1,716,7249,Two-walk,1.0,,dense,-1,True,process,0.12947310799791012,0.12076935600000005,202.637312,146.20672,196.94921875,8.202496,0.090028,1,0,0,0.0,0.2793187485878978,1.0818023567486386,ok,,machine-3a00f8af,,1790850820.6747942
shared_super/large/s1,synthetic,shared_super,large,1,400,360,7249,0.050340277777777775,1,716,7249,Two-walk,1.0,,dense,0,False,process,0.10505690599893569,0.10575436900000001,206.573568,148.578304,196.46484375,8.202496,0.090028,1,0,0,0.0,0.2793187485878978,1.0818023567486386,ok,,machine-3a00f8af,,1790850822.0806205
shared_super/large/s1,synthetic,shared_super,large,1,400,360,7249,0.050340277777777775,1,716,7249,Two-walk,1.0,,dense,1,False,process,0.1089741209980275,0.10966866200000003,206.327808,148.865024,196.078125,8.202496,0.090028,1,0,0,0.0,0.2793187485878978,1.0818023567486386,ok,,machine-3a00f8af,,1790850823.2559326
shared_super/large/s1,synthetic,shared_super,large,1,400,360,7249,0.050340277777777775,1,716,7249,Two-walk,1.0,,matrix_free,-1,True,process,0.10084126099900459,0.101795517,192.155648,138.366976,182.27734375,8.202496,0.090028,1,2336,2336,2336.0,0.279318748587915,1.0818023567485617,ok,,machine-3a00f8af,,1790850824.5212405
shared_super/large/s1,synthetic,shared_super,large,1,400,360,7249,0.050340277777777775,1,716,7249,Two-walk,1.0,,matrix_free,0,False,process,0.10008967000248958,0.10124441100000003,192.106496,138.264576,182.37109375,8.202496,0.090028,1,2336,2336,2336.0,0.279318748587915,1.0818023567485617,ok,,machine-3a00f8af,,1790850825.727515
shared_super/large/s1,synthetic,shared_super,large,1,400,360,7249,0.050340277777777775,1,716,7249,Two-walk,1.0,,matrix_free,1,False,process,0.09865636799804633,0.09947853099999993,191.688704,138.01472,182.21484375,8.202496,0.090028,1,2336,2336,2336.0,0.279318748587915,1.0818023567485617,ok,,machine-3a00f8af,,1790850827.0118947
shared_super/large/s1,synthetic,shared_super,large,1,400,360,7249,0.050340277777777775,1,716,7249,Two-walk-Auto,,"1,2,4,6,8,12",dense,-1,True,process,0.5866394959994068,0.5903259810000001,227.053568,164.896768,215.96875,8.202496,0.090028,6,0,0,0.0,0.5095480927415843,1.0384331181157913,ok,,machine-3a00f8af,,1790850828.220276
shared_super/large/s1,synthetic,shared_super,large,1,400,360,7249,0.050340277777777775,1,716,7249,Two-walk-Auto,,"1,2,4,6,8,12",dense,0,False,process,0.6045811820004019,0.6085873909999999,227.069952,165.609472,216.02734375,8.202496,0.090028,6,0,0,0.0,0.5095480927415843,1.0384331181157913,ok,,machine-3a00f8af,,1790850829.8903253
shared_super/large/s1,synthetic,shared_super,large,1,400,360,7249,0.050340277777777775,1,716,7249,Two-walk-Auto,,"1,2,4,6,8,12",dense,1,False,process,0.577115304000472,0.5808497819999999,227.074048,165.502976,216.41796875,8.202496,0.090028,6,0,0,0.0,0.5095480927415843,1.0384331181157913,ok,,machine-3a00f8af,,1790850831.5348592
shared_super/large/s1,synthetic,shared_super,large,1,400,360,7249,0.050340277777777775,1,716,7249,Two-walk-Auto,,"1,2,4,6,8,12",matrix_free,-1,True,process,0.5626309089966526,0.5702963,191.963136,137.732096,182.4609375,8.202496,0.090028,6,12239,2404,2039.8333333333333,0.5095480927415679,1.0384331181159288,ok,,machine-3a00f8af,,1790850833.1955843
shared_super/large/s1,synthetic,shared_super,large,1,400,360,7249,0.050340277777777775,1,716,7249,Two-walk-Auto,,"1,2,4,6,8,12",matrix_free,0,False,process,0.5818058299992117,0.5784702129999999,191.87712,137.633792,182.96484375,8.202496,0.090028,6,12239,2404,2039.8333333333333,0.5095480927415679,1.0384331181159288,ok,,machine-3a00f8af,,1790850834.8066487
shared_super/large/s1,synthetic,shared_super,large,1,400,360,7249,0.050340277777777775,1,716,7249,Two-walk-Auto,,"1,2,4,6,8,12",matrix_free,1,False,process,0.8432308600022225,0.769300096,191.873024,136.224768,182.5625,8.202496,0.090028,6,12239,2404,2039.8333333333333,0.5095480927415679,1.0384331181159288,ok,,machine-3a00f8af,,1790850836.77573
shared_super_noisy/small/s0,synthetic,shared_super_noisy,small,0,100,90,502,0.05577777777777778,1,182,502,One-walk,,,dense,-1,True,process,0.024496182002621936,0.016126633000000057,189.980672,133.67296,180.9609375,0.529984,0.006784,1,0,0,0.0,0.02664905156735383,2.174766735000392,ok,,machine-3a00f8af,,1790850839.970195
shared_super_noisy/small/s0,synthetic,shared_super_noisy,small,0,100,90,502,0.05577777777777778,1,182,502,One-walk,,,dense,0,False,process,0.03045825600202079,0.021176293999999984,189.861888,133.623808,180.5703125,0.529984,0.006784,1,0,0,0.0,0.02664905156735383,2.174766735000392,ok,,machine-3a00f8af,,1790850841.9955003
shared_super_noisy/small/s0,synthetic,shared_super_noisy,small,0,100,90,502,0.05577777777777778,1,182,502,One-walk,,,dense,1,False,process,0.04582639000000199,0.02137814799999993,190.246912,133.750784,181.01953125,0.529984,0.006784,1,0,0,0.0,0.02664905156735383,2.174766735000392,ok,,machine-3a00f8af,,1790850843.9611437
shared_super_noisy/small/s0,synthetic,shared_super_noisy,small,0,100,90,502,0.05577777777777778,1,182,502,One-walk,,,matrix_free,-1,True,process,0.028435176998755196,0.025327125000000006,188.182528,132.698112,179.109375,0.529984,0.006784,1,516,516,516.0,0.026649051567352085,2.1747667350004316,ok,,machine-3a00f8af,,1790850845.484176
shared_super_noisy/small/s0,synthetic,shared_super_noisy,small,0,100,90,502,0.05577777777777778,1,182,502,One-walk,,,matrix_free,0,False,process,0.04835760199785,0.02475842199999989,188.25216,132.64896,179.2578125,0.529984,0.006784,1,516,516,516.0,0.026649051567352085,2.1747667350004316,ok,,machine-3a00f8af,,1790850847.3623202
shared_super_noisy/small/s0,synthetic,shared_super_noisy,small,0,100,90,502,0.05577777777777778,1,182,502,One-walk,,,matrix_free,1,False,process,0.035637600001791725,0.025951432000000052,188.358656,132.780032,179.01953125,0.529984,0.006784,1,516,516,516.0,0.026649051567352085,2.1747667350004316,ok,,machine-3a00f8af,,1790850850.0213277
shared_super_noisy/small/s0,synthetic,shared_super_noisy,small,0,100,90,502,0.05577777777777778,1,182,502,Two-walk,1.0,,dense,-1,True,process,0.023465668000426376,0.01906479399999994,190.124032,133.98016,181.296875,0.529984,0.006784,1,0,0,0.0,0.14394558680811032,1.3591431589494667,ok,,machine-3a00f8af,,1790850851.878512
shared_super_noisy/small/s0,synthetic,shared_super_noisy,small,0,100,90,502,0.05577777777777778,1,182,502,Two-walk,1.0,,dense,0,False,process,0.018343920997722307,0.01780876599999992,189.997056,133.81632,181.04296875,0.529984,0.006784,1,0,0,0.0,0.14394558680811032,1.3591431589494667,ok,,machine-3a00f8af,,1790850853.9534523
shared_super_noisy/small/s0,synthetic,shared_super_noisy,small,0,100,90,502,0.05577777777777778,1,182,502,Two-walk,1.0,,dense,1,False,process,0.022078232002968434,0.022063283000000045,189.943808,133.8368,180.91796875,0.529984,0.006784,1,0,0,0.0,0.14394558680811032,1.3591431589494667,ok,,machine-3a00f8af,,1790850855.4990907
shared_super_noisy/small/s0,synthetic,shared_super_noisy,small,0,100,90,502,0.05577777777777778,1,182,502,Two-walk,1.0,,matrix_free,-1,True,process,0.08244081399971037,0.043240343999999986,188.289024,132.603904,179.234375,0.529984,0.006784,1,976,976,976.0,0.14394558680810954,1.3591431589494696,ok,,machine-3a00f8af,,1790850856.889107
shared_super_noisy/small/s0,synthetic,shared_super_noisy,small,0,100,90,502,0.05577777777777778,1,182,502,Two-walk,1.0,,matrix_free,0,False,process,0.08002350600145292,0.0434615410000001,188.137472,132.685824,178.8515625,0.529984,0.006784,1,976,976,976.0,0.14394558680810954,1.3591431589494696,ok,,machine-3a00f8af,,1790850858.531189
shared_super_noisy/small/s0,synthetic,shared_super_noisy,small,0,100,90,502,0.05577777777777778,1,182,502,Two-walk,1.0,,matrix_free,1,False,process,0.043510051000339445,0.043496948000000035,188.219392,132.644864,179.23046875,0.529984,0.006784,1,976,976,976.0,0.14394558680810954,1.3591431589494696,ok,,machine-3a00f8af,,1790850860.4307177
shared_super_noisy/small/s0,synthetic,shared_super_noisy,small,0,100,90,502,0.05577777777777778,1,182,502,Two-walk-Auto,,"1,2,4,6,8,12",dense,-1,True,process,0.07513522699809982,0.07453127500000001,190.976,135.053312,182.01953125,0.529984,0.006784,6,0,0,0.0,0.25592530754582044,1.872934267917906,ok,,machine-3a00f8af,,1790850862.0604007
shared_super_noisy/small/s0,synthetic,shared_super_noisy,small,0,100,90,502,0.05577777777777778,1,182,502,Two-walk-Auto,,"1,2,4,6,8,12",dense,0,False,process,0.06812786100272206,0.06809461900000002,191.414272,135.069696,182.26171875,0.529984,0.006784,6,0,0,0.0,0.25592530754582044,1.872934267917906,ok,,machine-3a00f8af,,1790850863.778388
shared_super_noisy/small/s0,synthetic,shared_super_noisy,small,0,100,90,502,0.05577777777777778,1,182,502,Two-walk-Auto,,"1,2,4,6,8,12",dense,1,False,process,0.07021819600049639,0.07018775299999991,191.197184,135.077888,181.796875,0.529984,0.006784,6,0,0,0.0,0.25592530754582044,1.872934267917906,ok,,machine-3a00f8af,,1790850865.7234588
shared_super_noisy/small/s0,synthetic,shared_super_noisy,small,0,100,90,502,0.05577777777777778,1,182,502,Two-walk-Auto,,"1,2,4,6,8,12",matrix_free,-1,True,process,0.1833167400000093,0.182584007,188.567552,132.763648,179.46875,0.529984,0.006784,6,4466,976,744.3333333333334,0.25592530754581777,1.8729342679178989,ok,,machine-3a00f8af,,1790850867.229268
shared_super_noisy/small/s0,synthetic,shared_super_noisy,small,0,100,90,502,0.05577777777777778,1,182,502,Two-walk-Auto,,"1,2,4,6,8,12",matrix_free,0,False,process,0.24607931799982907,0.17967864500000008,188.383232,132.763648,179.42578125,0.529984,0.006784,6,4466,976,744.3333333333334,0.25592530754581777,1.8729342679178989,ok,,machine-3a00f8af,,1790850869.37014
shared_super_noisy/small/s0,synthetic,shared_super_noisy,small,0,100,90,502,0.05577777777777778,1,182,502,Two-walk-Auto,,"1,2,4,6,8,12",matrix_free,1,False,process,0.16832662600063486,0.16845348500000012,188.481536,132.52608,179.67578125,0.529984,0.006784,6,4466,976,744.3333333333334,0.25592530754581777,1.8729342679178989,ok,,machine-3a00f8af,,1790850871.532749
shared_super_noisy/small/s1,synthetic,shared_super_noisy,small,1,100,90,541,0.06011111111111111,1,183,541,One-walk,,,dense,-1,True,process,0.021940184000413865,0.0210044330000001,190.091264,133.677056,181.0625,0.535824,0.007252,1,0,0,0.0,0.04748556967685599,1.3723467419752953,ok,,machine-3a00f8af,,1790850873.4197986
shared_super_noisy/small/s1,synthetic,shared_super_noisy,small,1,100,90,541,0.06011111111111111,1,183,541,One-walk,,,dense,0,False,process,0.021585346999927424,0.020334340999999867,189.943808,133.533696,180.98046875,0.535824,0.007252,1,0,0,0.0,0.04748556967685599,1.3723467419752953,ok,,machine-3a00f8af,,1790850875.1706498
shared_super_noisy/small/s1,synthetic,shared_super_noisy,small,1,100,90,541,0.06011111111111111,1,183,541,One-walk,,,dense,1,False,process,0.02044993500021519,0.020438155000000124,190.124032,133.648384,181.05078125,0.535824,0.007252,1,0,0,0.0,0.04748556967685599,1.3723467419752953,ok,,machine-3a00f8af,,1790850876.6917105
shared_super_noisy/small/s1,synthetic,shared_super_noisy,small,1,100,90,541,0.06011111111111111,1,183,541,One-walk,,,matrix_free,-1,True,process,0.032534784000745276,0.029254679999999977,188.628992,132.866048,179.28125,0.535824,0.007252,1,469,469,469.0,0.047485569676855216,1.3723467419753097,ok,,machine-3a00f8af,,1790850878.4054322
shared_super_noisy/small/s1,synthetic,shared_super_noisy,small,1,100,90,541,0.06011111111111111,1,183,541,One-walk,,,matrix_free,0,False,process,0.03359120799723314,0.026776415000000053,188.5184,132.702208,179.4453125,0.535824,0.007252,1,469,469,469.0,0.047485569676855216,1.3723467419753097,ok,,machine-3a00f8af,,1790850880.0400062
shared_super_noisy/small/s1,synthetic,shared_super_noisy,small,1,100,90,541,0.06011111111111111,1,183,541,One-walk,,,matrix_free,1,False,process,0.05024975500055007,0.02561973899999992,188.276736,132.784128,179.453125,0.535824,0.007252,1,469,469,469.0,0.047485569676855216,1.3723467419753097,ok,,machine-3a00f8af,,1790850881.7400744
shared_super_noisy/small/s1,synthetic,shared_super_noisy,small,1,100,90,541,0.06011111111111111,1,183,541,Two-walk,1.0,,dense,-1,True,process,0.04027837299872772,0.019437342000000024,190.1568,134.230016,181.15234375,0.535824,0.007252,1,0,0,0.0,0.14509071895222087,1.9465533826335997,ok,,machine-3a00f8af,,1790850883.3292685
shared_super_noisy/small/s1,synthetic,shared_super_noisy,small,1,100,90,541,0.06011111111111111,1,183,541,Two-walk,1.0,,dense,0,False,process,0.02378242099803174,0.02207719000000008,190.13632,133.996544,181.22265625,0.535824,0.007252,1,0,0,0.0,0.14509071895222087,1.9465533826335997,ok,,machine-3a00f8af,,1790850884.873899
shared_super_noisy/small/s1,synthetic,shared_super_noisy,small,1,100,90,541,0.06011111111111111,1,183,541,Two-walk,1.0,,dense,1,False,process,0.018827158000931377,0.01862645900000004,190.062592,134.06208,181.078125,0.535824,0.007252,1,0,0,0.0,0.14509071895222087,1.9465533826335997,ok,,machine-3a00f8af,,1790850886.6086304
shared_super_noisy/small/s1,synthetic,shared_super_noisy,small,1,100,90,541,0.06011111111111111,1,183,541,Two-walk,1.0,,matrix_free,-1,True,process,0.050855171000876,0.027786953000000114,188.14976,132.48512,179.13671875,0.535824,0.007252,1,377,377,377.0,0.14509071895222042,1.9465533826336083,ok,,machine-3a00f8af,,1790850888.607545
shared_super_noisy/small/s1,synthetic,shared_super_noisy,small,1,100,90,541,0.06011111111111111,1,183,541,Two-walk,1.0,,matrix_free,0,False,process,0.05346296700008679,0.026039711999999993,188.481536,132.493312,179.5,0.535824,0.007252,1,377,377,377.0,0.14509071895222042,1.9465533826336083,ok,,machine-3a00f8af,,1790850890.379538
shared_super_noisy/small/s1,synthetic,shared_super_noisy,small,1,100,90,541,0.06011111111111111,1,183,541,Two-walk,1.0,,matrix_free,1,False,process,0.036822404003032716,0.026718825000000113,188.5184,132.763648,179.5234375,0.535824,0.007252,1,377,377,377.0,0.14509071895222042,1.9465533826336083,ok,,machine-3a00f8af,,1790850892.0614436
shared_super_noisy/small/s1,synthetic,shared_super_noisy,small,1,100,90,541,0.06011111111111111,1,183,541,Two-walk-Auto,,"1,2,4,6,8,12",dense,-1,True,process,0.16002837600171915,0.07656467099999986,191.512576,135.061504,182.203125,0.535824,0.007252,6,0,0,0.0,0.4161540126047384,1.2116573561241388,ok,,machine-3a00f8af,,1790850893.9970596
shared_super_noisy/small/s1,synthetic,shared_super_noisy,small,1,100,90,541,0.06011111111111111,1,183,541,Two-walk-Auto,,"1,2,4,6,8,12",dense,0,False,process,0.12065537299713469,0.07690136799999991,191.086592,135.0656,181.4609375,0.535824,0.007252,6,0,0,0.0,0.4161540126047384,1.2116573561241388,ok,,machine-3a00f8af,,1790850896.3434393
shared_super_noisy/small/s1,synthetic,shared_super_noisy,small,1,100,90,541,0.06011111111111111,1,183,541,Two-walk-Auto,,"1,2,4,6,8,12",dense,1,False,process,0.07226223299949197,0.06981480699999998,191.070208,135.049216,181.93359375,0.535824,0.007252,6,0,0,0.0,0.4161540126047384,1.2116573561241388,ok,,machine-3a00f8af,,1790850898.2621083
shared_super_noisy/small/s1,synthetic,shared_super_noisy,small,1,100,90,541,0.06011111111111111,1,183,541,Two-walk-Auto,,"1,2,4,6,8,12",matrix_free,-1,True,process,0.1504576770021231,0.12174920999999994,188.469248,132.714496,179.453125,0.535824,0.007252,6,2320,413,386.6666666666667,0.41615401260474416,1.211657356124121,ok,,machine-3a00f8af,,1790850900.3285325
shared_super_noisy/small/s1,synthetic,shared_super_noisy,small,1,100,90,541,0.06011111111111111,1,183,541,Two-walk-Auto,,"1,2,4,6,8,12",matrix_free,0,False,process,0.12356261999957496,0.11806995900000006,188.592128,132.816896,179.6015625,0.535824,0.007252,6,2320,413,386.6666666666667,0.41615401260474416,1.211657356124121,ok,,machine-3a00f8af,,1790850901.9818652
shared_super_noisy/small/s1,synthetic,shared_super_noisy,small,1,100,90,541,0.06011111111111111,1,183,541,Two-walk-Auto,,"1,2,4,6,8,12",matrix_free,1,False,process,0.12076891600008821,0.11637688199999996,188.362752,132.722688,179.51171875,0.535824,0.007252,6,2320,413,386.6666666666667,0.41615401260474416,1.211657356124121,ok,,machine-3a00f8af,,1790850903.5538778
shared_super_noisy/medium/s0,synthetic,shared_super_noisy,medium,0,200,180,1748,0.04855555555555555,1,361,1748,One-walk,,,dense,-1,True,process,0.03681287699873792,0.034922504000000076,193.409024,136.982528,184.171875,2.085136,0.022496,1,0,0,0.0,0.04794841803633503,1.0655726418867262,ok,,machine-3a00f8af,,1790850905.4817367
shared_super_noisy/medium/s0,synthetic,shared_super_noisy,medium,0,200,180,1748,0.04855555555555555,1,361,1748,One-walk,,,dense,0,False,process,0.03398097999888705,0.03218082900000008,193.236992,137.121792,184.10546875,2.085136,0.022496,1,0,0,0.0,0.04794841803633503,1.0655726418867262,ok,,machine-3a00f8af,,1790850907.0478501
shared_super_noisy/medium/s0,synthetic,shared_super_noisy,medium,0,200,180,1748,0.04855555555555555,1,361,1748,One-walk,,,dense,1,False,process,0.06346840300102485,0.03025104299999981,193.29024,137.150464,184.01171875,2.085136,0.022496,1,0,0,0.0,0.04794841803633503,1.0655726418867262,ok,,machine-3a00f8af,,1790850908.6055608
shared_super_noisy/medium/s0,synthetic,shared_super_noisy,medium,0,200,180,1748,0.04855555555555555,1,361,1748,One-walk,,,matrix_free,-1,True,process,0.08334082399960607,0.042685298999999954,189.0304,133.472256,179.90234375,2.085136,0.022496,1,1102,1102,1102.0,0.047948418036336565,1.065572641886718,ok,,machine-3a00f8af,,1790850910.3814957
shared_super_noisy/medium/s0,synthetic,shared_super_noisy,medium,0,200,180,1748,0.04855555555555555,1,361,1748,One-walk,,,matrix_free,0,False,process,0.13248765800017281,0.04983513199999989,189.00992,133.394432,180.09375,2.085136,0.022496,1,1102,1102,1102.0,0.047948418036336565,1.065572641886718,ok,,machine-3a00f8af,,1790850912.603522
shared_super_noisy/medium/s0,synthetic,shared_super_noisy,medium,0,200,180,1748,0.04855555555555555,1,361,1748,One-walk,,,matrix_free,1,False,process,0.09339984999678563,0.047050433000000114,189.11232,133.521408,180.23046875,2.085136,0.022496,1,1102,1102,1102.0,0.047948418036336565,1.065572641886718,ok,,machine-3a00f8af,,1790850914.1920574
shared_super_noisy/medium/s0,synthetic,shared_super_noisy,medium,0,200,180,1748,0.04855555555555555,1,361,1748,Two-walk,1.0,,dense,-1,True,process,0.03967116299827467,0.03126706200000018,194.29376,138.317824,184.8125,2.085136,0.022496,1,0,0,0.0,0.16249365062572363,1.1855210817688269,ok,,machine-3a00f8af,,1790850916.0668714
shared_super_noisy/medium/s0,synthetic,shared_super_noisy,medium,0,200,180,1748,0.04855555555555555,1,361,1748,Two-walk,1.0,,dense,0,False,process,0.03633874699880835,0.029718758999999872,194.527232,138.412032,185.18359375,2.085136,0.022496,1,0,0,0.0,0.16249365062572363,1.1855210817688269,ok,,machine-3a00f8af,,1790850917.5962012
shared_super_noisy/medium/s0,synthetic,shared_super_noisy,medium,0,200,180,1748,0.04855555555555555,1,361,1748,Two-walk,1.0,,dense,1,False,process,0.06829551699775038,0.035205814,194.318336,138.293248,185.11328125,2.085136,0.022496,1,0,0,0.0,0.16249365062572363,1.1855210817688269,ok,,machine-3a00f8af,,1790850919.3633134
shared_super_noisy/medium/s0,synthetic,shared_super_noisy,medium,0,200,180,1748,0.04855555555555555,1,361,1748,Two-walk,1.0,,matrix_free,-1,True,process,0.052948240998375695,0.052134121000000144,189.157376,133.574656,180.203125,2.085136,0.022496,1,1025,1025,1025.0,0.16249365062572657,1.185521081768783,ok,,machine-3a00f8af,,1790850921.0614662
shared_super_noisy/medium/s0,synthetic,shared_super_noisy,medium,0,200,180,1748,0.04855555555555555,1,361,1748,Two-walk,1.0,,matrix_free,0,False,process,0.07031636000101571,0.05296389000000001,189.329408,133.586944,179.5234375,2.085136,0.022496,1,1025,1025,1025.0,0.16249365062572657,1.185521081768783,ok,,machine-3a00f8af,,1790850924.4242578
shared_super_noisy/medium/s0,synthetic,shared_super_noisy,medium,0,200,180,1748,0.04855555555555555,1,361,1748,Two-walk,1.0,,matrix_free,1,False,process,0.05970225200144341,0.05082598000000016,189.1328,133.46816,179.94921875,2.085136,0.022496,1,1025,1025,1025.0,0.16249365062572657,1.185521081768783,ok,,machine-3a00f8af,,1790850926.139433
shared_super_noisy/medium/s0,synthetic,shared_super_noisy,medium,0,200,180,1748,0.04855555555555555,1,361,1748,Two-walk-Auto,,"1,2,4,6,8,12",dense,-1,True,process,0.18436906700299005,0.1732063960000001,199.028736,142.80704,189.62109375,2.085136,0.022496,6,0,0,0.0,0.3988892509864289,1.073508376601367,ok,,machine-3a00f8af,,1790850927.9615817
shared_super_noisy/medium/s0,synthetic,shared_super_noisy,medium,0,200,180,1748,0.04855555555555555,1,361,1748,Two-walk-Auto,,"1,2,4,6,8,12",dense,0,False,process,0.1776267170025676,0.17255959600000015,198.930432,142.917632,189.421875,2.085136,0.022496,6,0,0,0.0,0.3988892509864289,1.073508376601367,ok,,machine-3a00f8af,,1790850930.0679407
shared_super_noisy/medium/s0,synthetic,shared_super_noisy,medium,0,200,180,1748,0.04855555555555555,1,361,1748,Two-walk-Auto,,"1,2,4,6,8,12",dense,1,False,process,0.17874759200276458,0.172800383,199.110656,142.708736,189.55078125,2.085136,0.022496,6,0,0,0.0,0.3988892509864289,1.073508376601367,ok,,machine-3a00f8af,,1790850931.8880796
shared_super_noisy/medium/s0,synthetic,shared_super_noisy,medium,0,200,180,1748,0.04855555555555555,1,361,1748,Two-walk-Auto,,"1,2,4,6,8,12",matrix_free,-1,True,process,0.4530633740032499,0.364392971,188.928,133.431296,179.98046875,2.085136,0.022496,6,8109,1867,1351.5,0.3988892509864229,1.0735083766013682,ok,,machine-3a00f8af,,1790850933.6481543
shared_super_noisy/medium/s0,synthetic,shared_super_noisy,medium,0,200,180,1748,0.04855555555555555,1,361,1748,Two-walk-Auto,,"1,2,4,6,8,12",matrix_free,0,False,process,0.36712887000248884,0.3658689949999998,188.977152,133.472256,179.94921875,2.085136,0.022496,6,8109,1867,1351.5,0.3988892509864229,1.0735083766013682,ok,,machine-3a00f8af,,1790850935.6355362
shared_super_noisy/medium/s0,synthetic,shared_super_noisy,medium,0,200,180,1748,0.04855555555555555,1,361,1748,Two-walk-Auto,,"1,2,4,6,8,12",matrix_free,1,False,process,0.44435880099990754,0.36320234399999984,189.27616,133.603328,180.265625,2.085136,0.022496,6,8109,1867,1351.5,0.3988892509864229,1.0735083766013682,ok,,machine-3a00f8af,,1790850937.720412
shared_super_noisy/medium/s1,synthetic,shared_super_noisy,medium,1,200,180,1778,0.04938888888888889,1,356,1778,One-walk,,,dense,-1,True,process,0.06377068100118777,0.031947630000000116,193.159168,136.925184,184.18359375,2.027776,0.022856,1,0,0,0.0,0.061373333255882324,1.035632290186586,ok,,machine-3a00f8af,,1790850939.80024
shared_super_noisy/medium/s1,synthetic,shared_super_noisy,medium,1,200,180,1778,0.04938888888888889,1,356,1778,One-walk,,,dense,0,False,process,0.03232972999830963,0.031399548,193.26976,136.97024,184.1171875,2.027776,0.022856,1,0,0,0.0,0.061373333255882324,1.035632290186586,ok,,machine-3a00f8af,,1790850941.9068668
shared_super_noisy/medium/s1,synthetic,shared_super_noisy,medium,1,200,180,1778,0.04938888888888889,1,356,1778,One-walk,,,dense,1,False,process,0.03743260999908671,0.037351577999999996,193.220608,136.925184,184.140625,2.027776,0.022856,1,0,0,0.0,0.061373333255882324,1.035632290186586,ok,,machine-3a00f8af,,1790850943.6092746
shared_super_noisy/medium/s1,synthetic,shared_super_noisy,medium,1,200,180,1778,0.04938888888888889,1,356,1778,One-walk,,,matrix_free,-1,True,process,0.03762756699870806,0.03704938300000005,189.022208,133.59104,180.20703125,2.027776,0.022856,1,729,729,729.0,0.0613733332558826,1.0356322901866069,ok,,machine-3a00f8af,,1790850945.1971602
shared_super_noisy/medium/s1,synthetic,shared_super_noisy,medium,1,200,180,1778,0.04938888888888889,1,356,1778,One-walk,,,matrix_free,0,False,process,0.06869401499716332,0.03568642599999983,189.140992,133.505024,179.8359375,2.027776,0.022856,1,729,729,729.0,0.0613733332558826,1.0356322901866069,ok,,machine-3a00f8af,,1790850946.7858424
shared_super_noisy/medium/s1,synthetic,shared_super_noisy,medium,1,200,180,1778,0.04938888888888889,1,356,1778,One-walk,,,matrix_free,1,False,process,0.06631456699687988,0.043139988999999934,188.981248,133.554176,179.94140625,2.027776,0.022856,1,729,729,729.0,0.0613733332558826,1.0356322901866069,ok,,machine-3a00f8af,,1790850948.5326655
shared_super_noisy/medium/s1,synthetic,shared_super_noisy,medium,1,200,180,1778,0.04938888888888889,1,356,1778,Two-walk,1.0,,dense,-1,True,process,0.040806335000524996,0.03464612799999989,194.64192,138.334208,185.3046875,2.027776,0.022856,1,0,0,0.0,0.23482345444227007,1.005096860140161,ok,,machine-3a00f8af,,1790850950.6475224
shared_super_noisy/medium/s1,synthetic,shared_super_noisy,medium,1,200,180,1778,0.04938888888888889,1,356,1778,Two-walk,1.0,,dense,0,False,process,0.07298813599845744,0.03710214300000003,194.08896,138.108928,184.60546875,2.027776,0.022856,1,0,0,0.0,0.23482345444227007,1.005096860140161,ok,,machine-3a00f8af,,1790850952.6575222
shared_super_noisy/medium/s1,synthetic,shared_super_noisy,medium,1,200,180,1778,0.04938888888888889,1,356,1778,Two-walk,1.0,,dense,1,False,process,0.04664813299677917,0.03611032700000005,194.019328,138.153984,184.63671875,2.027776,0.022856,1,0,0,0.0,0.23482345444227007,1.005096860140161,ok,,machine-3a00f8af,,1790850954.6749642
shared_super_noisy/medium/s1,synthetic,shared_super_noisy,medium,1,200,180,1778,0.04938888888888889,1,356,1778,Two-walk,1.0,,matrix_free,-1,True,process,0.043124897998495726,0.04120477099999986,189.206528,133.287936,180.23046875,2.027776,0.022856,1,627,627,627.0,0.23482345444227248,1.0050968601402055,ok,,machine-3a00f8af,,1790850956.517362
shared_super_noisy/medium/s1,synthetic,shared_super_noisy,medium,1,200,180,1778,0.04938888888888889,1,356,1778,Two-walk,1.0,,matrix_free,0,False,process,0.04429278099996736,0.04366957099999991,188.96896,133.423104,180.0234375,2.027776,0.022856,1,627,627,627.0,0.23482345444227248,1.0050968601402055,ok,,machine-3a00f8af,,1790850958.1391494
shared_super_noisy/medium/s1,synthetic,shared_super_noisy,medium,1,200,180,1778,0.04938888888888889,1,356,1778,Two-walk,1.0,,matrix_free,1,False,process,0.06275135699979728,0.04173891299999988,188.960768,133.46816,180.109375,2.027776,0.022856,1,627,627,627.0,0.23482345444227248,1.0050968601402055,ok,,machine-3a00f8af,,1790850959.795249
shared_super_noisy/medium/s1,synthetic,shared_super_noisy,medium,1,200,180,1778,0.04938888888888889,1,356,1778,Two-walk-Auto,,"1,2,4,6,8,12",dense,-1,True,process,0.2546231100022851,0.17242410500000016,198.463488,142.495744,188.5234375,2.027776,0.022856,6,0,0,0.0,0.5268675542667639,1.019346607866269,ok,,machine-3a00f8af,,1790850961.4588656
shared_super_noisy/medium/s1,synthetic,shared_super_noisy,medium,1,200,180,1778,0.04938888888888889,1,356,1778,Two-walk-Auto,,"1,2,4,6,8,12",dense,0,False,process,0.18888057699950878,0.17199685399999987,198.504448,142.47936,188.94140625,2.027776,0.022856,6,0,0,0.0,0.5268675542667639,1.019346607866269,ok,,machine-3a00f8af,,1790850963.3586986
shared_super_noisy/medium/s1,synthetic,shared_super_noisy,medium,1,200,180,1778,0.04938888888888889,1,356,1778,Two-walk-Auto,,"1,2,4,6,8,12",dense,1,False,process,0.17005619399787975,0.16801152100000016,198.549504,142.585856,189.01171875,2.027776,0.022856,6,0,0,0.0,0.5268675542667639,1.019346607866269,ok,,machine-3a00f8af,,1790850965.4009426
shared_super_noisy/medium/s1,synthetic,shared_super_noisy,medium,1,200,180,1778,0.04938888888888889,1,356,1778,Two-walk-Auto,,"1,2,4,6,8,12",matrix_free,-1,True,process,0.28558250600326573,0.240054749,188.878848,133.484544,179.99609375,2.027776,0.022856,6,4586,1003,764.3333333333334,0.5268675542667652,1.0193466078662707,ok,,machine-3a00f8af,,1790850967.130466
shared_super_noisy/medium/s1,synthetic,shared_super_noisy,medium,1,200,180,1778,0.04938888888888889,1,356,1778,Two-walk-Auto,,"1,2,4,6,8,12",matrix_free,0,False,process,0.24657031000242569,0.24082947499999996,188.981248,133.50912,179.98046875,2.027776,0.022856,6,4586,1003,764.3333333333334,0.5268675542667652,1.0193466078662707,ok,,machine-3a00f8af,,1790850969.1567268
shared_super_noisy/medium/s1,synthetic,shared_super_noisy,medium,1,200,180,1778,0.04938888888888889,1,356,1778,Two-walk-Auto,,"1,2,4,6,8,12",matrix_free,1,False,process,0.2520780909981113,0.24258494500000016,188.735488,133.40672,179.8984375,2.027776,0.022856,6,4586,1003,764.3333333333334,0.5268675542667652,1.0193466078662707,ok,,machine-3a00f8af,,1790850971.1037958
shared_super_noisy/large/s0,synthetic,shared_super_noisy,large,0,400,360,6635,0.04607638888888889,1,720,6635,One-walk,,,dense,-1,True,process,0.15642630299771554,0.11227910500000005,205.049856,145.068032,194.86328125,8.2944,0.08266,1,0,0,0.0,0.04498431849989599,1.0724342902541035,ok,,machine-3a00f8af,,1790850972.9436882
shared_super_noisy/large/s0,synthetic,shared_super_noisy,large,0,400,360,6635,0.04607638888888889,1,720,6635,One-walk,,,dense,0,False,process,0.11325839400160476,0.111748344,205.275136,144.769024,195.640625,8.2944,0.08266,1,0,0,0.0,0.04498431849989599,1.0724342902541035,ok,,machine-3a00f8af,,1790850974.7119465
shared_super_noisy/large/s0,synthetic,shared_super_noisy,large,0,400,360,6635,0.04607638888888889,1,720,6635,One-walk,,,dense,1,False,process,0.21883730099943932,0.11122783899999988,205.135872,145.104896,195.2265625,8.2944,0.08266,1,0,0,0.0,0.04498431849989599,1.0724342902541035,ok,,machine-3a00f8af,,1790850976.4845362
shared_super_noisy/large/s0,synthetic,shared_super_noisy,large,0,400,360,6635,0.04607638888888889,1,720,6635,One-walk,,,matrix_free,-1,True,process,0.11182966200067312,0.06583454300000002,191.803392,136.056832,182.453125,8.2944,0.08266,1,1199,1199,1199.0,0.04498431849989274,1.072434290254238,ok,,machine-3a00f8af,,1790850978.523947
shared_super_noisy/large/s0,synthetic,shared_super_noisy,large,0,400,360,6635,0.04607638888888889,1,720,6635,One-walk,,,matrix_free,0,False,process,0.1244245289999526,0.067820416,191.823872,135.995392,182.75,8.2944,0.08266,1,1199,1199,1199.0,0.04498431849989274,1.072434290254238,ok,,machine-3a00f8af,,1790850980.326352
shared_super_noisy/large/s0,synthetic,shared_super_noisy,large,0,400,360,6635,0.04607638888888889,1,720,6635,One-walk,,,matrix_free,1,False,process,0.1370137550002255,0.06822953400000009,191.811584,136.167424,182.7734375,8.2944,0.08266,1,1199,1199,1199.0,0.04498431849989274,1.072434290254238,ok,,machine-3a00f8af,,1790850982.1242418
shared_super_noisy/large/s0,synthetic,shared_super_noisy,large,0,400,360,6635,0.04607638888888889,1,720,6635,Two-walk,1.0,,dense,-1,True,process,0.12036091999834753,0.12027304900000013,206.557184,146.489344,197.27734375,8.2944,0.08266,1,0,0,0.0,0.26870296940076244,1.016369434985246,ok,,machine-3a00f8af,,1790850984.1047509
shared_super_noisy/large/s0,synthetic,shared_super_noisy,large,0,400,360,6635,0.04607638888888889,1,720,6635,Two-walk,1.0,,dense,0,False,process,0.12201639799968689,0.11798042599999992,206.6432,146.427904,196.84375,8.2944,0.08266,1,0,0,0.0,0.26870296940076244,1.016369434985246,ok,,machine-3a00f8af,,1790850986.0715737
shared_super_noisy/large/s0,synthetic,shared_super_noisy,large,0,400,360,6635,0.04607638888888889,1,720,6635,Two-walk,1.0,,dense,1,False,process,0.1600530619980418,0.1176495070000001,205.04576,146.530304,197.4140625,8.2944,0.08266,1,0,0,0.0,0.26870296940076244,1.016369434985246,ok,,machine-3a00f8af,,1790850987.856144
shared_super_noisy/large/s0,synthetic,shared_super_noisy,large,0,400,360,6635,0.04607638888888889,1,720,6635,Two-walk,1.0,,matrix_free,-1,True,process,0.08076588000039919,0.08070711299999989,191.942656,136.00768,182.90625,8.2944,0.08266,1,1139,1139,1139.0,0.2687029694007572,1.0163694349852666,ok,,machine-3a00f8af,,1790850989.662134
shared_super_noisy/large/s0,synthetic,shared_super_noisy,large,0,400,360,6635,0.04607638888888889,1,720,6635,Two-walk,1.0,,matrix_free,0,False,process,0.10176320200116606,0.08248488799999998,191.729664,136.060928,182.62109375,8.2944,0.08266,1,1139,1139,1139.0,0.2687029694007572,1.0163694349852666,ok,,machine-3a00f8af,,1790850991.4450703
shared_super_noisy/large/s0,synthetic,shared_super_noisy,large,0,400,360,6635,0.04607638888888889,1,720,6635,Two-walk,1.0,,matrix_free,1,False,process,0.09589052599767456,0.0763575809999999,192.057344,135.909376,182.7890625,8.2944,0.08266,1,1139,1139,1139.0,0.2687029694007572,1.0163694349852666,ok,,machine-3a00f8af,,1790850994.0561526
shared_super_noisy/large/s0,synthetic,shared_super_noisy,large,0,400,360,6635,0.04607638888888889,1,720,6635,Two-walk-Auto,,"1,2,4,6,8,12",dense,-1,True,process,0.703040209999017,0.664669707,227.340288,163.201024,216.31640625,8.2944,0.08266,6,0,0,0.0,0.5140656275979923,1.0132036771908184,ok,,machine-3a00f8af,,1790850995.796444
shared_super_noisy/large/s0,synthetic,shared_super_noisy,large,0,400,360,6635,0.04607638888888889,1,720,6635,Two-walk-Auto,,"1,2,4,6,8,12",dense,0,False,process,0.6381739630014636,0.6370996070000001,227.643392,163.131392,216.9375,8.2944,0.08266,6,0,0,0.0,0.5140656275979923,1.0132036771908184,ok,,machine-3a00f8af,,1790850997.8788595
shared_super_noisy/large/s0,synthetic,shared_super_noisy,large,0,400,360,6635,0.04607638888888889,1,720,6635,Two-walk-Auto,,"1,2,4,6,8,12",dense,1,False,process,0.6641398539977672,0.6409808039999998,227.446784,163.139584,216.79296875,8.2944,0.08266,6,0,0,0.0,0.5140656275979923,1.0132036771908184,ok,,machine-3a00f8af,,1790851000.3428855
shared_super_noisy/large/s0,synthetic,shared_super_noisy,large,0,400,360,6635,0.04607638888888889,1,720,6635,Two-walk-Auto,,"1,2,4,6,8,12",matrix_free,-1,True,process,0.5747049889978371,0.505824866,191.782912,136.114176,182.39453125,8.2944,0.08266,6,7519,1453,1253.1666666666667,0.5140656275979871,1.0132036771907864,ok,,machine-3a00f8af,,1790851002.5075839
shared_super_noisy/large/s0,synthetic,shared_super_noisy,large,0,400,360,6635,0.04607638888888889,1,720,6635,Two-walk-Auto,,"1,2,4,6,8,12",matrix_free,0,False,process,0.6734536110016052,0.5013998209999999,192.057344,136.101888,183.03125,8.2944,0.08266,6,7519,1453,1253.1666666666667,0.5140656275979871,1.0132036771907864,ok,,machine-3a00f8af,,1790851004.6330302
shared_super_noisy/large/s0,synthetic,shared_super_noisy,large,0,400,360,6635,0.04607638888888889,1,720,6635,Two-walk-Auto,,"1,2,4,6,8,12",matrix_free,1,False,process,0.8609853250018205,0.549158086,191.541248,135.991296,182.50390625,8.2944,0.08266,6,7519,1453,1253.1666666666667,0.5140656275979871,1.0132036771907864,ok,,machine-3a00f8af,,1790851006.9441433
shared_super_noisy/large/s1,synthetic,shared_super_noisy,large,1,400,360,6648,0.04616666666666667,1,711,6648,One-walk,,,dense,-1,True,process,0.11306231699927594,0.11297294199999985,204.652544,144.744448,195.21875,8.088336,0.082816,1,0,0,0.0,0.0493443556040976,1.1570504043545187,ok,,machine-3a00f8af,,1790851009.7473993
shared_super_noisy/large/s1,synthetic,shared_super_noisy,large,1,400,360,6648,0.04616666666666667,1,711,6648,One-walk,,,dense,0,False,process,0.15907027700086473,0.11301035500000012,204.591104,144.678912,194.6171875,8.088336,0.082816,1,0,0,0.0,0.0493443556040976,1.1570504043545187,ok,,machine-3a00f8af,,1790851011.5457554
shared_super_noisy/large/s1,synthetic,shared_super_noisy,large,1,400,360,6648,0.04616666666666667,1,711,6648,One-walk,,,dense,1,False,process,0.1156025350028358,0.11011586800000006,201.371648,144.809984,195.2265625,8.088336,0.082816,1,0,0,0.0,0.0493443556040976,1.1570504043545187,ok,,machine-3a00f8af,,1790851013.1570735
shared_super_noisy/large/s1,synthetic,shared_super_noisy,large,1,400,360,6648,0.04616666666666667,1,711,6648,One-walk,,,matrix_free,-1,True,process,0.09087760500187869,0.09075783300000007,191.766528,136.175616,182.66015625,8.088336,0.082816,1,1733,1733,1733.0,0.04934435560409937,1.1570504043544432,ok,,machine-3a00f8af,,1790851014.7806704
shared_super_noisy/large/s1,synthetic,shared_super_noisy,large,1,400,360,6648,0.04616666666666667,1,711,6648,One-walk,,,matrix_free,0,False,process,0.06416298700059997,0.06560031,191.655936,138.15808,182.625,8.088336,0.082816,1,1733,1733,1733.0,0.04934435560409937,1.1570504043544432,ok,,machine-3a00f8af,,1790851016.1796918
shared_super_noisy/large/s1,synthetic,shared_super_noisy,large,1,400,360,6648,0.04616666666666667,1,711,6648,One-walk,,,matrix_free,1,False,process,0.061818364996724995,0.06243499100000005,191.963136,138.272768,182.6171875,8.088336,0.082816,1,1733,1733,1733.0,0.04934435560409937,1.1570504043544432,ok,,machine-3a00f8af,,1790851017.2856524
shared_super_noisy/large/s1,synthetic,shared_super_noisy,large,1,400,360,6648,0.04616666666666667,1,711,6648,Two-walk,1.0,,dense,-1,True,process,0.08623159199851216,0.086745764,206.118912,148.66432,196.61328125,8.088336,0.082816,1,0,0,0.0,0.3881623288452884,1.0821108625883855,ok,,machine-3a00f8af,,1790851018.3790138
shared_super_noisy/large/s1,synthetic,shared_super_noisy,large,1,400,360,6648,0.04616666666666667,1,711,6648,Two-walk,1.0,,dense,0,False,process,0.09974237799906405,0.100262623,206.135296,148.537344,196.28515625,8.088336,0.082816,1,0,0,0.0,0.3881623288452884,1.0821108625883855,ok,,machine-3a00f8af,,1790851019.527679
shared_super_noisy/large/s1,synthetic,shared_super_noisy,large,1,400,360,6648,0.04616666666666667,1,711,6648,Two-walk,1.0,,dense,1,False,process,0.10233281199907651,0.10089184399999995,206.057472,148.97152,196.1171875,8.088336,0.082816,1,0,0,0.0,0.3881623288452884,1.0821108625883855,ok,,machine-3a00f8af,,1790851020.738981
shared_super_noisy/large/s1,synthetic,shared_super_noisy,large,1,400,360,6648,0.04616666666666667,1,711,6648,Two-walk,1.0,,matrix_free,-1,True,process,0.0627695399998629,0.06346219399999997,191.545344,137.969664,182.09375,8.088336,0.082816,1,1483,1483,1483.0,0.3881623288452923,1.082110862588409,ok,,machine-3a00f8af,,1790851021.907463
shared_super_noisy/large/s1,synthetic,shared_super_noisy,large,1,400,360,6648,0.04616666666666667,1,711,6648,Two-walk,1.0,,matrix_free,0,False,process,0.06946979100030148,0.070188417,191.721472,138.141696,182.375,8.088336,0.082816,1,1483,1483,1483.0,0.3881623288452923,1.082110862588409,ok,,machine-3a00f8af,,1790851023.0028508
shared_super_noisy/large/s1,synthetic,shared_super_noisy,large,1,400,360,6648,0.04616666666666667,1,711,6648,Two-walk,1.0,,matrix_free,1,False,process,0.06445410399828688,0.06522741700000001,192.094208,138.366976,183.0234375,8.088336,0.082816,1,1483,1483,1483.0,0.3881623288452923,1.082110862588409,ok,,machine-3a00f8af,,1790851024.0019655
shared_super_noisy/large/s1,synthetic,shared_super_noisy,large,1,400,360,6648,0.04616666666666667,1,711,6648,Two-walk-Auto,,"1,2,4,6,8,12",dense,-1,True,process,0.5789354309999908,0.583220743,226.85696,164.540416,215.265625,8.088336,0.082816,6,0,0,0.0,0.6308780392332949,1.0557858015490225,ok,,machine-3a00f8af,,1790851025.160417
shared_super_noisy/large/s1,synthetic,shared_super_noisy,large,1,400,360,6648,0.04616666666666667,1,711,6648,Two-walk-Auto,,"1,2,4,6,8,12",dense,0,False,process,0.5706706140008464,0.5743121179999999,226.451456,165.224448,215.65234375,8.088336,0.082816,6,0,0,0.0,0.6308780392332949,1.0557858015490225,ok,,machine-3a00f8af,,1790851026.8377135
shared_super_noisy/large/s1,synthetic,shared_super_noisy,large,1,400,360,6648,0.04616666666666667,1,711,6648,Two-walk-Auto,,"1,2,4,6,8,12",dense,1,False,process,0.5957611319972784,0.599360856,226.619392,165.183488,215.78125,8.088336,0.082816,6,0,0,0.0,0.6308780392332949,1.0557858015490225,ok,,machine-3a00f8af,,1790851028.5927167
shared_super_noisy/large/s1,synthetic,shared_super_noisy,large,1,400,360,6648,0.04616666666666667,1,711,6648,Two-walk-Auto,,"1,2,4,6,8,12",matrix_free,-1,True,process,0.6439864749991102,0.646318667,191.963136,138.338304,182.91015625,8.088336,0.082816,6,13641,3824,2273.5,0.6308780392333062,1.0557858015490016,ok,,machine-3a00f8af,,1790851030.1756349
shared_super_noisy/large/s1,synthetic,shared_super_noisy,large,1,400,360,6648,0.04616666666666667,1,711,6648,Two-walk-Auto,,"1,2,4,6,8,12",matrix_free,0,False,process,0.5487521609975374,0.554534692,191.71328,137.908224,181.2734375,8.088336,0.082816,6,13641,3824,2273.5,0.6308780392333062,1.0557858015490016,ok,,machine-3a00f8af,,1790851032.01799
shared_super_noisy/large/s1,synthetic,shared_super_noisy,large,1,400,360,6648,0.04616666666666667,1,711,6648,Two-walk-Auto,,"1,2,4,6,8,12",matrix_free,1,False,process,0.5433088219979254,0.550042302,191.811584,138.01472,182.1171875,8.088336,0.082816,6,13641,3824,2273.5,0.6308780392333062,1.0557858015490016,ok,,machine-3a00f8af,,1790851033.4859686
cross_block_leakage/small/s0,synthetic,cross_block_leakage,small,0,100,90,537,0.059666666666666666,1,180,537,One-walk,,,dense,-1,True,process,0.011797961000411306,0.011879811000000018,189.792256,136.126464,180.28125,0.5184,0.007204,1,0,0,0.0,0.07708219031636919,1.0283909819062838,ok,,machine-3a00f8af,,1790851034.9492557
cross_block_leakage/small/s0,synthetic,cross_block_leakage,small,0,100,90,537,0.059666666666666666,1,180,537,One-walk,,,dense,0,False,process,0.010913449998042779,0.011035463999999995,189.693952,135.819264,180.5625,0.5184,0.007204,1,0,0,0.0,0.07708219031636919,1.0283909819062838,ok,,machine-3a00f8af,,1790851035.8800154
cross_block_leakage/small/s0,synthetic,cross_block_leakage,small,0,100,90,537,0.059666666666666666,1,180,537,One-walk,,,dense,1,False,process,0.011320384001010098,0.011461932000000008,189.784064,136.073216,180.43359375,0.5184,0.007204,1,0,0,0.0,0.07708219031636919,1.0283909819062838,ok,,machine-3a00f8af,,1790851036.8417375
cross_block_leakage/small/s0,synthetic,cross_block_leakage,small,0,100,90,537,0.059666666666666666,1,180,537,One-walk,,,matrix_free,-1,True,process,0.01874759900238132,0.019202426999999966,188.555264,134.926336,179.63671875,0.5184,0.007204,1,490,490,490.0,0.07708219031636772,1.0283909819062957,ok,,machine-3a00f8af,,1790851037.8436115
cross_block_leakage/small/s0,synthetic,cross_block_leakage,small,0,100,90,537,0.059666666666666666,1,180,537,One-walk,,,matrix_free,0,False,process,0.016119915002491325,0.016363938000000022,188.428288,134.71744,179.0703125,0.5184,0.007204,1,490,490,490.0,0.07708219031636772,1.0283909819062957,ok,,machine-3a00f8af,,1790851038.7648602
cross_block_leakage/small/s0,synthetic,cross_block_leakage,small,0,100,90,537,0.059666666666666666,1,180,537,One-walk,,,matrix_free,1,False,process,0.014995012999861501,0.015364847999999931,188.157952,134.422528,179.09765625,0.5184,0.007204,1,490,490,490.0,0.07708219031636772,1.0283909819062957,ok,,machine-3a00f8af,,1790851039.7007027
cross_block_leakage/small/s0,synthetic,cross_block_leakage,small,0,100,90,537,0.059666666666666666,1,180,537,Two-walk,1.0,,dense,-1,True,process,0.01098522499887622,0.011076921000000017,190.271488,136.27392,181.09765625,0.5184,0.007204,1,0,0,0.0,0.23519754162626597,1.1377502751223803,ok,,machine-3a00f8af,,1790851040.6102934
cross_block_leakage/small/s0,synthetic,cross_block_leakage,small,0,100,90,537,0.059666666666666666,1,180,537,Two-walk,1.0,,dense,0,False,process,0.011076897000748431,0.011181451000000009,190.332928,136.43776,181.14453125,0.5184,0.007204,1,0,0,0.0,0.23519754162626597,1.1377502751223803,ok,,machine-3a00f8af,,1790851041.5292823
cross_block_leakage/small/s0,synthetic,cross_block_leakage,small,0,100,90,537,0.059666666666666666,1,180,537,Two-walk,1.0,,dense,1,False,process,0.011118254999018973,0.011232957000000043,190.128128,136.372224,181.01953125,0.5184,0.007204,1,0,0,0.0,0.23519754162626597,1.1377502751223803,ok,,machine-3a00f8af,,1790851042.4414613
cross_block_leakage/small/s0,synthetic,cross_block_leakage,small,0,100,90,537,0.059666666666666666,1,180,537,Two-walk,1.0,,matrix_free,-1,True,process,0.014871100000164006,0.014621847999999993,188.35456,134.791168,179.40234375,0.5184,0.007204,1,297,297,297.0,0.23519754162626524,1.1377502751223987,ok,,machine-3a00f8af,,1790851043.3525276
cross_block_leakage/small/s0,synthetic,cross_block_leakage,small,0,100,90,537,0.059666666666666666,1,180,537,Two-walk,1.0,,matrix_free,0,False,process,0.015244782000081614,0.015403763999999986,188.182528,134.447104,178.9375,0.5184,0.007204,1,297,297,297.0,0.23519754162626524,1.1377502751223987,ok,,machine-3a00f8af,,1790851044.2621336
cross_block_leakage/small/s0,synthetic,cross_block_leakage,small,0,100,90,537,0.059666666666666666,1,180,537,Two-walk,1.0,,matrix_free,1,False,process,0.013755766001850134,0.013809809000000062,188.399616,134.770688,179.15625,0.5184,0.007204,1,297,297,297.0,0.23519754162626524,1.1377502751223987,ok,,machine-3a00f8af,,1790851045.1858578
cross_block_leakage/small/s0,synthetic,cross_block_leakage,small,0,100,90,537,0.059666666666666666,1,180,537,Two-walk-Auto,,"1,2,4,6,8,12",dense,-1,True,process,0.04541008899832377,0.046101387999999965,191.279104,137.392128,182.26171875,0.5184,0.007204,6,0,0,0.0,0.5563678088444172,1.054847896379692,ok,,machine-3a00f8af,,1790851046.1163473
cross_block_leakage/small/s0,synthetic,cross_block_leakage,small,0,100,90,537,0.059666666666666666,1,180,537,Two-walk-Auto,,"1,2,4,6,8,12",dense,0,False,process,0.04552094600148848,0.04620134499999995,191.307776,137.633792,181.96875,0.5184,0.007204,6,0,0,0.0,0.5563678088444172,1.054847896379692,ok,,machine-3a00f8af,,1790851047.064265
cross_block_leakage/small/s0,synthetic,cross_block_leakage,small,0,100,90,537,0.059666666666666666,1,180,537,Two-walk-Auto,,"1,2,4,6,8,12",dense,1,False,process,0.04521146499973838,0.045835361000000074,191.315968,137.48224,182.26953125,0.5184,0.007204,6,0,0,0.0,0.5563678088444172,1.054847896379692,ok,,machine-3a00f8af,,1790851047.9971392
cross_block_leakage/small/s0,synthetic,cross_block_leakage,small,0,100,90,537,0.059666666666666666,1,180,537,Two-walk-Auto,,"1,2,4,6,8,12",matrix_free,-1,True,process,0.06860377499833703,0.06960015200000003,188.350464,134.365184,179.2734375,0.5184,0.007204,6,1976,392,329.3333333333333,0.5563678088444168,1.054847896379699,ok,,machine-3a00f8af,,1790851048.959591
cross_block_leakage/small/s0,synthetic,cross_block_leakage,small,0,100,90,537,0.059666666666666666,1,180,537,Two-walk-Auto,,"1,2,4,6,8,12",matrix_free,0,False,process,0.06948442800057819,0.07040452600000002,188.47744,134.79936,179.46484375,0.5184,0.007204,6,1976,392,329.3333333333333,0.5563678088444168,1.054847896379699,ok,,machine-3a00f8af,,1790851049.9316363
cross_block_leakage/small/s0,synthetic,cross_block_leakage,small,0,100,90,537,0.059666666666666666,1,180,537,Two-walk-Auto,,"1,2,4,6,8,12",matrix_free,1,False,process,0.06822099600321962,0.06939201000000006,188.403712,134.647808,179.44140625,0.5184,0.007204,6,1976,392,329.3333333333333,0.5563678088444168,1.054847896379699,ok,,machine-3a00f8af,,1790851050.892204
cross_block_leakage/small/s1,synthetic,cross_block_leakage,small,1,100,90,565,0.06277777777777778,1,177,565,One-walk,,,dense,-1,True,process,0.010914501999650383,0.011037368999999964,189.76768,135.958528,180.7734375,0.501264,0.00754,1,0,0,0.0,0.13356945277621415,1.2822256450142409,ok,,machine-3a00f8af,,1790851051.8511343
cross_block_leakage/small/s1,synthetic,cross_block_leakage,small,1,100,90,565,0.06277777777777778,1,177,565,One-walk,,,dense,0,False,process,0.013227655002992833,0.013303936000000016,189.718528,136.06912,180.6875,0.501264,0.00754,1,0,0,0.0,0.13356945277621415,1.2822256450142409,ok,,machine-3a00f8af,,1790851052.7367675
cross_block_leakage/small/s1,synthetic,cross_block_leakage,small,1,100,90,565,0.06277777777777778,1,177,565,One-walk,,,dense,1,False,process,0.010802561999298632,0.010882424000000057,189.44,135.86432,179.88671875,0.501264,0.00754,1,0,0,0.0,0.13356945277621415,1.2822256450142409,ok,,machine-3a00f8af,,1790851053.6702673
cross_block_leakage/small/s1,synthetic,cross_block_leakage,small,1,100,90,565,0.06277777777777778,1,177,565,One-walk,,,matrix_free,-1,True,process,0.012381447002553614,0.012769002999999945,188.071936,134.275072,179.25,0.501264,0.00754,1,287,287,287.0,0.13356945277621415,1.2822256450142462,ok,,machine-3a00f8af,,1790851054.576068
cross_block_leakage/small/s1,synthetic,cross_block_leakage,small,1,100,90,565,0.06277777777777778,1,177,565,One-walk,,,matrix_free,0,False,process,0.01220161899982486,0.012467678000000038,188.227584,134.541312,179.40625,0.501264,0.00754,1,287,287,287.0,0.13356945277621415,1.2822256450142462,ok,,machine-3a00f8af,,1790851055.4824727
cross_block_leakage/small/s1,synthetic,cross_block_leakage,small,1,100,90,565,0.06277777777777778,1,177,565,One-walk,,,matrix_free,1,False,process,0.01240369800143526,0.012972113999999979,188.489728,134.955008,179.58984375,0.501264,0.00754,1,287,287,287.0,0.13356945277621415,1.2822256450142462,ok,,machine-3a00f8af,,1790851056.3933408
cross_block_leakage/small/s1,synthetic,cross_block_leakage,small,1,100,90,565,0.06277777777777778,1,177,565,Two-walk,1.0,,dense,-1,True,process,0.011195368999324273,0.011310780000000076,189.923328,136.15104,180.59375,0.501264,0.00754,1,0,0,0.0,0.6235043933346178,1.4650884876388577,ok,,machine-3a00f8af,,1790851057.311961
cross_block_leakage/small/s1,synthetic,cross_block_leakage,small,1,100,90,565,0.06277777777777778,1,177,565,Two-walk,1.0,,dense,0,False,process,0.011170232002768898,0.01128461600000008,190.19776,136.187904,181.046875,0.501264,0.00754,1,0,0,0.0,0.6235043933346178,1.4650884876388577,ok,,machine-3a00f8af,,1790851058.2156966
cross_block_leakage/small/s1,synthetic,cross_block_leakage,small,1,100,90,565,0.06277777777777778,1,177,565,Two-walk,1.0,,dense,1,False,process,0.011193715999979759,0.011318569000000056,190.050304,136.37632,180.62109375,0.501264,0.00754,1,0,0,0.0,0.6235043933346178,1.4650884876388577,ok,,machine-3a00f8af,,1790851059.1384315
cross_block_leakage/small/s1,synthetic,cross_block_leakage,small,1,100,90,565,0.06277777777777778,1,177,565,Two-walk,1.0,,matrix_free,-1,True,process,0.01244766099989647,0.012548834999999925,188.030976,134.41024,178.96484375,0.501264,0.00754,1,219,219,219.0,0.6235043933346193,1.4650884876388532,ok,,machine-3a00f8af,,1790851060.045696
cross_block_leakage/small/s1,synthetic,cross_block_leakage,small,1,100,90,565,0.06277777777777778,1,177,565,Two-walk,1.0,,matrix_free,0,False,process,0.012480461999075487,0.012540474000000024,188.424192,134.234112,179.5234375,0.501264,0.00754,1,219,219,219.0,0.6235043933346193,1.4650884876388532,ok,,machine-3a00f8af,,1790851060.953143
cross_block_leakage/small/s1,synthetic,cross_block_leakage,small,1,100,90,565,0.06277777777777778,1,177,565,Two-walk,1.0,,matrix_free,1,False,process,0.012679927000135649,0.012711397000000013,188.362752,134.84032,179.53515625,0.501264,0.00754,1,219,219,219.0,0.6235043933346193,1.4650884876388532,ok,,machine-3a00f8af,,1790851061.8751428
cross_block_leakage/small/s1,synthetic,cross_block_leakage,small,1,100,90,565,0.06277777777777778,1,177,565,Two-walk-Auto,,"1,2,4,6,8,12",dense,-1,True,process,0.04716291899967473,0.04741402300000008,191.258624,137.601024,182.14453125,0.501264,0.00754,6,0,0,0.0,1.4192182214763152,1.1940819718717017,ok,,machine-3a00f8af,,1790851062.7698116
cross_block_leakage/small/s1,synthetic,cross_block_leakage,small,1,100,90,565,0.06277777777777778,1,177,565,Two-walk-Auto,,"1,2,4,6,8,12",dense,0,False,process,0.051021973999013426,0.051656919999999995,191.168512,137.539584,181.29296875,0.501264,0.00754,6,0,0,0.0,1.4192182214763152,1.1940819718717017,ok,,machine-3a00f8af,,1790851063.7166667
cross_block_leakage/small/s1,synthetic,cross_block_leakage,small,1,100,90,565,0.06277777777777778,1,177,565,Two-walk-Auto,,"1,2,4,6,8,12",dense,1,False,process,0.04557783299969742,0.04639462799999994,191.197184,136.798208,181.80078125,0.501264,0.00754,6,0,0,0.0,1.4192182214763152,1.1940819718717017,ok,,machine-3a00f8af,,1790851064.6710708
cross_block_leakage/small/s1,synthetic,cross_block_leakage,small,1,100,90,565,0.06277777777777778,1,177,565,Two-walk-Auto,,"1,2,4,6,8,12",matrix_free,-1,True,process,0.06102180000016233,0.06204884900000007,188.260352,134.61504,179.13671875,0.501264,0.00754,6,1501,272,250.16666666666666,1.41921822147632,1.1940819718717042,ok,,machine-3a00f8af,,1790851065.6239326
cross_block_leakage/small/s1,synthetic,cross_block_leakage,small,1,100,90,565,0.06277777777777778,1,177,565,Two-walk-Auto,,"1,2,4,6,8,12",matrix_free,0,False,process,0.05912244400315103,0.05993987099999998,188.297216,134.852608,179.31640625,0.501264,0.00754,6,1501,272,250.16666666666666,1.41921822147632,1.1940819718717042,ok,,machine-3a00f8af,,1790851066.5895379
cross_block_leakage/small/s1,synthetic,cross_block_leakage,small,1,100,90,565,0.06277777777777778,1,177,565,Two-walk-Auto,,"1,2,4,6,8,12",matrix_free,1,False,process,0.06157350600187783,0.06164779800000009,188.317696,134.639616,179.484375,0.501264,0.00754,6,1501,272,250.16666666666666,1.41921822147632,1.1940819718717042,ok,,machine-3a00f8af,,1790851067.5370383
cross_block_leakage/medium/s0,synthetic,cross_block_leakage,medium,0,200,180,1957,0.05436111111111111,1,356,1957,One-walk,,,dense,-1,True,process,0.021968656001263298,0.022178039000000038,193.368064,139.239424,183.99609375,2.027776,0.025004,1,0,0,0.0,0.13780332099312081,1.0199473401725505,ok,,machine-3a00f8af,,1790851068.4990878
cross_block_leakage/medium/s0,synthetic,cross_block_leakage,medium,0,200,180,1957,0.05436111111111111,1,356,1957,One-walk,,,dense,0,False,process,0.021859592001419514,0.022014572999999982,193.155072,139.452416,183.76953125,2.027776,0.025004,1,0,0,0.0,0.13780332099312081,1.0199473401725505,ok,,machine-3a00f8af,,1790851069.4155052
cross_block_leakage/medium/s0,synthetic,cross_block_leakage,medium,0,200,180,1957,0.05436111111111111,1,356,1957,One-walk,,,dense,1,False,process,0.021928850997937843,0.022251688999999963,193.175552,139.640832,184.01953125,2.027776,0.025004,1,0,0,0.0,0.13780332099312081,1.0199473401725505,ok,,machine-3a00f8af,,1790851070.3377986
cross_block_leakage/medium/s0,synthetic,cross_block_leakage,medium,0,200,180,1957,0.05436111111111111,1,356,1957,One-walk,,,matrix_free,-1,True,process,0.039956008000444854,0.04038882799999999,188.776448,135.110656,179.81640625,2.027776,0.025004,1,1675,1675,1675.0,0.13780332099312143,1.0199473401725867,ok,,machine-3a00f8af,,1790851071.247956
cross_block_leakage/medium/s0,synthetic,cross_block_leakage,medium,0,200,180,1957,0.05436111111111111,1,356,1957,One-walk,,,matrix_free,0,False,process,0.044827123998402385,0.04554050700000001,189.27616,135.585792,179.80859375,2.027776,0.025004,1,1675,1675,1675.0,0.13780332099312143,1.0199473401725867,ok,,machine-3a00f8af,,1790851072.2302244
cross_block_leakage/medium/s0,synthetic,cross_block_leakage,medium,0,200,180,1957,0.05436111111111111,1,356,1957,One-walk,,,matrix_free,1,False,process,0.041916238002158934,0.042741216000000026,189.231104,135.499776,180.33203125,2.027776,0.025004,1,1675,1675,1675.0,0.13780332099312143,1.0199473401725867,ok,,machine-3a00f8af,,1790851073.2333717
cross_block_leakage/medium/s0,synthetic,cross_block_leakage,medium,0,200,180,1957,0.05436111111111111,1,356,1957,Two-walk,1.0,,dense,-1,True,process,0.022837858999992022,0.023057643000000017,194.277376,140.566528,184.98046875,2.027776,0.025004,1,0,0,0.0,0.4509106500000338,1.0964153449833831,ok,,machine-3a00f8af,,1790851074.1654692
cross_block_leakage/medium/s0,synthetic,cross_block_leakage,medium,0,200,180,1957,0.05436111111111111,1,356,1957,Two-walk,1.0,,dense,0,False,process,0.023164432001067325,0.023442308999999995,194.3552,140.61568,185.05859375,2.027776,0.025004,1,0,0,0.0,0.4509106500000338,1.0964153449833831,ok,,machine-3a00f8af,,1790851075.0950248
cross_block_leakage/medium/s0,synthetic,cross_block_leakage,medium,0,200,180,1957,0.05436111111111111,1,356,1957,Two-walk,1.0,,dense,1,False,process,0.02263427599973511,0.022836912000000043,194.048,140.509184,184.828125,2.027776,0.025004,1,0,0,0.0,0.4509106500000338,1.0964153449833831,ok,,machine-3a00f8af,,1790851076.0223174
cross_block_leakage/medium/s0,synthetic,cross_block_leakage,medium,0,200,180,1957,0.05436111111111111,1,356,1957,Two-walk,1.0,,matrix_free,-1,True,process,0.02688155100258882,0.027320832000000017,188.870656,135.389184,179.875,2.027776,0.025004,1,726,726,726.0,0.4509106500000385,1.0964153449833913,ok,,machine-3a00f8af,,1790851076.9538593
cross_block_leakage/medium/s0,synthetic,cross_block_leakage,medium,0,200,180,1957,0.05436111111111111,1,356,1957,Two-walk,1.0,,matrix_free,0,False,process,0.02705988599700504,0.027388487999999933,188.973056,135.29088,179.8046875,2.027776,0.025004,1,726,726,726.0,0.4509106500000385,1.0964153449833913,ok,,machine-3a00f8af,,1790851077.8836436
cross_block_leakage/medium/s0,synthetic,cross_block_leakage,medium,0,200,180,1957,0.05436111111111111,1,356,1957,Two-walk,1.0,,matrix_free,1,False,process,0.027288643999781925,0.027520737000000017,189.231104,135.446528,180.1796875,2.027776,0.025004,1,726,726,726.0,0.4509106500000385,1.0964153449833913,ok,,machine-3a00f8af,,1790851078.8006477
cross_block_leakage/medium/s0,synthetic,cross_block_leakage,medium,0,200,180,1957,0.05436111111111111,1,356,1957,Two-walk-Auto,,"1,2,4,6,8,12",dense,-1,True,process,0.12392066200118279,0.12544343300000005,198.71744,145.063936,188.80859375,2.027776,0.025004,6,0,0,0.0,1.081988739766852,1.0084212542355457,ok,,machine-3a00f8af,,1790851079.7386608
cross_block_leakage/medium/s0,synthetic,cross_block_leakage,medium,0,200,180,1957,0.05436111111111111,1,356,1957,Two-walk-Auto,,"1,2,4,6,8,12",dense,0,False,process,0.12089735699919402,0.12131822600000008,198.774784,145.096704,189.18359375,2.027776,0.025004,6,0,0,0.0,1.081988739766852,1.0084212542355457,ok,,machine-3a00f8af,,1790851080.7708154
cross_block_leakage/medium/s0,synthetic,cross_block_leakage,medium,0,200,180,1957,0.05436111111111111,1,356,1957,Two-walk-Auto,,"1,2,4,6,8,12",dense,1,False,process,0.11841330300012487,0.11944747499999997,198.852608,145.154048,189.3203125,2.027776,0.025004,6,0,0,0.0,1.081988739766852,1.0084212542355457,ok,,machine-3a00f8af,,1790851081.7958188
cross_block_leakage/medium/s0,synthetic,cross_block_leakage,medium,0,200,180,1957,0.05436111111111111,1,356,1957,Two-walk-Auto,,"1,2,4,6,8,12",matrix_free,-1,True,process,0.19263191999925766,0.19537085200000004,189.190144,135.540736,179.859375,2.027776,0.025004,6,6201,1340,1033.5,1.0819887397668593,1.008421254235531,ok,,machine-3a00f8af,,1790851082.8135364
cross_block_leakage/medium/s0,synthetic,cross_block_leakage,medium,0,200,180,1957,0.05436111111111111,1,356,1957,Two-walk-Auto,,"1,2,4,6,8,12",matrix_free,0,False,process,0.18917547999808448,0.19175874800000003,189.09184,135.553024,180.27734375,2.027776,0.025004,6,6201,1340,1033.5,1.0819887397668593,1.008421254235531,ok,,machine-3a00f8af,,1790851083.9043074
cross_block_leakage/medium/s0,synthetic,cross_block_leakage,medium,0,200,180,1957,0.05436111111111111,1,356,1957,Two-walk-Auto,,"1,2,4,6,8,12",matrix_free,1,False,process,0.19102272899908712,0.19337496899999995,189.288448,135.708672,180.015625,2.027776,0.025004,6,6201,1340,1033.5,1.0819887397668593,1.008421254235531,ok,,machine-3a00f8af,,1790851084.9957018
cross_block_leakage/medium/s1,synthetic,cross_block_leakage,medium,1,200,180,2049,0.056916666666666664,1,356,2049,One-walk,,,dense,-1,True,process,0.022843629001727095,0.02245972899999993,193.277952,139.587584,183.8828125,2.027776,0.026108,1,0,0,0.0,0.06916112930794313,1.0113383745046438,ok,,machine-3a00f8af,,1790851086.0968351
cross_block_leakage/medium/s1,synthetic,cross_block_leakage,medium,1,200,180,2049,0.056916666666666664,1,356,2049,One-walk,,,dense,0,False,process,0.02173367499926826,0.021959036000000043,193.200128,139.599872,183.7734375,2.027776,0.026108,1,0,0,0.0,0.06916112930794313,1.0113383745046438,ok,,machine-3a00f8af,,1790851087.0342937
cross_block_leakage/medium/s1,synthetic,cross_block_leakage,medium,1,200,180,2049,0.056916666666666664,1,356,2049,One-walk,,,dense,1,False,process,0.02238001899968367,0.022493829000000076,193.425408,139.554816,184.125,2.027776,0.026108,1,0,0,0.0,0.06916112930794313,1.0113383745046438,ok,,machine-3a00f8af,,1790851087.9600601
cross_block_leakage/medium/s1,synthetic,cross_block_leakage,medium,1,200,180,2049,0.056916666666666664,1,356,2049,One-walk,,,matrix_free,-1,True,process,0.017867325997940497,0.018023098999999987,189.27616,135.524352,180.03125,2.027776,0.026108,1,429,429,429.0,0.06916112930794271,1.0113383745046525,ok,,machine-3a00f8af,,1790851088.8710306
cross_block_leakage/medium/s1,synthetic,cross_block_leakage,medium,1,200,180,2049,0.056916666666666664,1,356,2049,One-walk,,,matrix_free,0,False,process,0.01832687899877783,0.01844894500000005,188.841984,135.405568,179.796875,2.027776,0.026108,1,429,429,429.0,0.06916112930794271,1.0113383745046525,ok,,machine-3a00f8af,,1790851089.7860415
cross_block_leakage/medium/s1,synthetic,cross_block_leakage,medium,1,200,180,2049,0.056916666666666664,1,356,2049,One-walk,,,matrix_free,1,False,process,0.01811358799750451,0.01830145999999999,188.973056,135.319552,180.15234375,2.027776,0.026108,1,429,429,429.0,0.06916112930794271,1.0113383745046525,ok,,machine-3a00f8af,,1790851090.6875863
cross_block_leakage/medium/s1,synthetic,cross_block_leakage,medium,1,200,180,2049,0.056916666666666664,1,356,2049,Two-walk,1.0,,dense,-1,True,process,0.022989061999396654,0.023199234000000013,194.138112,140.304384,184.671875,2.027776,0.026108,1,0,0,0.0,0.25500192308673314,1.2206397527509234,ok,,machine-3a00f8af,,1790851091.5965543
cross_block_leakage/medium/s1,synthetic,cross_block_leakage,medium,1,200,180,2049,0.056916666666666664,1,356,2049,Two-walk,1.0,,dense,0,False,process,0.024093035000987584,0.024180053000000035,194.240512,140.238848,184.63671875,2.027776,0.026108,1,0,0,0.0,0.25500192308673314,1.2206397527509234,ok,,machine-3a00f8af,,1790851092.5187225
cross_block_leakage/medium/s1,synthetic,cross_block_leakage,medium,1,200,180,2049,0.056916666666666664,1,356,2049,Two-walk,1.0,,dense,1,False,process,0.02298209000218776,0.023183167999999976,193.98656,140.251136,184.50390625,2.027776,0.026108,1,0,0,0.0,0.25500192308673314,1.2206397527509234,ok,,machine-3a00f8af,,1790851093.4504511
cross_block_leakage/medium/s1,synthetic,cross_block_leakage,medium,1,200,180,2049,0.056916666666666664,1,356,2049,Two-walk,1.0,,matrix_free,-1,True,process,0.02054950200181338,0.02076144000000002,189.1328,135.5776,180.296875,2.027776,0.026108,1,428,428,428.0,0.25500192308672975,1.2206397527509152,ok,,machine-3a00f8af,,1790851094.3746376
cross_block_leakage/medium/s1,synthetic,cross_block_leakage,medium,1,200,180,2049,0.056916666666666664,1,356,2049,Two-walk,1.0,,matrix_free,0,False,process,0.020960983998520533,0.021053246000000025,189.292544,135.376896,180.29296875,2.027776,0.026108,1,428,428,428.0,0.25500192308672975,1.2206397527509152,ok,,machine-3a00f8af,,1790851095.2927248
cross_block_leakage/medium/s1,synthetic,cross_block_leakage,medium,1,200,180,2049,0.056916666666666664,1,356,2049,Two-walk,1.0,,matrix_free,1,False,process,0.020535505998850567,0.02071129599999999,189.054976,135.077888,180.05859375,2.027776,0.026108,1,428,428,428.0,0.25500192308672975,1.2206397527509152,ok,,machine-3a00f8af,,1790851096.1958477
cross_block_leakage/medium/s1,synthetic,cross_block_leakage,medium,1,200,180,2049,0.056916666666666664,1,356,2049,Two-walk-Auto,,"1,2,4,6,8,12",dense,-1,True,process,0.12029276199973538,0.121287684,198.406144,144.990208,188.40625,2.027776,0.026108,6,0,0,0.0,0.5360550353863796,1.1098685131151267,ok,,machine-3a00f8af,,1790851097.1248875
cross_block_leakage/medium/s1,synthetic,cross_block_leakage,medium,1,200,180,2049,0.056916666666666664,1,356,2049,Two-walk-Auto,,"1,2,4,6,8,12",dense,0,False,process,0.11920997900233488,0.12020816599999995,198.582272,145.190912,188.7578125,2.027776,0.026108,6,0,0,0.0,0.5360550353863796,1.1098685131151267,ok,,machine-3a00f8af,,1790851098.1356554
cross_block_leakage/medium/s1,synthetic,cross_block_leakage,medium,1,200,180,2049,0.056916666666666664,1,356,2049,Two-walk-Auto,,"1,2,4,6,8,12",dense,1,False,process,0.1273006900009932,0.12752025500000008,198.4512,144.785408,188.8046875,2.027776,0.026108,6,0,0,0.0,0.5360550353863796,1.1098685131151267,ok,,machine-3a00f8af,,1790851099.1570194
cross_block_leakage/medium/s1,synthetic,cross_block_leakage,medium,1,200,180,2049,0.056916666666666664,1,356,2049,Two-walk-Auto,,"1,2,4,6,8,12",matrix_free,-1,True,process,0.11544288600271102,0.11705869199999996,189.059072,135.421952,180.140625,2.027776,0.026108,6,2487,428,414.5,0.5360550353863857,1.1098685131151305,ok,,machine-3a00f8af,,1790851100.1759338
cross_block_leakage/medium/s1,synthetic,cross_block_leakage,medium,1,200,180,2049,0.056916666666666664,1,356,2049,Two-walk-Auto,,"1,2,4,6,8,12",matrix_free,0,False,process,0.11542068400012795,0.11743967699999991,188.719104,135.368704,179.75,2.027776,0.026108,6,2487,428,414.5,0.5360550353863857,1.1098685131151305,ok,,machine-3a00f8af,,1790851101.1842506
cross_block_leakage/medium/s1,synthetic,cross_block_leakage,medium,1,200,180,2049,0.056916666666666664,1,356,2049,Two-walk-Auto,,"1,2,4,6,8,12",matrix_free,1,False,process,0.1167485879996093,0.11709978600000004,189.083648,134.602752,180.03515625,2.027776,0.026108,6,2487,428,414.5,0.5360550353863857,1.1098685131151305,ok,,machine-3a00f8af,,1790851102.1900022
cross_block_leakage/large/s0,synthetic,cross_block_leakage,large,0,400,360,7279,0.050548611111111114,1,711,7279,One-walk,,,dense,-1,True,process,0.08607754200056661,0.08651601199999992,205.144064,147.59936,195.12109375,8.088336,0.090388,1,0,0,0.0,0.0653132623954972,1.0019869438479094,ok,,machine-3a00f8af,,1790851103.1980772
cross_block_leakage/large/s0,synthetic,cross_block_leakage,large,0,400,360,7279,0.050548611111111114,1,711,7279,One-walk,,,dense,0,False,process,0.08410899599766708,0.08463267199999991,204.75904,147.283968,194.7890625,8.088336,0.090388,1,0,0,0.0,0.0653132623954972,1.0019869438479094,ok,,machine-3a00f8af,,1790851104.1771636
cross_block_leakage/large/s0,synthetic,cross_block_leakage,large,0,400,360,7279,0.050548611111111114,1,711,7279,One-walk,,,dense,1,False,process,0.08106166499783285,0.08108753499999999,204.681216,147.443712,194.9296875,8.088336,0.090388,1,0,0,0.0,0.0653132623954972,1.0019869438479094,ok,,machine-3a00f8af,,1790851105.1477609
cross_block_leakage/large/s0,synthetic,cross_block_leakage,large,0,400,360,7279,0.050548611111111114,1,711,7279,One-walk,,,matrix_free,-1,True,process,0.711701781998272,0.7207202149999999,191.54944,137.846784,182.44921875,8.088336,0.090388,1,31365,31365,31365.0,0.0653132623954961,1.0019869438474698,ok,,machine-3a00f8af,,1790851106.1540997
cross_block_leakage/large/s0,synthetic,cross_block_leakage,large,0,400,360,7279,0.050548611111111114,1,711,7279,One-walk,,,matrix_free,0,False,process,0.7095228119978856,0.719606583,191.844352,137.8304,182.70703125,8.088336,0.090388,1,31365,31365,31365.0,0.0653132623954961,1.0019869438474698,ok,,machine-3a00f8af,,1790851107.7566366
cross_block_leakage/large/s0,synthetic,cross_block_leakage,large,0,400,360,7279,0.050548611111111114,1,711,7279,One-walk,,,matrix_free,1,False,process,0.7083765989991662,0.719343265,191.655936,137.957376,182.48046875,8.088336,0.090388,1,31365,31365,31365.0,0.0653132623954961,1.0019869438474698,ok,,machine-3a00f8af,,1790851109.3723376
cross_block_leakage/large/s0,synthetic,cross_block_leakage,large,0,400,360,7279,0.050548611111111114,1,711,7279,Two-walk,1.0,,dense,-1,True,process,0.08502699900054722,0.08553000799999999,205.950976,148.733952,196.4375,8.088336,0.090388,1,0,0,0.0,0.32014266807562664,1.1109205190098876,ok,,machine-3a00f8af,,1790851110.9773152
cross_block_leakage/large/s0,synthetic,cross_block_leakage,large,0,400,360,7279,0.050548611111111114,1,711,7279,Two-walk,1.0,,dense,0,False,process,0.08557264399860287,0.08579235500000004,206.159872,148.615168,196.4765625,8.088336,0.090388,1,0,0,0.0,0.32014266807562664,1.1109205190098876,ok,,machine-3a00f8af,,1790851111.9566908
cross_block_leakage/large/s0,synthetic,cross_block_leakage,large,0,400,360,7279,0.050548611111111114,1,711,7279,Two-walk,1.0,,dense,1,False,process,0.0853750329988543,0.08581302800000001,206.163968,148.307968,196.44140625,8.088336,0.090388,1,0,0,0.0,0.32014266807562664,1.1109205190098876,ok,,machine-3a00f8af,,1790851112.9480627
cross_block_leakage/large/s0,synthetic,cross_block_leakage,large,0,400,360,7279,0.050548611111111114,1,711,7279,Two-walk,1.0,,matrix_free,-1,True,process,0.060521580002387054,0.06114008100000001,191.844352,138.17856,182.2578125,8.088336,0.090388,1,1344,1344,1344.0,0.3201426680756246,1.110920519009946,ok,,machine-3a00f8af,,1790851113.9289496
cross_block_leakage/large/s0,synthetic,cross_block_leakage,large,0,400,360,7279,0.050548611111111114,1,711,7279,Two-walk,1.0,,matrix_free,0,False,process,0.06019291300253826,0.060815465999999985,191.864832,138.215424,182.5,8.088336,0.090388,1,1344,1344,1344.0,0.3201426680756246,1.110920519009946,ok,,machine-3a00f8af,,1790851114.8821347
cross_block_leakage/large/s0,synthetic,cross_block_leakage,large,0,400,360,7279,0.050548611111111114,1,711,7279,Two-walk,1.0,,matrix_free,1,False,process,0.059587946998362895,0.060294377000000066,191.840256,138.17856,182.81640625,8.088336,0.090388,1,1344,1344,1344.0,0.3201426680756246,1.110920519009946,ok,,machine-3a00f8af,,1790851115.838125
cross_block_leakage/large/s0,synthetic,cross_block_leakage,large,0,400,360,7279,0.050548611111111114,1,711,7279,Two-walk-Auto,,"1,2,4,6,8,12",dense,-1,True,process,0.5037289399988367,0.50654536,226.627584,165.13024,215.84375,8.088336,0.090388,6,0,0,0.0,0.5851988902802921,1.061552155712023,ok,,machine-3a00f8af,,1790851116.7992475
cross_block_leakage/large/s0,synthetic,cross_block_leakage,large,0,400,360,7279,0.050548611111111114,1,711,7279,Two-walk-Auto,,"1,2,4,6,8,12",dense,0,False,process,0.5089668639993761,0.5102987449999999,226.5088,164.61824,215.50390625,8.088336,0.090388,6,0,0,0.0,0.5851988902802921,1.061552155712023,ok,,machine-3a00f8af,,1790851118.1819012
cross_block_leakage/large/s0,synthetic,cross_block_leakage,large,0,400,360,7279,0.050548611111111114,1,711,7279,Two-walk-Auto,,"1,2,4,6,8,12",dense,1,False,process,0.5058004989987239,0.5087457679999999,226.742272,165.351424,216.07421875,8.088336,0.090388,6,0,0,0.0,0.5851988902802921,1.061552155712023,ok,,machine-3a00f8af,,1790851119.5953262
cross_block_leakage/large/s0,synthetic,cross_block_leakage,large,0,400,360,7279,0.050548611111111114,1,711,7279,Two-walk-Auto,,"1,2,4,6,8,12",matrix_free,-1,True,process,0.46238879399970756,0.4661980309999999,191.930368,137.744384,182.69140625,8.088336,0.090388,6,10767,2929,1794.5,0.5851988902802923,1.061552155712009,ok,,machine-3a00f8af,,1790851121.0081856
cross_block_leakage/large/s0,synthetic,cross_block_leakage,large,0,400,360,7279,0.050548611111111114,1,711,7279,Two-walk-Auto,,"1,2,4,6,8,12",matrix_free,0,False,process,0.45419651200063527,0.457725249,191.991808,138.203136,182.67578125,8.088336,0.090388,6,10767,2929,1794.5,0.5851988902802923,1.061552155712009,ok,,machine-3a00f8af,,1790851122.378964
cross_block_leakage/large/s0,synthetic,cross_block_leakage,large,0,400,360,7279,0.050548611111111114,1,711,7279,Two-walk-Auto,,"1,2,4,6,8,12",matrix_free,1,False,process,0.4532730179998907,0.45761512399999993,192.032768,138.305536,182.9296875,8.088336,0.090388,6,10767,2929,1794.5,0.5851988902802923,1.061552155712009,ok,,machine-3a00f8af,,1790851123.7202194
cross_block_leakage/large/s1,synthetic,cross_block_leakage,large,1,400,360,7331,0.050909722222222224,1,721,7331,One-walk,,,dense,-1,True,process,0.08550977599952603,0.08596867800000008,205.422592,147.226624,195.89453125,8.317456,0.091012,1,0,0,0.0,0.0697860655830546,1.0030510458781516,ok,,machine-3a00f8af,,1790851125.0859778
cross_block_leakage/large/s1,synthetic,cross_block_leakage,large,1,400,360,7331,0.050909722222222224,1,721,7331,One-walk,,,dense,0,False,process,0.08485315399957472,0.085279573,205.139968,147.591168,195.19921875,8.317456,0.091012,1,0,0,0.0,0.0697860655830546,1.0030510458781516,ok,,machine-3a00f8af,,1790851126.0782044
cross_block_leakage/large/s1,synthetic,cross_block_leakage,large,1,400,360,7331,0.050909722222222224,1,721,7331,One-walk,,,dense,1,False,process,0.0838370550009131,0.08430358699999996,205.369344,147.853312,195.6796875,8.317456,0.091012,1,0,0,0.0,0.0697860655830546,1.0030510458781516,ok,,machine-3a00f8af,,1790851127.0633895
cross_block_leakage/large/s1,synthetic,cross_block_leakage,large,1,400,360,7331,0.050909722222222224,1,721,7331,One-walk,,,matrix_free,-1,True,process,0.872339411998837,0.8816841859999999,191.823872,138.174464,182.484375,8.317456,0.091012,1,38645,38645,38645.0,0.06978606558306384,1.0030510458777768,ok,,machine-3a00f8af,,1790851128.0365977
cross_block_leakage/large/s1,synthetic,cross_block_leakage,large,1,400,360,7331,0.050909722222222224,1,721,7331,One-walk,,,matrix_free,0,False,process,0.8666610199979914,0.8795701650000001,191.893504,138.244096,182.44921875,8.317456,0.091012,1,38645,38645,38645.0,0.06978606558306384,1.0030510458777768,ok,,machine-3a00f8af,,1790851129.8045156
cross_block_leakage/large/s1,synthetic,cross_block_leakage,large,1,400,360,7331,0.050909722222222224,1,721,7331,One-walk,,,matrix_free,1,False,process,0.8737497399997665,0.8850679530000001,191.725568,137.961472,182.453125,8.317456,0.091012,1,38645,38645,38645.0,0.06978606558306384,1.0030510458777768,ok,,machine-3a00f8af,,1790851131.5890732
cross_block_leakage/large/s1,synthetic,cross_block_leakage,large,1,400,360,7331,0.050909722222222224,1,721,7331,Two-walk,1.0,,dense,-1,True,process,0.09044986099979724,0.090970361,206.467072,148.84864,196.6484375,8.317456,0.091012,1,0,0,0.0,0.3164059504628421,1.1613316417090656,ok,,machine-3a00f8af,,1790851133.3593864
cross_block_leakage/large/s1,synthetic,cross_block_leakage,large,1,400,360,7331,0.050909722222222224,1,721,7331,Two-walk,1.0,,dense,0,False,process,0.09095306600283948,0.09153164199999997,206.62272,149.147648,196.95703125,8.317456,0.091012,1,0,0,0.0,0.3164059504628421,1.1613316417090656,ok,,machine-3a00f8af,,1790851134.3518124
cross_block_leakage/large/s1,synthetic,cross_block_leakage,large,1,400,360,7331,0.050909722222222224,1,721,7331,Two-walk,1.0,,dense,1,False,process,0.08984309199877316,0.09038471000000003,206.282752,148.905984,196.953125,8.317456,0.091012,1,0,0,0.0,0.3164059504628421,1.1613316417090656,ok,,machine-3a00f8af,,1790851135.3455179
cross_block_leakage/large/s1,synthetic,cross_block_leakage,large,1,400,360,7331,0.050909722222222224,1,721,7331,Two-walk,1.0,,matrix_free,-1,True,process,0.11339199599751737,0.11471413899999994,191.881216,137.859072,182.40625,8.317456,0.091012,1,2991,2991,2991.0,0.31640595046283954,1.161331641709058,ok,,machine-3a00f8af,,1790851136.3324018
cross_block_leakage/large/s1,synthetic,cross_block_leakage,large,1,400,360,7331,0.050909722222222224,1,721,7331,Two-walk,1.0,,matrix_free,0,False,process,0.11417696900025476,0.11567189500000008,191.922176,137.715712,182.68359375,8.317456,0.091012,1,2991,2991,2991.0,0.31640595046283954,1.161331641709058,ok,,machine-3a00f8af,,1790851137.369361
cross_block_leakage/large/s1,synthetic,cross_block_leakage,large,1,400,360,7331,0.050909722222222224,1,721,7331,Two-walk,1.0,,matrix_free,1,False,process,0.11219109000012395,0.11361016499999999,192.012288,138.432512,182.80859375,8.317456,0.091012,1,2991,2991,2991.0,0.31640595046283954,1.161331641709058,ok,,machine-3a00f8af,,1790851138.3741918
cross_block_leakage/large/s1,synthetic,cross_block_leakage,large,1,400,360,7331,0.050909722222222224,1,721,7331,Two-walk-Auto,,"1,2,4,6,8,12",dense,-1,True,process,0.5318444469994574,0.529920449,227.319808,165.7856,216.2890625,8.317456,0.091012,6,0,0,0.0,0.5998612051881804,1.0870963800136302,ok,,machine-3a00f8af,,1790851139.3741972
cross_block_leakage/large/s1,synthetic,cross_block_leakage,large,1,400,360,7331,0.050909722222222224,1,721,7331,Two-walk-Auto,,"1,2,4,6,8,12",dense,0,False,process,0.5214122100005625,0.52426569,227.483648,165.326848,216.6484375,8.317456,0.091012,6,0,0,0.0,0.5998612051881804,1.0870963800136302,ok,,machine-3a00f8af,,1790851140.807622
cross_block_leakage/large/s1,synthetic,cross_block_leakage,large,1,400,360,7331,0.050909722222222224,1,721,7331,Two-walk-Auto,,"1,2,4,6,8,12",dense,1,False,process,0.5235765040015394,0.526524307,227.516416,165.855232,216.5078125,8.317456,0.091012,6,0,0,0.0,0.5998612051881804,1.0870963800136302,ok,,machine-3a00f8af,,1790851142.2058475
cross_block_leakage/large/s1,synthetic,cross_block_leakage,large,1,400,360,7331,0.050909722222222224,1,721,7331,Two-walk-Auto,,"1,2,4,6,8,12",matrix_free,-1,True,process,0.9721213140001055,0.985507351,191.709184,138.063872,182.4921875,8.317456,0.091012,6,26675,8286,4445.833333333333,0.5998612051881802,1.0870963800135924,ok,,machine-3a00f8af,,1790851143.6259327
cross_block_leakage/large/s1,synthetic,cross_block_leakage,large,1,400,360,7331,0.050909722222222224,1,721,7331,Two-walk-Auto,,"1,2,4,6,8,12",matrix_free,0,False,process,0.9802612879975641,0.989902139,191.778816,137.87136,182.328125,8.317456,0.091012,6,26675,8286,4445.833333333333,0.5998612051881802,1.0870963800135924,ok,,machine-3a00f8af,,1790851145.5102832
cross_block_leakage/large/s1,synthetic,cross_block_leakage,large,1,400,360,7331,0.050909722222222224,1,721,7331,Two-walk-Auto,,"1,2,4,6,8,12",matrix_free,1,False,process,0.965039358001377,0.9776471959999999,191.758336,138.0352,182.66015625,8.317456,0.091012,6,26675,8286,4445.833333333333,0.5998612051881802,1.0870963800135924,ok,,machine-3a00f8af,,1790851147.3882585
