family,size,seed,a_2-SUM|Original,a_Band@10%|Original,a_MWB-AUC|Original,a_2-SUM|Marginal,a_Band@10%|Marginal,a_MWB-AUC|Marginal,a_2-SUM|HC+OLO,a_Band@10%|HC+OLO,a_MWB-AUC|HC+OLO,a_2-SUM|One-walk,a_Band@10%|One-walk,a_MWB-AUC|One-walk,a_2-SUM|CA-SVD,a_Band@10%|CA-SVD,a_MWB-AUC|CA-SVD,a_2-SUM|Median,a_Band@10%|Median,a_MWB-AUC|Median,a_2-SUM|TW,a_Band@10%|TW,a_MWB-AUC|TW,a_alpha,b_2-SUM|Original,b_Band@10%|Original,b_MWB-AUC|Original,b_2-SUM|Marginal,b_Band@10%|Marginal,b_MWB-AUC|Marginal,b_2-SUM|HC+OLO,b_Band@10%|HC+OLO,b_MWB-AUC|HC+OLO,b_2-SUM|One-walk,b_Band@10%|One-walk,b_MWB-AUC|One-walk,b_2-SUM|CA-SVD,b_Band@10%|CA-SVD,b_MWB-AUC|CA-SVD,b_2-SUM|Median,b_Band@10%|Median,b_MWB-AUC|Median,b_2-SUM|TW,b_Band@10%|TW,b_MWB-AUC|TW,b_alpha
Family A: Clean one-to-one,Small,0,17.630155683298668,0.1756715967401147,0.4241309487876044,15.349185670843724,0.21219438575309388,0.45361077573196495,12.188584609248988,0.5288258376094175,0.6723324781165108,0.9369036589823956,0.8056142469061274,0.8924879263507396,0.7359122470377112,0.8605493510413522,0.9160692725626322,0.7793946354138448,0.9547238152731663,0.939983901800986,0.5074804952995705,0.9097494717778448,0.9336766777341786,6.0,17.630155683298668,0.15303350437669785,0.11425484931767994,15.349185670843724,0.1916691820102626,0.14518563235738002,12.188584609248988,0.4862662239661938,0.27699493224458677,0.5781338083815593,0.8599456685783278,0.5670166965860168,0.7359122470377112,0.809236341684274,0.5233609226809857,0.7793946354138448,0.9348022939933595,0.5740702495750392,0.5074804952995707,0.8813763960156957,0.5622984415460625,6.0
Family A: Clean one-to-one,Small,1,17.299770207221357,0.21945764607212748,0.44361545988258316,10.784722730132055,0.26279004752585966,0.5319751188146492,12.852281711627892,0.310875034945485,0.5015550740844283,0.5269174688731089,0.9043891529214425,0.9316757524927779,0.7048440545054573,0.8691641039977634,0.919613735905321,1.3223431075682741,0.7405647190383002,0.8732119560152828,0.48332978865790416,0.9264746994688287,0.9381872612058522,12.0,17.299770207221357,0.19317864131954152,0.14412253726292248,10.784722730132055,0.23455409561084709,0.1829819166311081,12.852281711627892,0.2899077439194856,0.20743639921722112,0.5269174688731089,0.8697232317584568,0.540190986271942,0.7048440545054573,0.8194017332960581,0.5299354060297514,1.3223431075682741,0.6687168017892088,0.39580359901711226,0.4763888573904403,0.8971204920324294,0.5625708105881142,8.0
Family A: Clean one-to-one,Small,2,17.591926977016538,0.2119595732734419,0.432540239565787,14.077589873443147,0.2624929814710837,0.4860155811341943,13.910000004882558,0.33464345873104995,0.5760633071308253,0.31217644319637655,0.9747332959011791,0.9556078046041551,0.9912857543495428,0.779056709713644,0.8937804136253042,0.9470161683342044,0.8214486243683324,0.8904232172936553,0.3273396080339654,0.9623806850084222,0.9535022459292533,12.0,17.591926977016538,0.18472768107804605,0.13685392594343807,14.077589873443147,0.23666479505895563,0.17011436508171046,13.910000004882558,0.30404267265581136,0.1915541239398327,0.4392461144970812,0.8994946659180236,0.5592511599042526,0.9912857543495428,0.7327344188658057,0.4802890156328496,0.9470161683342044,0.73385738349242,0.39225449924643163,0.4384539333271758,0.8941605839416058,0.5551730252076007,12.0
Family A: Clean one-to-one,Small,3,17.30238816655735,0.21477306437258972,0.44465663008009493,15.572760277070644,0.20409374072975378,0.4469309304855137,9.948033051216427,0.5585879560961139,0.6556412538317018,0.7860860510293723,0.8294274695935924,0.9034225749035895,1.1041376767873607,0.8175615544348858,0.8976441214278651,0.5921732931832415,0.9584692969445269,0.9488467813705133,0.6171835959306587,0.8724414120439039,0.9230631365569069,1.0,17.30238816655735,0.2046870364876891,0.14009586410404537,15.572760277070644,0.1919311776920795,0.1353182719480398,9.948033051216427,0.5253633936517353,0.32198785305000854,0.7860860510293723,0.78018392168496,0.4546050679948165,1.1041376767873607,0.7881934144170869,0.5251604240503364,0.5921732931832415,0.9457134381489173,0.6453652672172868,0.7850482825812473,0.773954316226639,0.4520445284079378,2.0
Family A: Clean one-to-one,Small,4,16.622333011850337,0.21661807580174927,0.4473275024295433,12.722865696114125,0.2661807580174927,0.5055636540330418,10.855387254359417,0.48775510204081635,0.6491982507288631,0.375274828214834,0.9737609329446064,0.9525996112730806,0.7788925717032562,0.8650145772594752,0.9180272108843537,0.9139646936304202,0.8836734693877552,0.9093841107871721,0.39383541072959083,0.9583090379008746,0.9508989310009719,2.0,16.622333011850337,0.1915451895043732,0.13619763694951664,12.722865696114125,0.24198250728862974,0.17794997698327447,10.855387254359417,0.45043731778425655,0.26750038361209144,0.6532825450895255,0.8084548104956268,0.4628816940309958,0.7788925717032562,0.8279883381924198,0.5375019180604572,0.9139646936304202,0.8227405247813411,0.4770753414147613,0.6578528149519426,0.8183673469387756,0.4665797145926039,1.0
Family A: Clean one-to-one,Small,5,16.123704921079927,0.22886297376093295,0.4589285714285714,12.978235144717281,0.2381924198250729,0.497892371234208,6.557150379906279,0.5192419825072886,0.6935677842565597,0.7048213809453845,0.9034985422740525,0.9217079689018464,0.6919181740384969,0.8545189504373177,0.9209608843537415,0.9586967007106219,0.8941690962099126,0.9066144314868806,0.6419710238879389,0.8755102040816326,0.927350583090379,1.0,16.123704921079927,0.21253644314868805,0.14842719042504218,12.978235144717281,0.2139941690962099,0.16311186128586772,6.557150379906279,0.4900874635568513,0.3193493938928955,0.7048213809453844,0.858600583090379,0.5202393739450667,0.6919181740384969,0.8180758017492712,0.5507902409083933,0.9586967007106219,0.8548104956268222,0.4708761700168789,0.6773948294367507,0.8839650145772595,0.5231855148074267,12.0
Family A: Clean one-to-one,Small,6,17.684400376611176,0.1983905911482513,0.42310817084493957,14.52364850715411,0.20891364902506965,0.46325312080883113,1.1920644283614186,0.7084493964716806,0.8714729701846694,1.0024634128062335,0.7771587743732591,0.8800616424223667,1.1394406364405818,0.7836583101207056,0.8895143402455381,1.0220080084376635,0.7923243577839678,0.8908619622407924,0.494632403463529,0.9195295574125658,0.9379255648406066,6.0,17.684400376611176,0.18755803156917364,0.13227125380768542,14.52364850715411,0.1903435468895079,0.15190017755623975,1.1920644283614186,0.6428350355926957,0.40987799117105667,0.4446855206573705,0.9056019808108945,0.595595302089951,1.1394406364405818,0.7502321262766946,0.49736923553079543,1.0220080084376635,0.7174249458372021,0.43413315089022464,0.4798159140197776,0.8891983905911482,0.5781491798204891,12.0
Family A: Clean one-to-one,Small,7,16.994760160588505,0.21755027422303475,0.4438160166565103,13.784715472518592,0.20658135283363802,0.47173344505382897,7.519646261267515,0.2794028031687995,0.5980918647166362,1.4995313274926445,0.5807434491163924,0.8361771277676214,0.7347658010527247,0.8397318708104814,0.9088081454397726,0.6193205451211904,0.9780621572212066,0.9589490656104002,0.5352095988700329,0.9226081657525899,0.9307777269957345,4.0,16.994760160588505,0.20109689213893966,0.14734276275698385,13.784715472518592,0.19165143205362584,0.1450976618878091,7.519646261267515,0.26142595978062155,0.20672568074665637,0.6214168879222646,0.8634978671541743,0.5404278520799255,0.7347658010527247,0.7879341864716636,0.4964880207832194,0.6193205451211904,0.9731870810481413,0.6759998717085217,0.5352095988700329,0.8790371724558196,0.5399948683408705,4.0
Family A: Clean one-to-one,Small,8,16.186213401029683,0.21541105700372387,0.4535889907380884,11.268440104107881,0.2761386422228588,0.5438747254845794,10.093153927878557,0.21741621311945,0.5158920557624367,0.6125367818547478,0.8871383557719851,0.9207187529838633,0.7075403649902783,0.8435978229733601,0.9110629714503963,0.7967453205595667,0.9421369235176167,0.9426322448200133,0.558098246257355,0.8837009452878831,0.9250751933543397,4.0,16.186213401029683,0.1899169292466342,0.13877791011473115,11.268440104107881,0.2526496705814953,0.18210737384854286,10.093153927878557,0.18075050128902892,0.12569162809630782,0.6125367818547478,0.8458894299627614,0.5079829335584737,0.7075403649902783,0.8089372672586651,0.493042259042048,0.7967453205595667,0.9243769693497565,0.621100875936619,0.5873076520653201,0.8435978229733601,0.5056460974837552,1.0
Family A: Clean one-to-one,Small,9,18.149887890798823,0.1927405740011255,0.42960982930031894,13.904632601699953,0.2152504220596511,0.48662305383605325,10.425009109757974,0.4651097355092853,0.6644391296192085,0.35835519519338266,0.9670793472144062,0.9541127368223599,0.7478659193075347,0.8483398987056837,0.9160511630088163,0.66661842758795,0.9226223972988182,0.932335631213656,0.35893466660927004,0.9631401238041644,0.9565688895141625,12.0,18.149887890798823,0.17360720315137873,0.12892811657731837,13.904632601699953,0.19752391671356218,0.14746912300447235,10.425009109757974,0.39898705683736635,0.24951870390664338,0.35835519519338266,0.9403489026449071,0.6274916328525308,0.7478659193075347,0.8185143500281373,0.5336166809821402,0.66661842758795,0.8958919527293191,0.5649379498267334,0.35548157336891417,0.943725379853686,0.6282765157124663,12.0
Family A: Clean one-to-one,Small,10,16.392133433812116,0.21426491994177585,0.4527777777777778,12.231741945525712,0.2727802037845706,0.526649684619117,6.41312322570608,0.4561863173216885,0.7591278505579816,0.3749695492280711,0.9653566229985444,0.9498423095584668,0.5572598076402753,0.9094614264919941,0.9298034934497817,0.48945965496143135,0.9761280931586609,0.9618146530810288,0.35122107770345873,0.9606986899563319,0.9542940320232897,8.0,16.392133433812116,0.19825327510917032,0.1440281927526239,12.231741945525712,0.2526928675400291,0.1796828315329809,6.41312322570608,0.43027656477438136,0.29844480196123496,0.36479125936761414,0.9315866084425036,0.6263234505477667,0.5572598076402753,0.870160116448326,0.5454991189764805,0.48945965496143135,0.9723435225618632,0.6869378686891903,0.35184394326440543,0.9409024745269287,0.6279169539569448,6.0
Family A: Clean one-to-one,Small,11,17.074914797640208,0.20802620802620803,0.4376763126763127,11.926060997869625,0.2861042861042861,0.5401879151879151,12.9521451901581,0.12612612612612611,0.4114341614341614,0.5667213478687567,0.8910728910728911,0.9227807352807353,0.8769859400515118,0.8217308217308217,0.9061789061789062,0.6620085161058354,0.9647829647829648,0.9433353808353807,0.4637654265694123,0.9219219219219219,0.9394166894166895,12.0,17.074914797640208,0.196014196014196,0.14059514059514058,11.926060997869625,0.26235326235326234,0.1994626205152521,12.9521451901581,0.12366912366912367,0.12201675359570097,0.46680638604089,0.8907998907998907,0.588028219607167,0.8769859400515118,0.7810537810537811,0.5208557840136787,0.6620085161058354,0.9443079443079443,0.609063609063609,0.4659782034667879,0.8938028938028938,0.5878557983821142,2.0
Family A: Clean one-to-one,Small,12,16.82955800375895,0.19303890026323486,0.4474992687920445,14.480037843190793,0.19859608072535828,0.45698669201520914,12.166885422884334,0.03685288095934484,0.44807814175684896,0.408908086513238,0.9379935653699912,0.9462684020668812,0.9182739228326078,0.8186604270254461,0.9029504241006142,1.1463441670516346,0.7271131909915179,0.8717583113970947,0.4076828200502881,0.9420883299210295,0.9463658964609535,12.0,16.82955800375895,0.1713951447791752,0.1312633734086606,14.480037843190793,0.16993272886809008,0.1384523021505211,12.166885422884334,0.022228721848493713,0.060128384723141574,0.408908086513238,0.9181047089792337,0.5958036360277706,0.9182739228326078,0.7829774787949693,0.5080586813626639,1.1463441670516346,0.6159695817490495,0.36221733039823895,0.40768282005028816,0.9172272594325827,0.5988670125152012,12.0
Family A: Clean one-to-one,Small,13,16.1907310863553,0.22988826815642457,0.45517923649906894,11.619165307167192,0.28156424581005585,0.5348056331471136,6.303674246985574,0.3553072625698324,0.630231610800745,0.7379233604546174,0.8343575418994413,0.9103933891992552,0.662389487917551,0.9011173184357542,0.9278223929236499,1.2438002342194636,0.8631284916201117,0.8935637802607077,0.6077104218768815,0.8905027932960894,0.9234287709497208,12.0,16.1907310863553,0.20307262569832402,0.1370626286386357,11.619165307167192,0.261731843575419,0.180314613349015,6.303674246985574,0.3019553072625698,0.18934137018523964,0.564125750783624,0.8745810055865921,0.5442957953543077,0.662389487917551,0.8642458100558659,0.5570714495736548,1.2438002342194636,0.8111731843575419,0.45079388415171995,0.6077104218768817,0.8486033519553072,0.5117465451337841,12.0
Family A: Clean one-to-one,Small,14,18.518506679192594,0.21218961625282168,0.4279944977426636,11.174517638776189,0.268058690744921,0.5315262885628292,9.760005418793252,0.09452595936794582,0.5138320635816404,0.7623947099665312,0.8470654627539503,0.9099887133182845,0.7408997976902877,0.8665349887133182,0.9171251881113619,0.7969569767403536,0.9145033860045146,0.9354190180586908,1.036365186599317,0.8329571106094809,0.8996425884123402,1.0,18.518506679192594,0.1935665914221219,0.13370262563858856,11.174517638776189,0.23871331828442438,0.18075026731614588,9.760005418793252,0.09170428893905191,0.10980753237495543,0.7623947099665312,0.8044582392776524,0.4920844719021028,0.7408997976902877,0.8233634311512416,0.5205387905429488,0.7969569767403536,0.9054740406320542,0.6108025424735655,1.079990847722313,0.7454853273137697,0.4632885826303909,1.0
Family A: Clean one-to-one,Small,15,16.83505971740029,0.22768878718535468,0.45848827231121286,14.87922440310268,0.2425629290617849,0.4752991514111365,9.79294383347134,0.244279176201373,0.5869743993135011,0.5641401491195764,0.897883295194508,0.9312070938215105,0.5481287968825409,0.9139016018306636,0.9336503623188407,1.108977355543226,0.8132151029748284,0.8768711861174676,0.37000447744491566,0.9685354691075515,0.9515100591151793,4.0,16.83505971740029,0.2128146453089245,0.15187281705407685,14.87922440310268,0.2299771167048055,0.1566301336866193,9.79294383347134,0.2128146453089245,0.16423280741900517,0.6049912953297933,0.8481121281464531,0.5324732024569434,0.5481287968825409,0.8747139588100686,0.563772130555221,1.108977355543226,0.7122425629290617,0.3476755389618211,0.44470776475430196,0.9144736842105263,0.5678670360110804,6.0
Family A: Clean one-to-one,Small,16,17.00399146150299,0.20190957596180847,0.425565150238697,13.779152703527867,0.2075259758494805,0.4719472526443883,7.815999391075221,0.09884863802302724,0.5298897781522044,0.5266150378128378,0.90873350182533,0.9267059814658803,0.7286586680615545,0.83150800336984,0.9122964055040719,0.7770003138546134,0.9469250210614996,0.9433738182158571,0.4590946468109069,0.8989048020219039,0.9380265374894693,8.0,17.00399146150299,0.17607413647851727,0.12647245747055086,13.779152703527867,0.17747823645043528,0.13978923720421524,7.815999391075221,0.08593091828138164,0.10056311798873764,0.4791399324817586,0.8542544229149115,0.5657044886859103,0.7286586680615545,0.7907891041842179,0.5229607295407854,0.7770003138546134,0.9306374613872508,0.628061307438774,0.45972914080532506,0.8708228025835439,0.575784448484311,6.0
Family A: Clean one-to-one,Small,17,17.271751373532563,0.24309095787496646,0.4512398264913693,11.994406491698467,0.2409444593506842,0.519447053036401,11.64122890529113,0.26697075395760667,0.44478356139880154,0.364013938394179,0.9398980413200966,0.9508205884983455,0.924479789010704,0.7984974510330024,0.8953749664609605,1.364407436311657,0.8902602629460692,0.8974543869063589,0.38456297535593287,0.9380198551113497,0.9474219658348986,2.0,17.271751373532563,0.2235041588408908,0.14874387471227032,11.994406491698467,0.21947947410786156,0.1629361840340051,11.64122890529113,0.24872551650120742,0.17563159306906925,0.36401393839417906,0.9237993023879796,0.6366627596627739,0.924479789010704,0.7472497987657634,0.4656630844618926,1.364407436311657,0.8406224845720418,0.46070636747489857,0.3875721561032777,0.9133351220821035,0.6142516204651688,12.0
Family A: Clean one-to-one,Small,18,15.903402339840229,0.2065186039803865,0.4544635131237381,15.754002983851711,0.1857513700605711,0.4234328429958658,5.727361475281967,0.4966830112489184,0.6773447264686088,0.6770405851880246,0.8321315258148255,0.9099846168637631,0.813195608396446,0.8306893567926161,0.9055439380828768,2.2771485759325913,0.7502163253533314,0.8362957888664552,0.4580352776541802,0.9250072108451111,0.9366226805114892,6.0,15.903402339840229,0.18171329679838477,0.13705159928954203,15.754002983851711,0.1603691952696856,0.12555978929151548,5.727361475281967,0.46005191808479956,0.2976788669105704,0.4686259853758529,0.8788578021344101,0.5619297739589817,0.813195608396446,0.7701182578598211,0.4821246944878782,2.2771485759325913,0.6659936544563023,0.3431906851061891,0.45181278433756666,0.8877992500721085,0.5698692939444082,2.0
Family A: Clean one-to-one,Small,19,18.239369256864926,0.18718381112984822,0.42046093310848787,12.240383277999365,0.26728499156829677,0.512143994753607,4.635866877074422,0.2596964586846543,0.6643830803822374,0.5132055472075858,0.907813378302417,0.9319666947723442,0.6615195194624978,0.87380550871276,0.9252213322091062,0.7723126222680176,0.9325463743676222,0.9219774686153271,0.5228177614173767,0.9055649241146712,0.9299934420086191,8.0,18.239369256864926,0.16245081506464307,0.11952309103280967,12.240383277999365,0.24451939291736932,0.18063075056950978,4.635866877074422,0.22596964586846544,0.19489068370758264,0.5658039246210163,0.8501967397414277,0.5147480843762019,0.6615195194624978,0.8600337268128162,0.5675867577882311,0.7723126222680176,0.8847667228780214,0.49917162214135685,0.5400201544152247,0.8532883642495784,0.5488595011981894,1.0
Family A: Clean one-to-one,Medium,0,17.079453597517567,0.20440251572327045,0.43229322651492463,14.817191464153554,0.20545073375262055,0.46239673804532294,2.9124395451789997,0.5756214435459719,0.7780725890985325,0.31455752470828424,0.9625636418089248,0.9540125536587801,0.5393582241261096,0.8979484875711291,0.9284404013177597,1.4258626757435091,0.6174004192872118,0.8448091369671558,0.29046414581934077,0.9793351302785265,0.958063479584706,12.0,17.079453597517567,0.197214734950584,0.13694613893223623,14.817191464153554,0.19212339023659777,0.13724562979776486,2.9124395451789997,0.5566786463012878,0.34109251115209405,0.31455752470828424,0.9585953878406709,0.6373362651912802,0.5393582241261096,0.879979035639413,0.5572973313787614,1.4258626757435091,0.5640161725067385,0.31900111915007645,0.28996663193360683,0.9713237496256364,0.6482322157595246,8.0
Family A: Clean one-to-one,Medium,1,17.178798735013885,0.19695695389555776,0.4340322909498688,15.596832044656422,0.19473965899533605,0.4491344266890945,11.754723494046429,0.22463491092591176,0.5213653566786453,0.6474642003855953,0.8302622524657849,0.9085620715141322,0.7232077108653077,0.8421133114152458,0.9110326350128706,1.1015004986877464,0.6895787139689579,0.8654331370899917,0.6247504839624671,0.8407370594082116,0.91922006014731,6.0,17.178798735013885,0.18541172872543774,0.13521072349809457,15.596832044656422,0.1848765196115911,0.1306795546094382,11.754723494046429,0.2094196804037006,0.15630520601526754,0.6098683944859066,0.827356831562046,0.5368871755043239,0.7232077108653077,0.8144353543848918,0.5114989476903513,1.1015004986877464,0.6284119581007722,0.341849730986998,0.528933903949269,0.859316461503173,0.5350883899863582,4.0
Family A: Clean one-to-one,Medium,2,16.236329472067965,0.2212449768746683,0.4530321985492961,13.458627900781575,0.21480021229812724,0.47659823843101573,10.497023587736349,0.09348699673970733,0.4500973033083125,0.3998181621388438,0.9316854954886647,0.943622526347714,0.49093127391344343,0.908332701493669,0.9359488336239797,0.6157720734613712,0.8973386913336872,0.9243198246013092,0.4697393678573622,0.908939267571461,0.9312495261202518,2.0,16.236329472067965,0.21199484418833878,0.14237941506279156,13.458627900781575,0.20714231556600196,0.15359689693564413,10.497023587736349,0.08014254302828114,0.08328710927367701,0.3998181621388438,0.9181135794980666,0.5987525489742249,0.49093127391344343,0.89059064371825,0.5888479634144881,0.6157720734613712,0.8683751611191144,0.5277883084388506,0.4697393678573622,0.8842975206611571,0.538610724247878,2.0
Family A: Clean one-to-one,Medium,3,15.93125482688226,0.19392817475009255,0.4469563741824016,13.617659787182882,0.22436134764901888,0.47536714796988766,8.347866051419228,0.12180673824509441,0.5148756633345675,0.36645948283399316,0.9464642724916698,0.947303467851413,0.6559750811447129,0.8490188818955943,0.9147645933604838,0.7994058230686234,0.8528693076638282,0.9033135875601629,0.37481143290105545,0.9417252869307664,0.9465090090090091,12.0,15.93125482688226,0.1853387634209552,0.13493637833940644,13.617659787182882,0.2131803035912625,0.16084880843352364,8.347866051419228,0.10796001480932987,0.10597634404411621,0.36645948283399316,0.9335801554979637,0.6020382314542373,0.6559750811447129,0.8208071084783414,0.5059919328124087,0.7994058230686234,0.8119955572010367,0.44975934838948534,0.37481143290105545,0.9297297297297298,0.6007053917652332,12.0
Family A: Clean one-to-one,Medium,4,17.358487412063486,0.20057666715954459,0.4398303883877963,13.247994337324705,0.2322933609344965,0.4906091354921385,3.5339255847221653,0.4263640396273843,0.7374993839026073,0.8284981833903964,0.7407955049534231,0.8872295332446153,0.7191481714112936,0.8191630933017892,0.9091995662674356,0.9065785013546718,0.7578737246783972,0.8831063014441324,0.4382604711751634,0.9140174478781605,0.9376309206959437,4.0,17.358487412063486,0.18756469022623096,0.138341751169288,13.247994337324705,0.2197249741239095,0.1565522930496432,3.5339255847221653,0.4078811178471093,0.2866175864027954,0.8284981833903964,0.7041253881413574,0.4252239351891484,0.7191481714112936,0.7988318793434867,0.5030234168891102,0.9065785013546718,0.7132929173443738,0.3842151956855024,0.4711979861981152,0.9072157326630194,0.549160680794104,2.0
Family A: Clean one-to-one,Medium,5,17.14500700931967,0.20418378782218902,0.4372727555721579,12.771577970212999,0.24460216660440792,0.5232396339185655,11.905848430138159,0.28771012327231976,0.59786141202839,0.4116460840470231,0.9151288756070228,0.9399094135225998,0.4162066985408908,0.9365707881957415,0.9420168721205329,0.8594744512470345,0.8002988419872992,0.8865894658199478,0.7381263108605587,0.7908853193873739,0.8950348648985182,8.0,17.14500700931967,0.1906611878968995,0.13864302144977686,12.771577970212999,0.23376914456481135,0.17387885103120146,11.905848430138159,0.2672394471423235,0.17358000904390225,0.4116460840470231,0.9016062756817332,0.5822346302813441,0.4162066985408908,0.9202838998879342,0.5979946129799658,0.8594744512470345,0.748225625700411,0.3867054636965967,0.3225194561838806,0.9524841240194247,0.6101527633053497,4.0
Family A: Clean one-to-one,Medium,6,16.60915543574386,0.2046556028785431,0.4323719831595437,14.040357801806039,0.2102364517550301,0.47809883977089146,8.171775045738668,0.21779997062711118,0.5336839721936653,0.43188075409794885,0.9189308268468204,0.9367182528026632,0.554735353785074,0.8777353502716992,0.9245269741029031,1.0443370033316084,0.6854897929211338,0.866409959857052,0.32167986244190466,0.968424144514613,0.951390928672835,8.0,16.60915543574386,0.18666470847407843,0.13682355396495352,14.040357801806039,0.19789983844911146,0.14766060399935071,8.171775045738668,0.21104420619767955,0.15734206274976617,0.43188075409794885,0.9021882802173594,0.5660271621924542,0.554735353785074,0.855044793655456,0.5327082576466132,1.0443370033316084,0.630048465266559,0.3509094000973943,0.31607327911445254,0.9651931267440153,0.6125445424399595,4.0
Family A: Clean one-to-one,Medium,7,16.985691918251273,0.19770600664050708,0.4377216646543918,15.70634129335698,0.1912918804708723,0.4342913648254351,11.802969016633034,0.21415635375792333,0.46541245346614346,0.48407707855158105,0.9048445517657712,0.9299382483147198,0.45623360674664726,0.9228041050407486,0.9395028423382634,0.41685113041597915,0.9707214005433142,0.9539692121943858,0.338305262535824,0.9563839420464836,0.9517274122145085,1.0,16.985691918251273,0.1829157862964081,0.13373155194052141,15.70634129335698,0.1832176275279203,0.1319800784787202,11.802969016633034,0.1964986417144582,0.13391027372233782,0.3123399967232272,0.9591005131300936,0.6270751584666466,0.45623360674664726,0.9074856625415032,0.5976337236087502,0.41685113041597915,0.9637790522185331,0.636245571671406,0.3106787743248727,0.9584968306670691,0.6342756604762737,4.0
Family A: Clean one-to-one,Medium,8,16.52779452745414,0.20428462127008415,0.440845766386126,13.674890344353132,0.2262433052792655,0.4814285258862535,12.746553289766066,0.06235654169854629,0.38979533282325934,0.8653235934553508,0.7388676358071921,0.8815082249426167,0.7510748578822642,0.8150726855394033,0.9035450140270339,1.085256147250547,0.7104055087987758,0.867642183116552,0.34327681960662254,0.9641162968630451,0.9512162076001021,1.0,16.52779452745414,0.19104820198928846,0.1368300245640881,13.674890344353132,0.21331293037490437,0.15401280554101396,12.746553289766066,0.0531752104055088,0.06484919260661216,0.8653235934553508,0.694185156847743,0.3854387307212177,0.7510748578822642,0.7933435348125478,0.47190834776305723,1.085256147250547,0.6479724560061209,0.3399790601216124,0.34327681960662254,0.9517214996174446,0.616220351951033,1.0
Family A: Clean one-to-one,Medium,9,17.473174424560344,0.1984228313931656,0.42749874827888346,16.135048815016674,0.1899361622230567,0.4281981474527475,9.97783203233706,0.3702591062711228,0.5787567280010013,0.5273433576253784,0.8588809613218175,0.924125359869821,0.8139410716129818,0.8104393541119038,0.9035908749530605,1.6022216798994595,0.440781073976718,0.8179199524345976,0.3988721393350731,0.9168606834397296,0.9403617474026786,2.0,17.473174424560344,0.18430341719864815,0.1384785659228808,16.135048815016674,0.18332707472775064,0.12902345988892622,9.97783203233706,0.3469019902365753,0.2063837776943297,0.5098338550962401,0.8589560645888096,0.5092317726347412,0.8139410716129818,0.7921892602328201,0.507765282526632,1.6022216798994595,0.3945925647765678,0.2668893412652924,0.5088215588641476,0.863161847540368,0.501994189378817,1.0
Family A: Clean one-to-one,Medium,10,16.499057710291662,0.2053472784856743,0.44493905133681966,13.61578195537892,0.23142078515135892,0.4869034028135818,12.88285345528935,0.19599322383442586,0.5001595836095357,0.6025900841757967,0.8331000957501657,0.9137051631435517,0.5964733274259866,0.8726522795904839,0.9207130318430679,0.9617198949648079,0.7338881932680268,0.8818682330411725,0.37724923339887534,0.9301760329969802,0.9455512999926345,1.0,16.499057710291662,0.1955512999926346,0.14017514139624673,13.61578195537892,0.22059365102747294,0.16018188654962148,12.88285345528935,0.18818590262944687,0.15084721452301297,0.6025900841757967,0.8068792811372174,0.49188837158817356,0.5964733274259866,0.8487883921337556,0.522931583211546,0.9617198949648079,0.6796052147013332,0.39859979919600874,0.37724923339887534,0.9168446637696104,0.5993727782666506,1.0
Family A: Clean one-to-one,Medium,11,17.657424981707752,0.19703770197486534,0.4277939856373429,10.923380376438722,0.26241771394374624,0.5324905246359466,10.428793580052362,0.33946738479952127,0.5873354278874925,0.275996109538317,0.9716487133453022,0.9583645022940356,0.43710642265036603,0.9201077199281867,0.9392719554159187,0.4617092409728534,0.9647666068222621,0.9528834405545581,0.2697329029546074,0.9743417115499701,0.9590860637342907,6.0,17.657424981707752,0.1822262118491921,0.13460266465085513,10.923380376438722,0.25029922202274085,0.18007260071183345,10.428793580052362,0.33258527827648116,0.2349798418847838,0.275996109538317,0.9684320766008379,0.6564970550253552,0.43710642265036603,0.9048473967684022,0.5839199659831805,0.4617092409728534,0.9532465589467385,0.641827301647296,0.2697329029546074,0.9673099940155595,0.6512921666824151,6.0
Family A: Clean one-to-one,Medium,12,17.47734759480446,0.19301139772045592,0.4262100704859028,15.268250644728582,0.22900419916016795,0.46225598630273945,11.517892669452841,0.11907618476304739,0.5591100529894022,0.5772954347185875,0.8524295140971806,0.9178961082783444,0.7240025141305018,0.8312837432513497,0.9065280693861227,1.4870324474509236,0.495125974805039,0.8312571860627875,0.6289731074753591,0.8213857228554289,0.9130751974605079,12.0,17.47734759480446,0.1833383323335333,0.12572222397625737,15.268250644728582,0.21828134373125374,0.15462302276386827,11.517892669452841,0.10835332933413318,0.10711805007419568,0.6176671391755584,0.8006898620275945,0.49621917721718817,0.7240025141305018,0.8019646070785843,0.4863211568212674,1.4870324474509236,0.45425914817036595,0.3064597606794431,0.6289731074753591,0.7963407318536293,0.4977425567518075,12.0
Family A: Clean one-to-one,Medium,13,16.492591928398088,0.19813673708920188,0.4458947696596244,9.675663681329365,0.28014964788732394,0.564234582844288,8.041312860475012,0.39487969483568075,0.5790557144953051,1.078229356156473,0.6409917840375586,0.8653963712832551,0.7943920745549877,0.7916666666666666,0.9019372310250391,0.7211382150152678,0.8595217136150235,0.9211047535211268,0.5781455362291459,0.8714055164319249,0.9199952318075119,2.0,16.492591928398088,0.18742664319248825,0.14021188534717077,9.675663681329365,0.26591842723004694,0.19278555102545095,8.041312860475012,0.3922388497652582,0.28459352606869287,0.6271020384339612,0.8064113849765259,0.5078684828267853,0.7943920745549877,0.7640111502347418,0.4924210835186557,0.7211382150152678,0.8361942488262911,0.5419369285890784,0.5781455362291459,0.8485915492957746,0.49823171485050655,2.0
Family A: Clean one-to-one,Medium,14,17.112101351726995,0.20433506434861143,0.44444287649582304,12.801508676338901,0.25272823060133964,0.5079197084869923,13.495300006499967,0.16708060510273198,0.4837388048468428,0.3386184835653342,0.9552193873711147,0.9500921953789419,0.5020233671484204,0.9120945284864905,0.9341147989262688,0.5418169188204564,0.9358771731767893,0.932242668272246,0.34621012544363633,0.9504026492059908,0.9488111813552095,8.0,17.112101351726995,0.19447580341687365,0.1427196349419496,12.801508676338901,0.24083690825619025,0.1688948041813724,13.495300006499967,0.1508993753292692,0.1058692112987368,0.3386184835653342,0.9444569880334162,0.6051779935275079,0.5020233671484204,0.8953112064423873,0.5648496947946745,0.5418169188204564,0.9154812975088432,0.5368127928762978,0.361669256166885,0.9324904041544366,0.6001433930276131,12.0
Family A: Clean one-to-one,Medium,15,16.59841207335755,0.21062243189773247,0.4442325495865672,14.460316709605092,0.22424288540556994,0.4911115127073505,14.08001921241922,0.3608278800791356,0.5878211713082738,0.7259539110923622,0.808400547861817,0.9028322046365344,0.7527160633402844,0.8476639780855273,0.9120868842895552,0.3669720253451067,0.9781616192360372,0.9589991376249176,0.3754545708480584,0.9503880687870948,0.9476154694871406,8.0,16.59841207335755,0.19898036828488813,0.1372818364584418,14.460316709605092,0.21275300563080202,0.15284063148283128,14.08001921241922,0.3493380003043677,0.20885229357063334,0.7259539110923622,0.7800943539796074,0.4651979591346347,0.7527160633402844,0.82643433267387,0.5248339994713614,0.3669720253451067,0.9700958758179882,0.6574742288684731,0.5268055294317104,0.9000913103028458,0.5785268604474205,4.0
Family A: Clean one-to-one,Medium,16,15.89597513446098,0.2095982142857143,0.4541511656746031,14.704722310732125,0.2025297619047619,0.4549525669642857,14.5154555751737,0.2199404761904762,0.40291573660714286,0.4594281471678895,0.8961309523809524,0.932328869047619,0.5814111177193665,0.8589285714285714,0.9225818452380952,1.1164142006584,0.6399553571428571,0.861740451388889,0.4798297127643196,0.8843005952380952,0.9303214905753968,8.0,15.89597513446098,0.19992559523809525,0.13871005639097744,14.704722310732125,0.1930059523809524,0.14045661027568923,14.5154555751737,0.21666666666666667,0.14859022556390977,0.9138253258948136,0.6624255952380952,0.3987546992481203,0.5814111177193665,0.8351934523809523,0.5421835839598997,1.1164142006584,0.5948660714285714,0.3575814536340852,0.916713768355871,0.6743303571428572,0.4203634085213033,1.0
Family A: Clean one-to-one,Medium,17,17.08934328318728,0.19465014356959348,0.4298602715228452,13.280150044485776,0.24656188605108054,0.49052472167648986,11.979955987779695,0.1529393985189663,0.561928555236512,0.35294966753707646,0.95194196765906,0.9495633091531913,0.6524638995804487,0.8407888771346531,0.9113678152234145,0.7555192083569628,0.8367840411062415,0.9053007405168505,0.3315755818065346,0.959347136164425,0.9506432295602237,12.0,17.08934328318728,0.18807616744748376,0.13439068428211226,13.280150044485776,0.23311168203113194,0.16255577738361318,11.979955987779695,0.13941363155508538,0.12037972367824502,0.5607542001434782,0.8546168958742633,0.4811808499638093,0.6524638995804487,0.8100347589542088,0.488625788439665,0.7555192083569628,0.7985491914764999,0.4674204401740334,0.5200185459316197,0.8704851141000454,0.49921255458428443,4.0
Family A: Clean one-to-one,Medium,18,17.02691816784727,0.19275373304024862,0.4297670481821168,14.793119242237898,0.21769119987872357,0.4626538063114278,16.3503387383553,0.19260213749715757,0.39636865509487357,0.8368116845773498,0.7422875767452437,0.8822371080623563,0.8613503634758348,0.7650269082088986,0.8882693473811871,0.7143142152675098,0.8487834457666945,0.902711981101089,0.3096003384619734,0.9506556507238687,0.9530701255716416,1.0,17.02691816784727,0.17979231410596527,0.12704504382308002,14.793119242237898,0.20670052300462366,0.14259555505910232,16.3503387383553,0.1863109224588797,0.13274184475818518,0.8368116845773498,0.7011293867960282,0.3858824655818277,0.8613503634758348,0.7284923823239596,0.4328890520092393,0.7143142152675098,0.8117941332524824,0.4264143265766933,0.3096003384619734,0.9390585916774047,0.6254792214372057,1.0
Family A: Clean one-to-one,Medium,19,17.1380161647155,0.19675925925925927,0.43714219932297893,11.892449288821123,0.24589307048984468,0.5181124925328555,8.370166989735543,0.4628882915173238,0.6089689740143369,0.8863379095125955,0.744399641577061,0.8869925453006771,0.5403855180526077,0.8876941457586619,0.9301697530864198,0.875000428298113,0.7921893667861409,0.8901660817403425,0.6616419565497146,0.8032407407407407,0.9064646804062126,1.0,17.1380161647155,0.18891875746714457,0.13664874551971326,11.892449288821123,0.23319892473118278,0.17537571527384774,8.370166989735543,0.4477299880525687,0.29247233226435265,0.8863379095125955,0.7194593787335722,0.43749213984782737,0.5403855180526077,0.867458183990442,0.5635886310758976,0.875000428298113,0.7441009557945042,0.40697509903791734,0.5151269828940797,0.8521505376344086,0.5363335534175941,2.0
Family A: Clean one-to-one,Large,0,16.777060955948734,0.2033617970613124,0.43587767969330976,15.062348225978415,0.20115008846834373,0.4494047619047619,14.90940933723859,0.1520309254558043,0.3613775578890684,0.3968835552185101,0.9091276252019386,0.9381098225504527,0.5248926949510665,0.8744518809139165,0.9263048279354823,0.5487348409724141,0.8979152242480191,0.9204698438341411,0.333377131328761,0.9435341180090776,0.9463684706515886,2.0,16.777060955948734,0.1973805677359797,0.14171737906964502,15.062348225978415,0.19622663281790906,0.13895097193711256,14.90940933723859,0.14816524348026772,0.10446856235904788,0.5639525014083303,0.830948534502654,0.4810430761880468,0.5248926949510665,0.8645088083698746,0.5565073831590285,0.5487348409724141,0.8844334179552273,0.5030144019175564,0.333377131328761,0.9374951919378414,0.6028692490515465,2.0
Family A: Clean one-to-one,Large,1,17.128789974141196,0.19934276270274426,0.436015450841725,12.283701835321809,0.2295333999538781,0.49943588733440947,9.104314451406632,0.13200476593127836,0.47615472941809517,0.3028015421140856,0.9539741717272657,0.9495677671868195,0.4769220522455154,0.8906910600353601,0.9269948529223359,0.6432001905726689,0.8265239449611808,0.9043915110052017,0.38578562340369166,0.9088899992313014,0.9400110820713865,8.0,17.128789974141196,0.19455761395956644,0.1409226810588621,12.283701835321809,0.2237681605042663,0.15808286570835578,9.104314451406632,0.12746944423091705,0.09678218723070262,0.5803190571656461,0.8096510108386502,0.47027665057793994,0.4769220522455154,0.8771619647936044,0.5436539885342535,0.6432001905726689,0.8065954339303559,0.4547782709136589,0.409658882635636,0.9082750403566762,0.5517516213471646,1.0
Family A: Clean one-to-one,Large,2,16.565929788628658,0.19369939756724608,0.4360530741977156,13.053824695943822,0.21440082882468056,0.4783568678612998,8.378620858864213,0.24089635854341737,0.5401162177199648,0.8952979436134003,0.7039254057787498,0.8796069797782127,0.7875150566115598,0.7541920877940217,0.8889656319148664,0.6847052759869011,0.834330992671041,0.9076273774349923,0.42106429662872424,0.9028433291124669,0.9334542035992479,6.0,16.565929788628658,0.18851924331376385,0.13722460866105635,13.053824695943822,0.20868347338935575,0.15002958645606765,8.378620858864213,0.23734699359195732,0.18944621828543964,0.4553348553558562,0.8754460688384943,0.5459771507737919,0.7875150566115598,0.735351674916542,0.42640646741753657,0.6847052759869011,0.8155481370630444,0.48193105648892565,0.5870103090728992,0.817505084225471,0.4755654244394225,2.0
Family A: Clean one-to-one,Large,3,16.837003842654,0.18271968391082877,0.42855672948422463,14.013417389124005,0.20141000561678063,0.4611025837190835,8.559185328887416,0.328852820979644,0.6025877541270426,0.4429423619555059,0.8954116712827564,0.9294702633430819,0.42454081618836687,0.907807325056652,0.9342481584061254,0.5528232032858966,0.8783676473436501,0.9173175191906672,0.4555423698871656,0.8842555828862505,0.9275943715984584,2.0,16.837003842654,0.17665743448703297,0.1305407094269151,14.013417389124005,0.19540586082004996,0.1391585430621546,8.559185328887416,0.32149290155139354,0.23522791794811157,0.4429423619555059,0.8846429470666848,0.5366798200591444,0.42454081618836687,0.8980263795006875,0.5722714525850952,0.5528232032858966,0.8631442350525846,0.49093007159101676,0.44743210086742174,0.8820476070577754,0.5263749134801716,1.0
Family A: Clean one-to-one,Large,4,17.07811477020358,0.19280093818566996,0.4277020125595824,14.99884114708158,0.19942119996973595,0.44929155317646463,13.124895217764458,0.14042520995687371,0.48313803561070345,0.3346123448706846,0.9362374215026102,0.9469169283246325,0.5624075743332206,0.8478285541348264,0.9188675096466671,0.8231481849970553,0.7526102746462888,0.8832205524450834,0.31984510742065264,0.9461110690777029,0.9495587280270359,1.0,17.07811477020358,0.18913142165393054,0.13204585004161307,14.99884114708158,0.19291442838768252,0.13911708604946582,13.124895217764458,0.13567753650601497,0.11626473879334033,0.6571669485256613,0.7785049557388212,0.4325450078248508,0.5624075743332206,0.8349285011727321,0.5278479072008538,0.8231481849970553,0.7274532798668382,0.3871489270198269,0.31984510742065264,0.9408337746841189,0.6131746196087177,1.0
Family A: Clean one-to-one,Large,5,16.884665845357393,0.18918556543058535,0.42934631665645107,15.32477078200625,0.19728777198896721,0.44708665338645415,11.748619502762685,0.1368947287771989,0.4921966780314639,0.3726266164023646,0.9315622126877107,0.9413878939370722,0.5620863917407326,0.8579336500153233,0.9194388312136073,0.9961296659611198,0.6424494330370825,0.8688092182551843,0.40698477861145743,0.9120632853202574,0.9377406240422924,12.0,16.884665845357393,0.18564204719583205,0.13338044582802394,15.32477078200625,0.19175222188170396,0.13751371034082296,11.748619502762685,0.13042062519154152,0.11933944384405697,0.3726266164023646,0.9237856267238738,0.5840907624562478,0.5620863917407326,0.8448513637756666,0.5312162282045905,0.9961296659611198,0.6201348452344468,0.3779537719567076,0.37105535271830503,0.9299724180202268,0.5829273997128893,8.0
Family A: Clean one-to-one,Large,6,16.834569657483687,0.1972149827838758,0.4366352305946063,14.705351113250215,0.21424087355184812,0.4643237043519065,5.516829895899092,0.2631689082504233,0.6318170937406865,0.8949949104016798,0.6808453973024902,0.8741498944204539,0.47130612465282595,0.8975402819259231,0.9284809544644612,0.888090340030925,0.7028363802385527,0.8763435235033387,0.3499837092441878,0.9387828866018605,0.9436980424981453,12.0,16.834569657483687,0.1913938402419769,0.13714027111265523,14.705351113250215,0.20988452831624402,0.1488025807666006,5.516829895899092,0.2518309966328685,0.1730773659279936,0.34321434215230173,0.9336465843590085,0.5915848746411848,0.47130612465282595,0.8846424562938726,0.541552484898971,0.888090340030925,0.677364125782335,0.3751332885450448,0.343315734373906,0.9341411912416535,0.5891659065673581,8.0
Family A: Clean one-to-one,Large,7,16.4275379070033,0.1978690138398286,0.4424297553097715,14.282922183413765,0.21852259347192465,0.47405152778582044,13.584821231186206,0.33746404925975254,0.5452834559036424,0.40716163452906046,0.9104754183797557,0.9383871066329518,0.6436372679503093,0.8511784121836817,0.9191876419531467,1.0247346685472671,0.6343351284575444,0.8593694706635526,0.28298905345772707,0.9689424209083715,0.9534164462974758,12.0,16.4275379070033,0.1935259713938271,0.1395604942636283,14.282922183413765,0.2131565232497539,0.15005795802843144,13.584821231186206,0.3258053930935974,0.1866766632836652,0.6277885620297529,0.8115119578435347,0.4634529168482617,0.6436372679503093,0.8437469839983014,0.5634008003389097,1.0247346685472671,0.6048796494682186,0.3319384801688047,0.28298905345772707,0.9636342579188141,0.6266720713417105,12.0
Family A: Clean one-to-one,Large,8,16.796961963525305,0.18788084592600976,0.43222436030461386,15.314637482102967,0.21510366555360613,0.4657659208532206,14.507383540081985,0.09355368158922406,0.3615587721118595,0.6423441077424697,0.811421133057898,0.9039537230931765,0.7585375984431468,0.7973475201388496,0.9039714094364896,0.7418046898346863,0.8092138774124172,0.8938198414045943,0.5008591532795289,0.8950893278246269,0.9263976927575605,8.0,16.796961963525305,0.1835040655007829,0.1331005934668013,15.314637482102967,0.20982134435074612,0.14834584905866458,14.507383540081985,0.09047861603184484,0.0849162920885325,0.6423441077424697,0.7953289188220424,0.4577667497738631,0.7585375984431468,0.7865942234044561,0.5116732348160571,0.7418046898346863,0.7876695530778953,0.412338787429267,0.4939902232380893,0.8944479031071368,0.5480418177142443,2.0
Family A: Clean one-to-one,Large,9,16.758210995357317,0.1964555622732769,0.4366230224707779,10.904854543398214,0.26229972793228534,0.5304489904524385,13.887260931212777,0.4453597339782346,0.617087915029222,0.3801035489900918,0.9163202841596131,0.9400175710399032,0.4016084251681414,0.9175861547762999,0.9411173354997985,0.6315009908467617,0.8534235187424426,0.9095831443974205,0.38459522187279815,0.9225173821039904,0.9405993362051592,8.0,16.758210995357317,0.19243122732769044,0.1393034430089735,10.904854543398214,0.25597037484885127,0.18464209571692228,13.887260931212777,0.4409764207980653,0.29447750270476675,0.6765195006590429,0.7830826783555018,0.45191779895627826,0.4016084251681414,0.9106333131801693,0.6030983500922803,0.6315009908467617,0.8349833736396615,0.4742291414752117,0.6212402922045898,0.8018062273276905,0.46357514478457335,1.0
Family A: Clean one-to-one,Large,10,16.562757236077626,0.1949838034438993,0.43455036402785935,12.871655485957897,0.22421337778703895,0.485114480920899,12.218867719020741,0.1997006952205952,0.5528921745060524,0.4530460355619061,0.884540339843528,0.92951656595124,0.4766383576224947,0.8869840307639849,0.927525936590325,0.9052137724905898,0.6885335960143212,0.8736281864277281,0.49681903706322195,0.864365682244407,0.9239523543414979,12.0,16.562757236077626,0.18952812138892572,0.13580680185564972,12.871655485957897,0.2190229024986266,0.15375511844074374,12.218867719020741,0.1953437269128038,0.1504938728263763,0.6777056556080222,0.7613517967758434,0.4377357324243189,0.4766383576224947,0.8742919926499839,0.5481554669982082,0.9052137724905898,0.6606111121635189,0.3701797922414059,0.6853559539713714,0.7472390081266931,0.4546411682657172,4.0
Family A: Clean one-to-one,Large,11,16.817442585319757,0.19261563274004953,0.4329739710334146,14.386026849641537,0.21573258068851642,0.4648041747467184,4.533525054079936,0.49017913714647776,0.7184669981887883,0.6336715922875967,0.7979763070483651,0.906322200462083,0.6758580656429726,0.8319605245473571,0.9150498563190804,0.9790639727026682,0.6510569667645872,0.8650543363477528,0.571799339492881,0.8301941132423247,0.913718647799346,4.0,16.817442585319757,0.18725879845631013,0.13600255462687594,14.386026849641537,0.20972294222683024,0.14659091712923805,4.533525054079936,0.48167348271028937,0.3241799273831142,0.6336715922875967,0.7837682161165831,0.4748776497432742,0.6758580656429726,0.8243188756408041,0.553610279947897,0.9790639727026682,0.6237159917823474,0.34750908721605295,0.571799339492881,0.8168884280859398,0.4938999188542175,4.0
Family A: Clean one-to-one,Large,12,16.577479851312948,0.20037193768146194,0.4363206950427286,10.189232685512344,0.2632597681082415,0.5443692240545002,10.412216254638727,0.16849156498472398,0.5277925372095817,0.506606903275763,0.8704670095071826,0.9199827947194972,0.6223209702824228,0.8358540334364385,0.9102494765672935,0.7119009615676829,0.7996470387308575,0.900812664857582,0.571147624966545,0.8552858796515931,0.9183749391173439,2.0,16.577479851312948,0.19473594322257434,0.1393028465617238,10.189232685512344,0.25703550486744975,0.18907897483428096,10.412216254638727,0.16215344327001538,0.13634252623988385,0.506606903275763,0.8579615537886407,0.49912858317111825,0.6223209702824228,0.818528568988747,0.48650527394448706,0.7119009615676829,0.7783744805207128,0.452541490926778,0.5405118990951931,0.8583790348596694,0.5212460911087518,1.0
Family A: Clean one-to-one,Large,13,16.923621988710064,0.19404923434774182,0.4343053401822059,14.971899266118225,0.17968598565613492,0.4433263875428054,8.65508851355633,0.35336305485559216,0.5986104380693933,0.4734541789055701,0.879453382438457,0.9263507947276605,0.9680203663444729,0.6682690443884474,0.8711822381598502,1.3267481294890466,0.49435937197131224,0.8340020675841572,0.5983008711240636,0.8269238224462105,0.9113293112360278,1.0,16.923621988710064,0.18860244233378562,0.13462523336835985,14.971899266118225,0.17515022291141694,0.12871119453994553,8.65508851355633,0.3381469276991665,0.18600708011548547,0.8323722433231442,0.6909672417135103,0.38706501668009924,0.9680203663444729,0.6470633843768172,0.39283928953999653,1.3267481294890466,0.4733087807714673,0.30860937962273394,0.44261057727762193,0.8870711378174064,0.5368247620407872,6.0
Family A: Clean one-to-one,Large,14,16.59356231140585,0.19091659151524454,0.43692717027713285,14.451738979920886,0.21083331734366906,0.4732984598755364,6.488173233271054,0.2337433083254984,0.6000165493025309,0.3907412138646568,0.9220216052343765,0.9353497898958113,0.5134554677305205,0.8781587581787133,0.9275184520725803,0.8872116991451338,0.7091735901913003,0.875538451944663,0.38497571501971306,0.9231152982711975,0.938529734379697,1.0,16.59356231140585,0.18523706276263024,0.13550685047711475,14.451738979920886,0.20371471880576394,0.1445361297404726,6.488173233271054,0.22911909741543066,0.17688439876674245,0.44259318531518366,0.8911295738434676,0.5268025485168492,0.5134554677305205,0.8694092138841453,0.5664178674904542,0.8872116991451338,0.6823301417963429,0.3671849674265292,0.38497571501971306,0.9141930656023947,0.5733344913216518,1.0
Family A: Clean one-to-one,Large,15,16.368493287035083,0.19688559683255347,0.4399927223243097,14.052911294290778,0.21618959213442704,0.4729498582352979,15.28191577239334,0.10894727868604012,0.33660315671156404,0.3272638728943322,0.9397010627616648,0.9470095225465867,0.4565194922849563,0.9045408907496164,0.9322343411572295,0.5446017587844498,0.8863735389395117,0.9156965730198724,0.45010022617942,0.8866955879288461,0.931602083214933,4.0,16.368493287035083,0.19152442836304392,0.13882305551705806,14.052911294290778,0.21069581525754447,0.15087745886397466,15.28191577239334,0.10714759315740618,0.09525969811147682,0.3272638728943322,0.9330327542766211,0.607600754970572,0.4565194922849563,0.8945005399056586,0.5628080278936302,0.5446017587844498,0.870024816716237,0.47591063589221033,0.4702971017931483,0.87635213215375,0.5112901601570562,2.0
Family A: Clean one-to-one,Large,16,16.161947268856856,0.2012616742758634,0.4466677401632978,13.961904683062617,0.2145604031295584,0.46600173022398195,5.808645234423005,0.3172940307272624,0.6260466592153372,0.49495857100169,0.8694375509121564,0.9220732219422711,0.42170209305060535,0.9135014302763939,0.9363266523954763,0.9013648339119353,0.711141000625154,0.8727125049728153,0.4180542317615059,0.9099210032773221,0.9310696762460454,2.0,16.161947268856856,0.19614677856290375,0.14250019691849966,13.961904683062617,0.2087256332051452,0.15087347064119655,5.808645234423005,0.30505616913255157,0.18727497699293988,0.47809331690695495,0.8676757534999148,0.5082142433394186,0.42170209305060535,0.9035936878398091,0.5772463914061776,0.9013648339119353,0.6855475780021596,0.35353401405649115,0.396046264699936,0.9115123041657984,0.5475650404355937,1.0
Family A: Clean one-to-one,Large,17,16.53051265263354,0.1947231584015407,0.435547263681592,12.509419112076017,0.22364949446316804,0.4993624618841278,10.397734281205041,0.20460279248916707,0.46458874979939013,0.8534301284580003,0.7088300433317285,0.8838216177178624,0.5444581685993776,0.8763216177178623,0.9234898090194191,0.6129475677178486,0.8648820414058739,0.911445995827315,0.43358826236093134,0.9139142994703899,0.9328759428663137,6.0,16.53051265263354,0.18981222917669716,0.1375141271570839,12.509419112076017,0.2165045739046702,0.1559942224362061,10.397734281205041,0.1997303803562831,0.14728327800724728,0.8534301284580003,0.6920365912373616,0.425645287991283,0.5444581685993776,0.8646509388541165,0.5445455236550693,0.6129475677178486,0.8469523350987,0.469699718723868,0.43358826236093134,0.9036109773712084,0.5482299875833059,6.0
Family A: Clean one-to-one,Large,18,16.78667288566883,0.1929011754795727,0.43563260200890863,14.59276564834908,0.1900869165677528,0.4480865751553904,8.156673619644762,0.2295439751885745,0.5915208484894896,0.47400222359735755,0.8869127388291151,0.9277035392017972,0.7896674113537774,0.8126124746333806,0.9053115148498425,0.6837058840155886,0.807117969138875,0.9059811776492962,0.435115713940884,0.9152659187502393,0.9325678676723973,2.0,16.78667288566883,0.18748324845885822,0.13584114400178954,14.59276564834908,0.1837500478615461,0.13426423200859292,8.156673619644762,0.22244132174445763,0.1723670607771103,0.5490312529768252,0.8362369337979094,0.4894362010628286,0.7896674113537774,0.8015085959336831,0.5217936290740252,0.6837058840155886,0.7881265076387027,0.47978932858815493,0.435115713940884,0.9037982923000345,0.5482212634239041,2.0
Family A: Clean one-to-one,Large,19,16.571717719146513,0.2009013328219388,0.44054839070540486,14.85231365552419,0.1944385847156966,0.4506388436091668,11.854901952269673,0.1577524211333781,0.48152747147377506,0.4143677470775258,0.9080065202799885,0.9338551155431969,0.7095461724628888,0.7833541087352575,0.8965876402339631,0.6278651826097374,0.8497842554415572,0.9072446223671173,0.4451543667285337,0.8948892511266661,0.929450730335283,4.0,16.571717719146513,0.19574264071339534,0.13985596842811795,14.85231365552419,0.18883881484322562,0.13570156093080532,11.854901952269673,0.1505992904401189,0.14257914418801826,0.4984563017935286,0.8570524498993192,0.5070072823250955,0.7095461724628888,0.7667849266468502,0.4438655368885344,0.6278651826097374,0.8305302521814172,0.4569949180170678,0.4451543667285337,0.8847636398504171,0.5371479326372313,4.0
Family B: Paired subgroup overlap,Small,0,17.98340891178725,0.19803695150115475,0.4176590165511932,15.210491607384816,0.223729792147806,0.4677275789068514,10.135901806400316,0.0378175519630485,0.44419385103926096,0.7152084702028325,0.8726905311778291,0.9202752117013088,2.0944438869931172,0.5981524249422633,0.8217799749807545,1.4962575628272972,0.7124711316397229,0.870182592378753,1.1864402917881904,0.7765588914549654,0.8856091224018476,1.0,17.98340891178725,0.1766743648960739,0.12873769296219764,15.210491607384816,0.2061200923787529,0.15236416676795916,10.135901806400316,0.030600461893764433,0.06145921964264009,1.6460513767130753,0.5017321016166282,0.302753129938009,2.0944438869931172,0.5565819861431871,0.3826577124103561,1.4962575628272972,0.6428983833718245,0.44566670718366347,2.2069081832183626,0.4682448036951501,0.29880272274219033,12.0
Family B: Paired subgroup overlap,Small,1,17.396711008849184,0.2292802617230098,0.45585128135223557,14.683245394560926,0.20119956379498363,0.45873091603053434,8.208663532859795,0.6123227917121047,0.7317623137041075,1.4498547628191,0.6330425299890948,0.8526785714285714,1.521586824378681,0.6600327153762269,0.8500488458742277,1.8259544156045293,0.5133587786259542,0.8230018629589241,1.0725023972654117,0.7472737186477645,0.8836218647764449,6.0,17.396711008849184,0.21455834242093785,0.14875451988750504,14.683245394560926,0.183206106870229,0.14198186305458302,8.208663532859795,0.5817884405670665,0.35575101876829485,1.4498547628191,0.596782988004362,0.3870458589221144,1.521586824378681,0.5875136314067612,0.3918383745623601,1.8259544156045293,0.443020719738277,0.3019428341846984,1.3652083488586,0.5948745910577972,0.38431957756987883,6.0
Family B: Paired subgroup overlap,Small,2,16.621562862357735,0.2283832006587977,0.4512020770427304,13.920965162111203,0.2591270930551743,0.4944928630249794,13.811914699459493,0.09936865220971726,0.3487395919114283,1.2390032448166075,0.6637386769146308,0.8630078232226188,1.2140961476275807,0.6799341202305792,0.8670052154817458,2.3903839277451837,0.6944825693110074,0.8324183365358222,0.8970841585599836,0.7749107878122427,0.8930883429407998,1.0,16.621562862357735,0.20148229481196817,0.1380152274730196,13.920965162111203,0.23771616799341203,0.15835705101347933,13.811914699459493,0.0903101839143563,0.07501047430544518,1.2390032448166075,0.5923689267087565,0.38242050363350044,1.2140961476275807,0.6269558056546802,0.41307771212274447,2.3903839277451837,0.6368377710678013,0.3910311050753428,1.2249751630985182,0.6198188306340928,0.39345825447505667,4.0
Family B: Paired subgroup overlap,Small,3,18.266316433016737,0.19626972740315637,0.41887852702056433,13.426249007153062,0.23472022955523672,0.48816355810616924,15.480306601950364,0.43730272596843617,0.5248684839789575,0.7076337718251537,0.8585365853658536,0.914131994261119,1.2604650167478009,0.7311334289813486,0.873619081779053,1.0957633884663274,0.8981348637015782,0.9237027737924439,0.7570239424440326,0.8530846484935437,0.9132054041128648,4.0,18.266316433016737,0.1738880918220947,0.13302121875707923,13.426249007153062,0.2114777618364419,0.16583855621837953,15.480306601950364,0.4,0.25927659895794003,0.707633771825154,0.8065997130559541,0.49118779732688966,1.2604650167478009,0.6857962697274032,0.4516801329004001,1.0957633884663274,0.866571018651363,0.6091520048327418,0.7570239424440326,0.7968436154949785,0.49478214905988077,4.0
Family B: Paired subgroup overlap,Small,4,16.612548919390814,0.23081516870707675,0.4540907733651836,10.887755076077124,0.2756046581068976,0.5439434657111576,14.068510113940883,0.4765601672140938,0.5440616601970737,1.2558001543885482,0.6745297103613018,0.8594791977704788,1.276038592390614,0.6852791878172588,0.8664837762516174,1.6073937811942836,0.757240967452971,0.8623283069573008,1.2789735477808468,0.7193191997611227,0.8706641285956007,1.0,16.612548919390814,0.20692744102717228,0.1489525545724568,10.887755076077124,0.2547028963869812,0.18376263142179125,14.068510113940883,0.45297103613018813,0.30914177052065817,1.2558001543885482,0.5971931919976112,0.36534079300969663,1.276038592390614,0.6345177664974619,0.41344627618613566,1.6073937811942836,0.6864735742012541,0.3923244959217992,1.3654493158614927,0.5989847715736041,0.3733714698810328,1.0
Family B: Paired subgroup overlap,Small,5,17.192347887073453,0.20859259259259258,0.4420432098765432,13.854131049096086,0.22755555555555557,0.4804074074074074,12.03118008226615,0.1362962962962963,0.4022901234567901,0.7800001204802914,0.821925925925926,0.9079135802469136,1.2500482949021978,0.7579259259259259,0.8800246913580246,3.321167753321466,0.7300740740740741,0.8299691358024691,1.1622970552152678,0.7111111111111111,0.8717777777777779,2.0,17.192347887073453,0.184,0.14014814814814813,13.854131049096086,0.20385185185185184,0.1508927875243665,12.03118008226615,0.1194074074074074,0.10170760233918129,1.2075884739141471,0.6447407407407407,0.3898011695906433,1.2500482949021978,0.701925925925926,0.4504015594541911,3.321167753321466,0.6725925925925926,0.3695126705653021,0.704188156892592,0.8088888888888889,0.49649902534113066,2.0
Family B: Paired subgroup overlap,Small,6,17.447463143849806,0.21128349788434414,0.44055594734367653,13.334849233424467,0.24400564174894218,0.504284203102962,6.007793195818153,0.4143864598025388,0.6601610249177244,1.007234105256501,0.722425952045134,0.8804243065350259,1.0299360067775882,0.7526093088857546,0.8837740949694406,3.1137279975887897,0.7799717912552891,0.8497766807710391,0.7538534742678613,0.8118476727785614,0.9071403385049367,2.0,17.447463143849806,0.1861777150916784,0.134050924207557,13.334849233424467,0.21297602256699577,0.16174003414742777,6.007793195818153,0.3858956276445698,0.28214683393957385,0.634555600395045,0.7960507757404796,0.4961324326330636,1.0299360067775882,0.6987306064880113,0.45031549253952935,3.1137279975887897,0.764456981664316,0.5196941578205032,0.8088649892211008,0.7678420310296192,0.4769504862296785,4.0
Family B: Paired subgroup overlap,Small,7,15.419310658303562,0.22291904218928163,0.458220496009122,13.160779839539641,0.2542759407069555,0.5038721018624097,11.670693477238887,0.18614595210946408,0.4596220543519574,1.4396959411705228,0.6305587229190421,0.847705245153934,2.16770439534017,0.6271379703534777,0.8221505606233371,1.8476032179663693,0.6641961231470923,0.8392305682250095,1.529233144982845,0.6875712656784493,0.8529848441657165,12.0,15.419310658303562,0.20353477765108324,0.1509031987037148,13.160779839539641,0.23118586088939566,0.1625007501650363,11.670693477238887,0.17360319270239452,0.14016083538378443,1.4396959411705228,0.5744013683010262,0.35245754065894497,2.16770439534017,0.563854047890536,0.3805887295204945,1.8476032179663693,0.6011972633979475,0.3861249474884475,1.529233144982845,0.6259977194982896,0.37070155434195523,12.0
Family B: Paired subgroup overlap,Small,8,17.419559588932717,0.20623501199040767,0.44428346211919356,13.671027705938526,0.2579269917399414,0.49658051336708414,15.609096079849543,0.251265654143352,0.4487465583089084,0.9346673278478258,0.7889688249400479,0.8947009059419131,1.044498231027699,0.7609912070343725,0.8907596145305977,1.3368906665664106,0.812150279776179,0.8840594191313615,0.7208382156210941,0.8478550492938982,0.9171773692157386,6.0,17.419559588932717,0.1771915800692779,0.13453097171385697,13.671027705938526,0.23394617639221957,0.1643036448034555,15.609096079849543,0.2259525712763123,0.16485057567980704,0.9346673278478258,0.73994138022915,0.45670130562216893,1.044498231027699,0.7183586464162004,0.47183305986789503,1.3368906665664106,0.759392486011191,0.4242781213625591,0.8695970619362984,0.7617905675459632,0.4539666512404112,6.0
Family B: Paired subgroup overlap,Small,9,16.448826240310964,0.232163080407701,0.4546644960362401,13.118917377272707,0.24292185730464327,0.49014368629671573,6.390648967434813,0.28708946772366933,0.6271765288788222,0.9255180121376358,0.7842582106455266,0.8921350037750094,1.1855674954248026,0.7126274065685164,0.8734251132502832,1.526645667718569,0.8168176670441676,0.8821194318610798,1.2325669384605376,0.6843148357870895,0.866329275198188,12.0,16.448826240310964,0.19932049830124576,0.1438278595696489,13.118917377272707,0.217440543601359,0.1654199201287477,6.390648967434813,0.23839184597961494,0.16841509209036182,1.1596857787746062,0.6540203850509626,0.4115604696906479,1.1855674954248026,0.6616647791619479,0.43576026703224646,1.526645667718569,0.7726500566251415,0.46532455146927343,0.9281765565523336,0.7318799546998868,0.44563986409966033,1.0
Family B: Paired subgroup overlap,Small,10,17.484123311081706,0.1903737563861253,0.42390427534283415,13.157866978943167,0.23608496907770907,0.5129683158555167,16.1752239737084,0.13229362731917182,0.36991350721520116,0.7723965177055457,0.8303307340682979,0.9081070180155957,1.329166200712016,0.7093304651788115,0.8676055391234202,0.939121475604786,0.8324818499596666,0.9021858474500313,0.7356555571222653,0.8666308147351438,0.9176189835977414,1.0,17.484123311081706,0.1707448238773864,0.12901034516918808,13.157866978943167,0.20489378865286367,0.15448408598802735,16.1752239737084,0.11777359505243346,0.09198850851247506,0.7723965177055457,0.7918795375100833,0.4810432912073138,1.329166200712016,0.6472169938155418,0.42224140615049316,0.939121475604786,0.7824684054853456,0.4603388007528906,0.7813986970655714,0.7924173164829256,0.47576456602652095,2.0
Family B: Paired subgroup overlap,Small,11,16.34003373454841,0.18984856982613574,0.44296831183398766,11.131622702905299,0.2560291643297813,0.5370805290708544,13.090101977227626,0.36483454851374086,0.6093837633202468,0.6858996745864553,0.8628715647784633,0.9168068797906151,1.2622683393197713,0.7106001121704991,0.8722191063750234,1.5379040831638868,0.6749859786876051,0.8503867545335576,0.6880495829256932,0.861749859786876,0.9174378388483829,12.0,16.34003373454841,0.16881660123387549,0.1276972577264811,11.131622702905299,0.22714526079641054,0.17929568733949286,13.090101977227626,0.3295008412787437,0.1899223662071612,0.6858996745864555,0.8037016264722378,0.502036780116303,1.2622683393197713,0.6511497476163769,0.4325943855713315,1.5379040831638868,0.5984296130117779,0.33172949198571305,0.6880495829256933,0.8028603477285474,0.5053871358148597,12.0
Family B: Paired subgroup overlap,Small,12,16.133013826764316,0.24600355239786856,0.4591412571541346,12.552091816134,0.25725281231497926,0.5166580323662917,14.1735557481281,0.5423327412670219,0.5731386915334518,1.2994415968091344,0.7498519834221433,0.8747964772054471,1.0408470953968167,0.7841918294849023,0.8967214328004736,1.8318015144834123,0.8158673771462404,0.8845655713439906,0.9084434291652349,0.8161634103019538,0.9005513617525163,6.0,16.133013826764316,0.23179396092362345,0.15895422392571126,12.552091816134,0.23386619301361752,0.16630831074132937,14.1735557481281,0.5230905861456483,0.3358106634258826,1.2994415968091346,0.7030787448194198,0.43074382225546104,1.0408470953968167,0.738898756660746,0.4845283724408713,1.8318015144834123,0.7904085257548845,0.5565734941260789,1.0296917699204602,0.7089994079336885,0.42175376273721604,6.0
Family B: Paired subgroup overlap,Small,13,16.260983409098625,0.1925638179800222,0.44415348686644474,14.104834381653752,0.24112097669256383,0.49456044210136885,12.775764444373111,0.2369589345172031,0.4932540233074361,1.6335362571371106,0.5885127635960045,0.8341079356270811,1.2404550370685092,0.704772475027747,0.8717108305586386,2.5326820147178006,0.6459489456159823,0.82363346281909,0.831679737144195,0.8052164261931187,0.9010069829818721,8.0,16.260983409098625,0.16620421753607104,0.13652958700858692,14.104834381653752,0.21087680355160932,0.1579531514691279,12.775764444373111,0.21587125416204217,0.155222267655821,1.6335362571371106,0.5288568257491676,0.3355044103043402,1.2404550370685092,0.6617647058823529,0.4369706174426077,2.5326820147178006,0.5502219755826859,0.3374320929960862,1.0245354657088388,0.7544395116537181,0.4724282960453297,1.0
Family B: Paired subgroup overlap,Small,14,15.902851984844895,0.21382978723404256,0.45461546985815604,14.960439411140875,0.225,0.4725177304964539,6.122873116156382,0.48351063829787233,0.6728058510638297,0.9163877440851721,0.7968085106382978,0.8971132535460993,1.1014923469644375,0.773936170212766,0.8868074024822695,0.9661021019105092,0.8494680851063829,0.9060062056737588,0.7294789659245812,0.8558510638297873,0.9125000000000001,12.0,15.902851984844895,0.19388297872340426,0.1456326987681971,14.960439411140875,0.20106382978723406,0.14710246360582305,6.122873116156382,0.451063829787234,0.2960946248600224,0.9163877440851724,0.7420212765957447,0.45594904815229553,1.1014923469644375,0.7095744680851064,0.45229563269876816,0.9661021019105092,0.8148936170212766,0.495548712206047,0.8644148042235629,0.7728723404255319,0.4661114221724523,2.0
Family B: Paired subgroup overlap,Small,15,18.62664832825554,0.19868735083532219,0.41510043754972153,14.890415197943593,0.24224343675417662,0.47655006961018304,4.778867402500498,0.425417661097852,0.7031250000000001,0.8568120434427149,0.8233890214797136,0.90445380867144,1.4270355169218838,0.7109188544152745,0.8683435262529833,3.0279446151786784,0.7073389021479713,0.8287216587112172,0.9736938954757008,0.7914677804295943,0.895671738265712,8.0,18.62664832825554,0.1691527446300716,0.1333846250471046,14.890415197943593,0.22195704057279236,0.15038939831679438,4.778867402500498,0.38245823389021477,0.24123853787212668,1.2800881377319975,0.6452863961813843,0.38622660469790226,1.4270355169218838,0.665871121718377,0.43951764853661596,3.0279446151786784,0.6446897374701671,0.3547764099987439,1.3244189517879068,0.7070405727923628,0.4335981660595403,1.0
Family B: Paired subgroup overlap,Small,16,16.481742457546485,0.23892806770098732,0.4542430653502586,15.09923862433683,0.21128349788434414,0.45941466854724966,8.937468466816807,0.261212976022567,0.5730312646920547,1.3435919188937557,0.6679830747531735,0.8604019746121296,1.141969044324374,0.7480959097320169,0.8813587212035731,3.1306791766126816,0.44964739069111426,0.7684767277856136,0.7122374527860845,0.8315937940761636,0.9135225669957687,1.0,16.481742457546485,0.21184767277856134,0.1482740702249276,15.09923862433683,0.19576868829337093,0.14358251057827925,8.937468466816807,0.2392101551480959,0.18213941058570263,1.3435919188937557,0.6143864598025388,0.3907505010763863,1.141969044324374,0.6916784203102961,0.457649766164353,3.1306791766126816,0.37150916784203103,0.2636626828000891,1.2580025540033226,0.6296191819464034,0.3703808180535966,2.0
Family B: Paired subgroup overlap,Small,17,17.994417178981436,0.21761658031088082,0.44615262248886467,13.541117622834447,0.221434415053177,0.4820129988182893,4.013092924311222,0.34278701936187617,0.7072936551222616,0.9598170820271666,0.7660212707935642,0.8872261612580674,1.2133897020698534,0.7305699481865285,0.8782781110808109,1.0156178470756605,0.8511044450504499,0.9061960276338515,0.7937153390351362,0.8129260976274885,0.9070766293973275,12.0,17.994417178981436,0.19470957185710389,0.13695405680823275,13.541117622834447,0.1960730842650668,0.15556958936747378,4.013092924311222,0.30215434960458143,0.23129476267707721,0.9598170820271668,0.6932097082083447,0.41656021701376433,1.2133897020698534,0.6833924188710118,0.440127452528239,1.0156178470756605,0.8041996182165257,0.48081753333429017,0.9705295740070446,0.7002999727297519,0.4160435175749573,8.0
Family B: Paired subgroup overlap,Small,18,15.907342333965143,0.26099210822998875,0.4669590849304773,15.592120189943973,0.2161781285231116,0.4463899849680571,11.545646492489654,0.043968432919954906,0.4054161969184517,0.8539815811849636,0.8370913190529876,0.9027973506200676,1.4794846357444948,0.7023675310033822,0.8644658962795941,1.4443494995045505,0.7003945885005637,0.8568559751972944,0.8345580300722414,0.8576662908680946,0.9083990980834273,1.0,15.907342333965143,0.2359075535512965,0.15912597163709727,15.592120189943973,0.19109357384441938,0.14095413279534802,11.545646492489654,0.030439684329199548,0.06172491544532132,0.8539815811849636,0.7787485907553551,0.4710437310864535,1.4794846357444948,0.6482525366403608,0.44245831602682023,1.4443494995045505,0.6304960541149943,0.3732569868866077,0.7747269586086963,0.8170800450958287,0.49286477185070904,6.0
Family B: Paired subgroup overlap,Small,19,16.137075159221503,0.21410925061762284,0.44851999268002557,13.389740993508376,0.23332418336535823,0.4937093970171105,2.710704164010408,0.5646445237441668,0.7900825784609755,0.8127570859156812,0.8103211638759265,0.9059440479458323,1.1825521642491315,0.7672248147131485,0.8840813432152987,2.6245173393715846,0.6181718363985726,0.813861057736298,0.8180323647840181,0.8105956629151798,0.905183456857901,12.0,16.137075159221503,0.19571781498764754,0.14223384428680816,13.389740993508376,0.22042272852045017,0.15532311426383694,2.710704164010408,0.5182541861103486,0.32685611916147767,1.2227477117534857,0.6038978863573977,0.37688718089486684,1.1825521642491315,0.7194619818830634,0.46177962061343314,2.6245173393715846,0.5418611034861378,0.3453631333342965,0.9137133940926587,0.772165797419709,0.4736842105263159,1.0
Family B: Paired subgroup overlap,Medium,0,17.48404395884637,0.18620001535037226,0.42585450405505665,14.949061582147264,0.20753703277304475,0.4630663647760125,7.531785880389153,0.23086959858776576,0.5688911914447259,0.8665981418169364,0.7545475477780336,0.8900289738276154,1.3524183451014973,0.6295955176913041,0.8528363010719677,1.2510758428244295,0.649781257195487,0.8547950725305089,0.8495938328795983,0.7543172921943357,0.8920676951416071,12.0,17.48404395884637,0.17476398802670964,0.13097503140766953,14.949061582147264,0.19349144216747255,0.14214444700283982,7.531785880389153,0.22357817177066544,0.1724250760449362,0.8665981418169364,0.7329035229104306,0.443460135487233,1.3524183451014973,0.5978202471409931,0.392573651489996,1.2510758428244295,0.6001228029779723,0.3388311903405763,0.8495938328795983,0.7320592524368716,0.4503556842832386,12.0
Family B: Paired subgroup overlap,Medium,1,16.475875562055013,0.21295873305923557,0.4469919039642658,14.146170068046631,0.20785746916400183,0.4720271179127963,10.887988610232851,0.20549718288411756,0.4653063296279377,0.8296112786091733,0.7495812395309883,0.8920549718288413,1.3416175395961036,0.6856250951728339,0.8609969037104716,1.3611069564340228,0.5812395309882747,0.8452473859194966,0.7807078078367455,0.7886401705497182,0.8984029998477235,12.0,16.475875562055013,0.20389827927516369,0.14383320109318523,14.146170068046631,0.19765494137353434,0.14626962564016252,10.887988610232851,0.19491396375818487,0.14651006227308794,0.8296112786091733,0.7264352063347038,0.4421910188903048,1.3416175395961036,0.6623267854423633,0.4246351374095358,1.3611069564340228,0.5341099436576824,0.3342590143700961,0.7807078078367455,0.758337140246688,0.45561940483918795,12.0
Family B: Paired subgroup overlap,Medium,2,16.595801487120863,0.19584081388390184,0.4389493566726511,13.634857602244457,0.21858168761220825,0.47998796878116895,3.625242424360337,0.27528426092160385,0.7056574780570517,0.7587600619313929,0.7847097546379413,0.8989704892280073,1.1258544049197867,0.7152154398563735,0.87349298075005,0.974187412815962,0.8119389587073609,0.8987351635747058,0.759069385062943,0.7863554757630161,0.8987834754637943,12.0,16.595801487120863,0.1829742669060443,0.13254354467857257,13.634857602244457,0.20758527827648116,0.15602066206809662,3.625242424360337,0.2515709156193896,0.1863444517937573,0.7587600619313929,0.75516157989228,0.45073466880846635,1.1258544049197867,0.6851436265709157,0.4273244826608712,0.974187412815962,0.781867145421903,0.4924367696620367,0.8375756158325859,0.7396768402154399,0.44877397713313816,1.0
Family B: Paired subgroup overlap,Medium,3,16.46517160669979,0.21342209978573615,0.44656476379961235,14.110451372456687,0.21372819100091828,0.469355805530048,9.296839638110534,0.1300887664524028,0.4993878175696358,1.1609870105125617,0.6425619834710744,0.8620038771553923,0.9618163437439239,0.754744413835323,0.8890610651974289,1.0085457269451763,0.7422711968166513,0.8779588817467606,0.7796517256373193,0.7816804407713499,0.8991987424752577,4.0,16.46517160669979,0.1994949494949495,0.14028240942116535,14.110451372456687,0.19811753902662993,0.14706071883105376,9.296839638110534,0.11187633914906642,0.09662816361380956,1.1609870105125617,0.6114937251300888,0.3869395711500974,0.9618163437439239,0.7305632078359351,0.458742126206241,1.0085457269451763,0.7001071319253137,0.3931862484494064,0.7796517256373193,0.7527548209366391,0.46794902775764013,4.0
Family B: Paired subgroup overlap,Medium,4,16.580415169105798,0.18418306499701848,0.43313642913933603,13.226184010526385,0.22719141323792486,0.4914545443251839,5.751603935402651,0.4609421586165772,0.6727244210892466,1.2263840410860423,0.6611508646392368,0.8609527181474856,1.5370310442979795,0.6510137149672034,0.8481166766050487,1.244146693938073,0.8012075134168157,0.8783231464917512,0.7099982222984241,0.8094812164579607,0.9063555953090837,4.0,16.580415169105798,0.1731514609421586,0.1291113517245708,13.226184010526385,0.2148181276088253,0.15428553494648967,5.751603935402651,0.44148777579010134,0.27792423814455636,1.2263840410860423,0.6346899224806202,0.393073470796849,1.5370310442979795,0.6247763864042933,0.40425807362771865,1.244146693938073,0.7719141323792487,0.435116749835232,0.7099982222984241,0.7822748956469887,0.4743746665411292,4.0
Family B: Paired subgroup overlap,Medium,5,16.343083037757157,0.1995347441092601,0.44192743508929916,14.20525938671189,0.20463755065285907,0.4620150457751764,14.016636984650646,0.20066036319975986,0.3888169743358848,1.4354289309460202,0.5633348341587874,0.8376044324378408,0.9517909172190071,0.7518385111811496,0.8870363074691079,1.260901180989377,0.614963229776377,0.8500456501075592,0.7814174435030475,0.7766021311721447,0.899299302116164,12.0,16.343083037757157,0.19128020411226174,0.13570621736692023,14.20525938671189,0.19052979138526188,0.1400033176141615,14.016636984650646,0.1915053279303617,0.11744749085681337,0.71028959674331,0.7773525438991445,0.4812159845809932,0.9517909172190071,0.720396217919856,0.456507658159356,1.260901180989377,0.5651358247035869,0.32827002219641854,0.7814174435030475,0.7528140477262495,0.46898820667156405,12.0
Family B: Paired subgroup overlap,Medium,6,16.01766114168112,0.18838376159343165,0.4444307181592418,13.560920725382996,0.22381024783335868,0.48245463990674575,8.01268315746399,0.2554356089402463,0.5467760123663272,0.8251062976666427,0.7557396989508894,0.8925421924889768,1.128570536317312,0.694693629314277,0.8712764811717602,3.0606832715938608,0.7124828949369013,0.824589161725204,0.8371573313143066,0.759844914094572,0.8927987684354569,6.0,16.01766114168112,0.1781967462368861,0.1311548218272609,13.560920725382996,0.2121027824235974,0.15481782607651864,8.01268315746399,0.23795043332826515,0.15842289317638017,0.8251062976666427,0.7299680705488825,0.4431511727471331,1.128570536317312,0.6647407632659267,0.4166553299776734,3.0606832715938608,0.6746997111144899,0.38999143746548975,1.1269754129495624,0.6372206173027216,0.394552787625137,1.0
Family B: Paired subgroup overlap,Medium,7,17.467983742733452,0.18833333333333332,0.4210606060606061,14.273990388752573,0.21659090909090908,0.46863636363636363,2.8289396151526813,0.45022727272727275,0.7680050505050505,1.1007712496314266,0.6775757575757576,0.8684927398989899,1.5635008159710977,0.6391666666666667,0.8440672348484849,1.1868592756286178,0.6506818181818181,0.8664630681818182,0.7744690968737907,0.8112121212121212,0.904419191919192,12.0,17.467983742733452,0.17537878787878788,0.126658692185008,14.273990388752573,0.2040909090909091,0.15143939393939393,2.8289396151526813,0.43174242424242426,0.3085406698564593,0.6378581897897141,0.7934848484848485,0.4870813397129187,1.5635008159710977,0.6118181818181818,0.3967583732057416,1.1868592756286178,0.6131818181818182,0.4084888357256778,1.318134638996241,0.6102272727272727,0.37874800637958533,12.0
Family B: Paired subgroup overlap,Medium,8,16.729525940056845,0.20861172976985895,0.4406953724325662,14.912186055967384,0.20876020786933927,0.47029510022271714,7.234647238433488,0.14684484038604306,0.5440995421925267,1.1473270204305797,0.6478841870824054,0.8611838035139816,0.8033830030302055,0.7914625092798813,0.9012852635486266,1.68917547643069,0.7097995545657015,0.8472345953971788,0.6487109606888309,0.8255382331106161,0.9126732244493938,6.0,16.729525940056845,0.1988121752041574,0.14417614191380457,14.912186055967384,0.19198218262806235,0.1411596921033095,7.234647238433488,0.12939866369710468,0.11008869612784744,0.596974458375219,0.819970304380104,0.5077482124018287,0.8033830030302055,0.7619896065330364,0.47905677333645924,1.68917547643069,0.6706755753526354,0.35829719063806514,0.7894238958291623,0.7432813659985152,0.44133552143164145,1.0
Family B: Paired subgroup overlap,Medium,9,17.368354611266025,0.20861423220973782,0.43324750312109866,13.956497695904899,0.21970037453183522,0.4750811485642947,11.414544335641132,0.052434456928838954,0.3930961298377028,0.6511719057803459,0.8217977528089888,0.9127840199750312,1.1757656616015535,0.7132584269662922,0.8743055555555556,1.7014054004233699,0.7645692883895131,0.8548439450686641,0.6052118944413253,0.8495880149812735,0.918309925093633,4.0,17.368354611266025,0.19835205992509364,0.14317366449832447,13.956497695904899,0.20801498127340823,0.15485511531638085,11.414544335641132,0.04644194756554307,0.05997240291740588,0.6511719057803459,0.7978277153558052,0.49910506603587623,1.1757656616015535,0.6843445692883895,0.45071161048689135,1.7014054004233699,0.7337827715355805,0.4021762270845654,0.621828173251819,0.8145318352059925,0.5019593928641829,8.0
Family B: Paired subgroup overlap,Medium,10,16.89184330242727,0.20991297767688233,0.4416414428048935,13.876047146940532,0.22156640181611806,0.47688863665027115,4.6041272734864656,0.3764661369655694,0.6936073275318452,1.3845077731816122,0.616572077185017,0.8480246563248832,1.802461968745732,0.5843359818388195,0.8265039727582293,1.0956634501978877,0.6956488838441165,0.8711675495018288,0.9726788171946964,0.7113129020052971,0.8810663387564637,6.0,16.89184330242727,0.20090805902383654,0.1422187705358743,13.876047146940532,0.2127128263337117,0.15250612342433836,4.6041272734864656,0.3618615209988649,0.26423322779138536,1.3845077731816122,0.5895573212258797,0.375394786626043,1.802461968745732,0.5555051078320091,0.3650078658621583,1.0956634501978877,0.6553159288687098,0.3817432343628651,1.1656988373320567,0.6276958002270148,0.3967102773961009,1.0
Family B: Paired subgroup overlap,Medium,11,16.495007223706235,0.20196706312900276,0.43996359408356206,14.012567043549524,0.230710582494663,0.47468105113347564,11.543039281092987,0.2663921927416895,0.4964277091592965,1.0239511951511613,0.6971637694419031,0.8748014511538071,0.8627936045917304,0.7660109789569991,0.8952075073701331,0.7211880098259132,0.8620006099420555,0.9214080131137543,0.9057585779135988,0.7329978652028057,0.8857708778082749,12.0,16.495007223706235,0.18854833790789874,0.1389544309080111,14.012567043549524,0.2199603537663922,0.1596523330283623,11.543039281092987,0.25518450747179017,0.17113689988924738,1.0239511951511613,0.6636169563891431,0.4120479607068907,0.8627936045917304,0.7393260140286673,0.4681024381631113,0.7211880098259132,0.8455321744434279,0.5443211184411166,1.0253613613102899,0.6642268984446478,0.4129588610134669,2.0
Family B: Paired subgroup overlap,Medium,12,16.12443498168586,0.2115469369766417,0.45060691200235053,14.3035336953451,0.22102247686205376,0.4722375250967142,12.073429377317794,0.3371529308065227,0.5237439400617012,0.8416869949348001,0.7574555604524754,0.8925110792811322,1.1224043904818912,0.7181577787571617,0.8757957494735811,1.1499528156078294,0.7600998971646834,0.874779638607316,0.6845950867784825,0.8101953871015132,0.9083633269673375,12.0,16.12443498168586,0.2024386660790363,0.1425776870558945,14.3035336953451,0.20846187747906567,0.14882899182729856,12.073429377317794,0.3179080358454532,0.20554305552333896,1.2229981945729038,0.6402232995445865,0.4019701081703819,1.1224043904818912,0.6892169825179962,0.4416351588535022,1.1499528156078294,0.7224180990157191,0.39706803368049914,0.6845950867784825,0.7850007345379756,0.4798465975427771,12.0
Family B: Paired subgroup overlap,Medium,13,17.151961539308537,0.2022245446401911,0.4380474270926645,12.918105479247055,0.2294714840250821,0.4878850651935902,9.538228122403245,0.16549716333233802,0.5241863242759033,1.4016401321161391,0.5999552105106002,0.8432803324375436,0.9612614684980036,0.7613466706479546,0.8910355703194984,1.3380064730454349,0.7494774559570021,0.870115146312332,0.7016022273714974,0.8039713347267841,0.9075812431571615,8.0,17.151961539308537,0.191251119737235,0.13937389008502143,12.918105479247055,0.22096148103911614,0.1613168109883547,9.538228122403245,0.15116452672439534,0.12505304018481558,0.6904278188914891,0.7705285159749179,0.4841979538275369,0.9612614684980036,0.7267841146610928,0.46598356147160974,1.3380064730454349,0.7200656912511197,0.42122550329242037,1.0647097710539013,0.6573604060913706,0.39746350049504175,1.0
Family B: Paired subgroup overlap,Medium,14,17.114715923929815,0.19761410788381742,0.4287890856550089,14.019276592906122,0.22028749259039715,0.4780860995850622,4.885530037609341,0.47236218138707764,0.7115148315550287,1.1154356600472668,0.7023562537048014,0.8721704579134559,1.3225672689403893,0.6721991701244814,0.8600526699268919,0.7367641541461887,0.8456579727326615,0.9161063154514919,1.1433065296901714,0.7226585655008891,0.8747329455641178,12.0,17.114715923929815,0.1853141671606402,0.13589991576451502,14.019276592906122,0.2065056312981624,0.15234533429008204,4.885530037609341,0.4456876111440427,0.28629145477802387,0.9073067239443459,0.7300681683461766,0.44533273016566316,1.3225672689403893,0.6404860699466508,0.41101066982809725,0.7367641541461887,0.8208358032009484,0.5230516644307865,1.1433065296901714,0.6963544754001185,0.4279903597167191,12.0
Family B: Paired subgroup overlap,Medium,15,16.87330929951093,0.21034561684596018,0.4476599654128837,13.591047177021448,0.22316319523918518,0.4831117596195417,13.656769812294195,0.32394903486686505,0.43487576613005774,1.626066143576856,0.6054016937514305,0.8356015233590194,0.8446013492896306,0.7857633325703822,0.8983129243915465,1.0771117354240656,0.7164873731593805,0.8760379313852649,0.7547173616311214,0.7984283207446403,0.9029224205895069,8.0,16.87330929951093,0.19707026779583428,0.14012199186453198,13.591047177021448,0.21042191195544366,0.15303594302763085,13.656769812294195,0.30769817654688336,0.1768962346355704,1.626066143576856,0.5751125352864881,0.36383129946633586,0.8446013492896306,0.7541008621347371,0.48004079780591324,1.0771117354240656,0.6809338521400778,0.4140415125706232,1.1651862834918028,0.633020523384451,0.3872418514815306,1.0
Family B: Paired subgroup overlap,Medium,16,16.660057463702344,0.1993004445092181,0.44136061113944963,15.12900727303291,0.20352692559935875,0.4543618985158736,7.885959198731012,0.2861619179479706,0.5595350870800845,0.8217729517672585,0.7660132624061794,0.8953930748864437,1.1201961181688267,0.7155141004153611,0.8756285068862495,1.8612836181228314,0.5221890257232383,0.8185877116276812,0.9002630812710959,0.7522407636814108,0.888833224027788,12.0,16.660057463702344,0.1898272972382132,0.14058994312276354,15.12900727303291,0.19259637105589156,0.13956975803203994,7.885959198731012,0.2782190483130511,0.20643790486198738,0.8217729517672585,0.739707061138235,0.4562796994672792,1.1201961181688267,0.6863659549661153,0.43268887806487,1.8612836181228314,0.5000364351818115,0.3316790482363454,1.4367477375971434,0.5640894848065292,0.36176300256580385,12.0
Family B: Paired subgroup overlap,Medium,17,16.926509481976407,0.20118609713985436,0.4370011010184421,14.746081390174451,0.21064484648299678,0.46401358756850086,5.821318126038191,0.2839126191727348,0.6224460751194856,1.280698184437564,0.6108400270249982,0.8508104371543678,1.396055915938339,0.6243525260866302,0.850028463829042,1.59780825811447,0.8133023046317844,0.8803346220253735,0.9441700720352615,0.7449891149313115,0.8866435828141032,12.0,16.926509481976407,0.19165227835748067,0.14369475975803936,14.746081390174451,0.2002852638690789,0.14609303079032315,5.821318126038191,0.26717213422415736,0.18697426698643616,0.8931318650217577,0.7230688386757751,0.44526845226571415,1.396055915938339,0.5964266946925907,0.3832768995531393,1.59780825811447,0.7902559867877786,0.479184034705787,0.9441700720352615,0.7172134224157346,0.44265287496197137,12.0
Family B: Paired subgroup overlap,Medium,18,16.692338904134964,0.20058161781587205,0.4389540445396801,15.007993977022348,0.20524986607484502,0.45105513889951787,8.475795181502045,0.2095354710339022,0.5258730644626413,0.9282332347446987,0.7431698170965026,0.8859164944771817,1.6824928907435601,0.5598071477768424,0.827505994745032,1.371254125652148,0.5898829111502257,0.8433729369148746,0.9894798076690254,0.7189867605418229,0.8803857044463151,2.0,16.692338904134964,0.19070942067804392,0.13873034925263722,15.007993977022348,0.19323486645748833,0.13942716284090495,8.475795181502045,0.1924695798576567,0.13815839821486833,0.9282332347446987,0.7132471110430857,0.43789296459945304,1.6824928907435601,0.5253692507844188,0.35731231346139125,1.371254125652148,0.5401392821611694,0.31998646651065554,1.051643944128027,0.6730695645519247,0.40919471710576666,1.0
Family B: Paired subgroup overlap,Medium,19,16.707252116862257,0.18460857374750977,0.4315649671659411,14.431130279903625,0.21367962812661404,0.4712994048058241,11.449766899272031,0.2901202685752232,0.5083729924493963,0.8048340773628003,0.7740721611451339,0.8966157554293023,1.0267860230779997,0.7364421161366487,0.8817020831796158,1.020317142847401,0.7434516343245038,0.8795485009468998,0.7098322187342108,0.8108905777318675,0.9061923559359552,2.0,16.707252116862257,0.17450011067660295,0.12982559697406285,14.431130279903625,0.20460414668339114,0.14732026702186737,11.449766899272031,0.2786099018667454,0.17148271697468417,0.9866529583837418,0.6909909245185568,0.43373189855033073,1.0267860230779997,0.7084778277872058,0.444620922926367,1.020317142847401,0.7025012912270346,0.40137937997802003,0.7098322187342108,0.7819670921567181,0.475163781955442,2.0
Family B: Paired subgroup overlap,Large,0,16.55037396897201,0.19341912614625875,0.436073999511957,14.651882761133745,0.20416891423287353,0.45686358557447787,2.556975464334971,0.4931609771133544,0.7763234151447433,1.052880995327343,0.6927063265777915,0.8716455074362334,0.9108408012023679,0.7347037065577561,0.8866540321337752,0.977981954498701,0.6912036680280497,0.8737959466748864,0.8861391220005861,0.730889265623796,0.8854339247643267,2.0,16.55037396897201,0.18896894505663867,0.136724691052591,14.651882761133745,0.19856284195114432,0.14159971285229336,2.556975464334971,0.48119750327502503,0.3143902369779732,1.052880995327343,0.6775256222547584,0.41489801795078746,0.9108408012023679,0.7198697695923557,0.4543240469981302,0.977981954498701,0.6687408491947291,0.3971003354112336,0.8861391220005861,0.7172882792633121,0.43664499539671414,2.0
Family B: Paired subgroup overlap,Large,1,16.60521132771116,0.1892483628188838,0.43399268562864496,14.460385863877518,0.20271723194213664,0.4605569673867006,6.5148287485062335,0.12780764343661422,0.5639567653862444,1.1764167931407061,0.6203108200566905,0.8562339132701267,0.9400162952622838,0.7048968820252175,0.8798704101912489,1.05457921339743,0.652409344150132,0.8658317857491936,0.9642759835324963,0.7014368096960218,0.8774223764376243,2.0,16.60521132771116,0.18471312677157659,0.1342246732068173,14.460385863877518,0.19740005864529372,0.14337231016158322,6.5148287485062335,0.119890528785065,0.10776432822844911,1.1764167931407061,0.6054149154530349,0.3831986377830021,0.9400162952622838,0.6901378164402306,0.43830772317363637,1.05457921339743,0.6320789756622031,0.3825309045264907,0.9642759835324963,0.6878506499853386,0.42075220305675737,2.0
Family B: Paired subgroup overlap,Large,2,16.960660924110783,0.19315958362682947,0.43318193824841517,13.974154470551078,0.21429130468811144,0.4739130860139313,6.726490589464479,0.407470454723331,0.6360917077561243,1.1037616468348923,0.648978633482038,0.8634150556990425,1.0544524332329948,0.7189285434765594,0.8776512483368554,1.0093885345049953,0.7259528840885967,0.8761809142730428,0.7431254284478114,0.7685293887454019,0.8969392430408808,12.0,16.960660924110783,0.18856147765516162,0.13581867912326012,13.974154470551078,0.2083039837207482,0.15032665603901746,6.726490589464479,0.399996086718322,0.26601047111792164,1.1037616468348923,0.6353995460593254,0.3959345122609294,1.0544524332329948,0.7035102136651796,0.44325329642490824,1.0093885345049953,0.7102801909681459,0.41302113584030514,0.7431254284478114,0.7542263442122564,0.45657596091661423,12.0
Family B: Paired subgroup overlap,Large,3,16.47235155521446,0.19329323073317448,0.4374865727901253,14.612519450510733,0.2084684192023749,0.46438086728383005,11.73161806989247,0.19255107222374127,0.41452034751246697,1.1243601186299568,0.6365962267098941,0.8596852499251333,0.9324677878216195,0.7158314128354362,0.8820134792911735,0.8486784896965437,0.74129916800125,0.8874124383162116,0.771905879681242,0.7500683567048162,0.8938705193807533,8.0,16.47235155521446,0.1888207491894848,0.13699711565543288,14.612519450510733,0.2026092730752705,0.14386979127048904,11.73161806989247,0.1905394320534354,0.14226520756796093,1.1243601186299568,0.6216749345728683,0.3771378173961133,0.9324677878216195,0.7028826998945353,0.4420900499363717,0.8486784896965437,0.7237412601070271,0.42580984706600683,0.760513158535454,0.7415140033592438,0.45677389246719396,12.0
Family B: Paired subgroup overlap,Large,4,16.513233718474957,0.19561400085846958,0.44016645855282843,13.139524798078286,0.22499707339914934,0.4883379020824391,3.7895715865826247,0.3565575369727241,0.7040133452998791,0.9573405976289808,0.6917899090802669,0.8766608459827526,1.4190552809007895,0.590705115698287,0.84058764519192,1.1441445232545568,0.7051742303039763,0.8663275061458618,0.8328635106524823,0.7346743668786826,0.8889574472236313,6.0,16.513233718474957,0.18974128848480118,0.13745165974208945,13.139524798078286,0.21978772388496506,0.1578988443520711,3.7895715865826247,0.3457486244976002,0.24136036622558854,1.1727792518313322,0.6255121551488664,0.3961354492486337,1.4190552809007895,0.5749795137940453,0.373701256692674,1.1441445232545568,0.6853904085534788,0.38496404901902387,0.8282192008738389,0.7215241737230265,0.44301754112130914,8.0
Family B: Paired subgroup overlap,Large,5,16.617219970113148,0.19187455176290438,0.43715958209765265,14.286100291491701,0.21794499040530324,0.47174410265356354,6.150298539292205,0.46868639879048674,0.6561439979841446,1.4106785083887499,0.567870364986141,0.8372140166566521,1.0781571651733255,0.6626543389350856,0.8669906895905617,1.5852746836333063,0.4947180709813727,0.8223858489529827,0.7523809849367804,0.7696497451105813,0.8974142776840922,12.0,16.617219970113148,0.18751332596770753,0.1356958425021092,14.286100291491701,0.21087011300420616,0.15194102602555118,6.150298539292205,0.45893663623500225,0.2805609709567866,0.7854917719514376,0.7420480316334245,0.4561281088398731,1.0781571651733255,0.6466825609117869,0.4145939367229494,1.5852746836333063,0.47310577426295286,0.29936678061963073,0.7523809849367804,0.7561590199841057,0.46335091085858504,12.0
Family B: Paired subgroup overlap,Large,6,16.43588450500167,0.19994173625946784,0.439645643166958,14.201047803806405,0.2156146824626141,0.4701859584385317,2.783537655885312,0.48669644591182754,0.771201932414061,0.9330348587255631,0.6985628277335405,0.879604049329967,0.8726660185835846,0.7358516216741114,0.8884508318767399,1.4397402958911247,0.5844824237716061,0.8387854437754905,0.9910511024669576,0.6884637793746359,0.8757096847284263,6.0,16.43588450500167,0.19481452709263936,0.13888746920710202,14.201047803806405,0.2104097883084094,0.14868088847093458,2.783537655885312,0.4788891046805205,0.32220870685161146,1.2301000286715091,0.6135754515439891,0.3890883257863049,0.8726660185835846,0.7218683239463973,0.45996054420377996,1.4397402958911247,0.562711206059429,0.33721519763674085,0.9910511024669576,0.6757622839386288,0.4165612127035398,6.0
Family B: Paired subgroup overlap,Large,7,17.101983802436337,0.19529569892473117,0.43379176267281105,14.735504842209322,0.19898233486943165,0.45780249935995904,10.245403883750171,0.09850230414746544,0.4817040290578597,1.1918380092276057,0.6763056835637481,0.8635384664618537,1.2513224039410327,0.6325268817204301,0.8556875640040964,0.9195959339670348,0.7125576036866359,0.8797187019969278,0.9400766281427935,0.707910906298003,0.8798015072964671,12.0,17.101983802436337,0.1902073732718894,0.13767584283288867,14.735504842209322,0.19422043010752688,0.14016593904115124,10.245403883750171,0.09704301075268817,0.10235669819710567,1.1658936759148526,0.6414170506912442,0.39226695771687287,1.2513224039410327,0.6198732718894009,0.39901669496321446,0.9195959339670348,0.6933755760368664,0.4068295739348371,0.8914595659299365,0.7061827956989247,0.427802368825289,12.0
Family B: Paired subgroup overlap,Large,8,17.08385637066332,0.19004124926340601,0.4315114908662345,14.025555565533415,0.22178353957965036,0.4724644798009559,10.562279642336293,0.22555490080534277,0.4770980652131212,1.026468292971185,0.680298566097034,0.8709728769724351,1.1926067081349254,0.6400707130229817,0.8592851764551823,0.552561361427957,0.8661363189943037,0.9268950926471551,0.825008986653571,0.7494401885680613,0.8899299417272312,12.0,17.08385637066332,0.18373600471420154,0.1350112169049613,14.025555565533415,0.2165979178943233,0.1546754334274106,10.562279642336293,0.2182086034177961,0.13463800928366884,0.9425761175247703,0.695659006089177,0.42771144124306043,1.1926067081349254,0.6256923983500294,0.39656876427958526,0.552561361427957,0.8572775486152033,0.5584943501948744,0.8144278695702931,0.7389903751718719,0.44526667286956345,8.0
Family B: Paired subgroup overlap,Large,9,16.703624520749557,0.19416241209902707,0.4317543268150146,12.285554804780006,0.24213466910702244,0.5086283434479658,15.005486358444287,0.20217705423369617,0.36730685868413443,1.2279990099637155,0.6658510740776419,0.8606914073788653,1.499900592337586,0.610230228301705,0.8426909738946151,1.1275224176770957,0.7166554281861093,0.8771032013614617,1.4911765634962957,0.5567671707927945,0.832971293709662,8.0,16.703624520749557,0.18830555823138426,0.13713717875268078,12.285554804780006,0.23516038917252674,0.17326695024817604,15.005486358444287,0.19799633946633272,0.13147602654647408,1.7704598775587304,0.5246122724207687,0.34297375265540797,1.499900592337586,0.5960890087660148,0.38883182332094557,1.1275224176770957,0.7038628263173105,0.4549830408793394,1.4933833275971868,0.5440516327906753,0.34377886726255963,6.0
Family B: Paired subgroup overlap,Large,10,17.30217596689431,0.1839076019777503,0.4226890032704986,13.0928836815004,0.21755253399258342,0.48775534675010296,11.939493755932979,0.07300679851668727,0.40190234535949726,0.8053887440893472,0.7544228986402967,0.8928368516944788,1.1670817284637873,0.6540288936959209,0.8620536059177997,1.0340761773735545,0.6603638751545118,0.867552051143387,0.8134012836940065,0.7479720333745364,0.8913452500515039,8.0,17.30217596689431,0.17884734239802225,0.13156878212217812,13.0928836815004,0.21146863411619282,0.15205175330167198,11.939493755932979,0.06904743510506799,0.07368685349033895,0.8053887440893472,0.7413280284301607,0.45763735280723433,1.1670817284637873,0.6373223114956736,0.4105448165376358,1.0340761773735545,0.639446847960445,0.381231295946913,0.8062838217923288,0.7388558405438813,0.4536515597553835,12.0
Family B: Paired subgroup overlap,Large,11,17.156734348205767,0.19975672388160562,0.43235009235482275,14.34529457686265,0.2097194601587087,0.4683543947380277,10.237373849125172,0.2643214333983357,0.5873099003082783,0.8859676593902052,0.7266619041183171,0.8847467321838859,1.0133594092468539,0.6988009962736277,0.875440857516138,1.1221514525496026,0.7087444249222868,0.8700632807522253,0.8410749709418969,0.7340760334408125,0.8878045778387041,12.0,17.156734348205767,0.19483327862838606,0.1396337850979659,14.34529457686265,0.2043712470797212,0.14463344467399067,10.237373849125172,0.2532002394145927,0.17795333041347794,0.8859676593902052,0.7138995617168343,0.4384813229180533,1.0133594092468539,0.684204429169965,0.43239535519431094,1.1221514525496026,0.6904987160427085,0.4061552719479467,0.8372949524398873,0.7221053038055336,0.4385961524977465,8.0
Family B: Paired subgroup overlap,Large,12,16.212488206098183,0.19575721408358518,0.4421249061543496,12.926738663691495,0.22280401178123857,0.48956829396628615,2.0523127833344565,0.6564575432652511,0.8284854434968975,1.2158925371454177,0.6334918282095212,0.8555482831860679,1.192029598683408,0.6402487150364795,0.8594372629795755,1.3794283764399147,0.7153252353360156,0.8608577813284053,0.891577392289407,0.7108591448976842,0.8814577036851664,4.0,16.212488206098183,0.19025160259495255,0.1358429087136383,12.926738663691495,0.21870367874949467,0.15854215784711745,2.0523127833344565,0.6488343888963751,0.4181336645751287,0.9600131966066725,0.6789419985754711,0.414493314542251,1.192029598683408,0.6271391995687913,0.4057992305923142,1.3794283764399147,0.7004254336150307,0.420886470319445,0.891577392289407,0.6949775732958593,0.4199158454011325,4.0
Family B: Paired subgroup overlap,Large,13,16.559617959144763,0.19443957371363998,0.4379675901572272,15.011013467476117,0.19321214955091862,0.4496386729531565,13.88385141032761,0.25142712412570384,0.6298455653619602,0.8566975296483428,0.7324020496035225,0.8856161636825324,1.0863369512972056,0.664406647573402,0.8675282989459738,1.1601439877320634,0.6040680343678766,0.8542113150323741,0.7435123380067351,0.7671011358544236,0.8966715049259325,4.0,16.559617959144763,0.1892765990609231,0.13701006856963555,15.011013467476117,0.18767899935706353,0.13717721154250406,13.88385141032761,0.23854891187873828,0.1613339854985526,0.88680245256226,0.7030412843142985,0.42909600261686426,1.0863369512972056,0.6507686013209422,0.4180707189096126,1.1601439877320634,0.5806300777368636,0.3525434956260837,0.7435123380067351,0.7521382508231536,0.4583449974518386,4.0
Family B: Paired subgroup overlap,Large,14,16.585636224095868,0.18899217032437227,0.434159691955619,13.787941059520373,0.2160681914606395,0.4769846588498476,2.2150846311933488,0.54063331661974,0.7994449158534861,1.1341022403008072,0.6567285069618545,0.8633446792918579,1.1569900460014033,0.6539707640683458,0.8625391323073759,1.0364662601831456,0.6537779149149535,0.8656211028400251,0.8102691595961737,0.7474447487175532,0.8914512380915648,12.0,16.585636224095868,0.18434450572761985,0.13397941183038206,13.787941059520373,0.21130481737185175,0.15118054131742364,2.2150846311933488,0.5320708142091256,0.3520430845308589,0.9886342305708596,0.6767269641686273,0.4159878038135412,1.1569900460014033,0.6392178038338412,0.409060459224584,1.0364662601831456,0.629980329386354,0.3750824683879638,0.8102691595961737,0.7329232074671193,0.4457099183334585,12.0
Family B: Paired subgroup overlap,Large,15,16.243658749323643,0.20224826871798807,0.44281693810866635,13.932296708861793,0.2152928312455639,0.47342090455088975,10.929084639330105,0.15072224673406356,0.4386513904608439,1.014542407819303,0.6828636651384067,0.8724562303772052,0.9268498733256922,0.7368067678259702,0.8860666967203157,1.2016456213023086,0.6852615626618581,0.8605530670707924,0.8098443755860101,0.7511941529666788,0.8924143311144789,8.0,16.243658749323643,0.19726064186920908,0.1411276277170703,13.932296708861793,0.21034357075716012,0.1516904925130067,10.929084639330105,0.14584971896641025,0.11211862070915173,1.014542407819303,0.6684187304571352,0.41646078402667064,0.9268498733256922,0.722745496748451,0.45624064188940194,1.2016456213023086,0.6636037522300448,0.37505035584799246,0.8098443755860101,0.7380920408985402,0.44935488984311184,8.0
Family B: Paired subgroup overlap,Large,16,16.976421025794078,0.19272117755856966,0.43286042501541305,15.03381226397943,0.19859741060419236,0.454989018187423,9.702742736298825,0.37024121454993836,0.6471542816224826,1.309042222576541,0.5995491676942046,0.8462650598540896,1.1607758999023352,0.6736860357583231,0.8661202251592685,0.8157190087277295,0.7643534217016029,0.8888834033343609,0.8339608377930817,0.7439311035758323,0.8882785206021373,12.0,16.976421025794078,0.18659448212083848,0.13327641313518077,15.03381226397943,0.19281750924784216,0.13886770718411318,9.702742736298825,0.3545969482120839,0.21568766629891625,0.7812934929552269,0.7436035758323057,0.4561761795054839,1.1607758999023352,0.6606234586929717,0.4251725858264651,0.8157190087277295,0.7480733662145499,0.4218415374132001,0.8339608377930817,0.7291730887792849,0.43625782821727555,12.0
Family B: Paired subgroup overlap,Large,17,16.430647987189438,0.19755871803771838,0.44128879182896885,13.775229534688771,0.21429673338732694,0.477736479103192,14.359639435451394,0.1581048247136411,0.3869400574646149,0.75579718680442,0.7690231015465309,0.8970827387609756,1.497765662877076,0.5796791237610398,0.8366223629912454,0.8790727002079952,0.8227467314589841,0.9011105647473229,0.7613492594996918,0.7620039338192757,0.8958791314744109,4.0,16.430647987189438,0.19107948628948282,0.14054472638845752,13.775229534688771,0.20781750163909138,0.15032954363230766,14.359639435451394,0.1536889197423734,0.11825815841234465,0.75579718680442,0.7559103706274828,0.4604040182603913,1.497765662877076,0.5660650237186162,0.37348143005900725,0.8790727002079952,0.8126422152801882,0.5007013078223733,0.7443069180186678,0.754155578695669,0.4602385867480224,12.0
Family B: Paired subgroup overlap,Large,18,16.851734324570785,0.19680165579724293,0.4350608882987725,15.16695073620722,0.199984379271293,0.44991847932206036,5.946786128109455,0.411352364587808,0.6671015249736401,0.6387434920550382,0.800015620728707,0.907074156155218,0.8622448614639703,0.745518803452181,0.8886331536949533,0.9964247194723166,0.7285703128050923,0.8785439528253993,0.6586326082639796,0.7950365134533526,0.906072639642806,8.0,16.851734324570785,0.19172491896746982,0.1410089346457486,15.16695073620722,0.1934431991252392,0.13938931172191815,5.946786128109455,0.3986409966024915,0.2518236173085896,0.6387434920550382,0.7862498535556683,0.48316763713869354,0.8622448614639703,0.7309134221111415,0.46054018946299635,0.9964247194723166,0.7118170812668411,0.4283943740712346,0.6608025874353497,0.7832233373686882,0.4718744668912488,2.0
Family B: Paired subgroup overlap,Large,19,17.01405903042905,0.19859636912012063,0.4331047921943172,13.3386233174563,0.21806546410687702,0.48315344882031847,4.573892650411833,0.3460162790248052,0.6704999871108276,0.8402224470905187,0.7357268526574251,0.8874541628804724,0.9803789245685279,0.703632813255225,0.8783713241691318,1.2778813320065632,0.6281731531427025,0.8499599630080751,0.8546850984217129,0.7344701583434835,0.8862345249373264,12.0,17.01405903042905,0.19293157782804554,0.13705090985685897,13.3386233174563,0.21265201167759024,0.15467108697443974,4.573892650411833,0.33934613228157684,0.22928718466893988,0.8402224470905187,0.7221158865495041,0.43837873205140343,0.9803789245685279,0.6883591439011658,0.43782924627850595,1.2778813320065632,0.6095160760203391,0.35781190694967224,0.8546850984217129,0.7189644838853121,0.43216954281766123,12.0
Family C: Shared super-prototype,Small,0,16.950033733275195,0.21606118546845124,0.4277963671128107,14.540236229500131,0.2191204588910134,0.46996494582536646,12.151483285668546,0.4187380497131931,0.564898024219248,1.0457880559974182,0.7609942638623327,0.8879780114722754,1.475922445084291,0.7017208413001912,0.86434034416826,2.503997822991906,0.7866156787762907,0.8314690885914595,0.8838775285955296,0.8210325047801147,0.9048518164435946,12.0,16.950033733275195,0.19923518164435947,0.13549360974137062,14.540236229500131,0.19808795411089866,0.15364798228841706,12.151483285668546,0.3858508604206501,0.25406058166448625,1.0457880559974182,0.7131931166347992,0.4402535976652913,1.475922445084291,0.6481835564053537,0.4287209419341853,2.503997822991906,0.735755258126195,0.35793499043977056,1.0136673379859675,0.777055449330784,0.47376471772164636,1.0
Family C: Shared super-prototype,Small,1,19.54473824421485,0.18525311812179016,0.4053329053558327,12.24792508338936,0.27292736610418195,0.5198474565908535,12.529459381770005,0.23367571533382245,0.49631633651259477,0.7171844260128855,0.8653705062362436,0.9174461971142088,1.5080339704182806,0.7285399853264857,0.8644381266813402,2.5729001466042454,0.8382245047688921,0.8799828808999757,0.7058876203447952,0.8686720469552458,0.9196242968941062,4.0,19.54473824421485,0.16177549523110785,0.12095995675174731,12.24792508338936,0.2413793103448276,0.18251148781712165,12.529459381770005,0.2127659574468085,0.1555392516507704,0.7171844260128856,0.8312545854732208,0.5077422095223385,1.5080339704182806,0.6632428466617755,0.42605321079661745,2.5729001466042454,0.8008070432868672,0.4938989072093292,0.6945302985455366,0.8418928833455612,0.5154071900220102,2.0
Family C: Shared super-prototype,Small,2,17.643254848773783,0.20845184884193418,0.434173100365705,12.39982576667543,0.25558715969118245,0.5262088581877286,2.742351496392868,0.5396180414465664,0.7948665853988894,0.6810096222462895,0.8667208451848842,0.913204320736828,0.9896159608616703,0.7882974400650142,0.8944534741974808,2.5650894707058747,0.8179601787891101,0.8582977786807531,0.43235610733103025,0.9276716781796018,0.9441284030881757,2.0,17.643254848773783,0.19382364892320195,0.13729977116704806,12.39982576667543,0.2328321820398212,0.172608481789602,2.742351496392868,0.5172694026818366,0.36634658568403944,0.4405519137225544,0.909792767167818,0.5834384824311897,0.9896159608616703,0.7358797236895571,0.48882568061763504,2.5650894707058747,0.8037383177570093,0.5228084432943391,0.4323561073310303,0.8980089394555059,0.5950939926003549,2.0
Family C: Shared super-prototype,Small,3,18.341326812566223,0.2186991869918699,0.43288448509485095,14.626441575195715,0.23536585365853657,0.47217987804878053,6.132386434502156,0.36341463414634145,0.6359502032520326,0.9832627721602736,0.7536585365853659,0.8825118563685638,1.7631804465715182,0.6747967479674797,0.8443174119241192,6.266353673350626,0.5634146341463414,0.7170138888888888,0.7357591211341439,0.8365853658536585,0.9073509485094852,4.0,18.341326812566223,0.2,0.13739837398373983,14.626441575195715,0.21951219512195122,0.1593709884467266,6.132386434502156,0.3353658536585366,0.21758664955070606,0.9832627721602736,0.6707317073170732,0.39142062473256306,1.7631804465715182,0.6186991869918699,0.41341463414634144,6.266353673350626,0.5,0.2802310654685495,0.7357591211341441,0.7752032520325203,0.46531878476679506,4.0
Family C: Shared super-prototype,Small,4,16.168083207130316,0.25533566162204113,0.47724259474841546,11.436678523029876,0.2980209545983702,0.5403974259474841,1.6836250971823423,0.6818005432673652,0.8561877506144094,1.4402583228696186,0.6880093131548312,0.8581279912042428,1.5055596681228733,0.7019790454016298,0.8615557495796146,2.7075028741649487,0.7784245246410555,0.8328240201785022,0.8654184178347938,0.8083042297244858,0.906415728883715,12.0,16.168083207130316,0.23593325572370974,0.1664522190225272,11.436678523029876,0.25844004656577413,0.18763147682944262,1.6836250971823423,0.626697710516104,0.3506321099605824,1.118696870120223,0.7089639115250291,0.43050875150623946,1.5055596681228733,0.6418315871168024,0.42922206564140264,2.7075028741649487,0.7233216918897943,0.3968915303392357,0.8640807431762006,0.7784245246410555,0.5002348712292954,6.0
Family C: Shared super-prototype,Small,5,16.491641167177054,0.20304568527918782,0.44596023688663283,11.850388643534673,0.2893401015228426,0.5345019035532995,14.267775468343197,0.16032148900169205,0.35372602932882113,1.2624282690071307,0.7703045685279187,0.8830989142695996,2.0061250612925328,0.633248730964467,0.8324608714043993,2.982822887046913,0.7504230118443317,0.8234542442188381,1.3135060936875236,0.7745346869712352,0.878789481105471,2.0,16.491641167177054,0.18274111675126903,0.12714845489357915,11.850388643534673,0.2639593908629442,0.18770593997684565,14.267775468343197,0.1548223350253807,0.11196455606020128,1.2624282690071307,0.7330795262267343,0.47143556861697394,2.0061250612925328,0.5786802030456852,0.4170451509484371,2.982822887046913,0.6823181049069373,0.35345979161100716,1.304284600677201,0.7508460236886633,0.45756523287915213,1.0
Family C: Shared super-prototype,Small,6,17.515171643453048,0.18993759750390016,0.4366874674986999,12.580730453197253,0.26131045241809675,0.5085559672386896,13.897457277177718,0.4200468018720749,0.5550572022880915,1.2654299595849219,0.7168486739469578,0.8700435517420697,1.4047533273088304,0.6907176287051482,0.8653471138845554,4.478851251449589,0.5838533541341654,0.7786580213208529,1.230428254623441,0.7371294851794071,0.8748212428497141,4.0,17.515171643453048,0.1731669266770671,0.12642663601280893,12.580730453197253,0.22776911076443057,0.1621233270383447,13.897457277177718,0.375195007800312,0.23197717382379507,1.2762557934515049,0.6540561622464899,0.39990968059775023,1.4047533273088304,0.6427457098283932,0.42517858609081205,4.478851251449589,0.5128705148205929,0.32777732161918055,1.2201989658133616,0.719188767550702,0.4438172263732655,2.0
Family C: Shared super-prototype,Small,7,17.03106548563418,0.22670431625655507,0.4415086728519564,12.204872079290029,0.22226704316256554,0.5165977544708888,12.982366932532093,0.15207745058491326,0.4560642732284524,0.5660337238664629,0.9084308188785801,0.9307180314643002,1.0183351904581293,0.8067769261799113,0.8943710501546324,4.496319378987901,0.7055264219443323,0.7914733763614362,0.5584247604626251,0.9019766034691408,0.9316256555062526,12.0,17.03106548563418,0.20492133924969747,0.1421838177533386,12.204872079290029,0.2045179507866075,0.16496465043205025,12.982366932532093,0.13957240822912464,0.13347911933929216,0.9570616157564124,0.7204517950786608,0.4336001358782191,1.0183351904581293,0.7511093182734974,0.4907326808348018,4.496319378987901,0.6175877369907221,0.3097811086813443,0.849683988345617,0.7716821298910851,0.45740005520052646,1.0
Family C: Shared super-prototype,Small,8,18.275245307544775,0.17501927525057825,0.43645592392701105,12.168626832338694,0.256360832690825,0.5233632099717297,3.5088439417157504,0.3400154202004626,0.7172882934978154,0.9695685862644986,0.7521202775636083,0.8861314572089436,1.1443751068439827,0.7409406322282189,0.8818989334361347,1.8181481414664147,0.7625289128758674,0.8674505268568491,0.7813178635359935,0.8164996144949884,0.9038968131585712,8.0,18.275245307544775,0.15497301464919044,0.12806882278943313,12.168626832338694,0.23939861218195838,0.18479892870186262,3.5088439417157504,0.2910562837316885,0.20050318548877977,0.7718999552675696,0.7532767925983038,0.4534147628129692,1.1443751068439827,0.6939090208172706,0.46309296757699947,1.8181481414664147,0.7278334618350039,0.4614494988434851,0.7597518360134621,0.7621434078643022,0.4517104248671022,12.0
Family C: Shared super-prototype,Small,9,15.981824887189605,0.21165321165321166,0.45915964665964665,12.262968766151191,0.23973323973323973,0.5059450684450685,6.795833802573567,0.5019305019305019,0.6842751842751843,0.7885929015137803,0.7915057915057915,0.9015297765297766,1.0309035243625202,0.7644787644787645,0.8895592020592021,5.280201598006589,0.5489645489645489,0.7622996372996372,0.8448357751375188,0.7557037557037557,0.8948315198315199,4.0,15.981824887189605,0.191997191997192,0.14119450961556224,12.262968766151191,0.21937521937521937,0.17572185993238623,6.795833802573567,0.45033345033345035,0.25430899115109645,0.7885929015137804,0.7448227448227448,0.4577229314071419,1.0309035243625202,0.7034047034047034,0.4659991502096765,5.280201598006589,0.4850824850824851,0.28750623487465593,0.7986697484538251,0.7248157248157249,0.4531599268441373,12.0
Family C: Shared super-prototype,Small,10,17.552236962034414,0.21611721611721613,0.4412477954144621,14.50566422832534,0.2022792022792023,0.46467575634242303,7.315788914803085,0.08872608872608873,0.5436762311762312,1.4959177753075008,0.6296296296296297,0.8480870980870981,1.1100539147636104,0.7883597883597884,0.8891856600189934,5.001089691305686,0.6426536426536427,0.7827041785375118,0.9745985217855231,0.7769637769637769,0.8935354768688103,4.0,17.552236962034414,0.19006919006919007,0.13985819248977144,14.50566422832534,0.18274318274318274,0.1366878735299788,7.315788914803085,0.07163207163207164,0.09703746545851807,1.4959177753075008,0.5592185592185592,0.35912430649272753,1.1100539147636104,0.7366707366707367,0.46475162264635944,5.001089691305686,0.5612535612535613,0.32682132682132686,1.2607441304914146,0.6072446072446073,0.3817021185442238,4.0
Family C: Shared super-prototype,Small,11,17.16877718169766,0.19342208300704777,0.4184693944139911,13.486428337997888,0.2545027407987471,0.5023003132341426,6.481635050090981,0.3472983555207518,0.6284586269903418,1.112773056430168,0.73061863743148,0.8793966979900809,1.8757780495571446,0.620203602192639,0.8334312190028714,4.119252544146361,0.6476115896632733,0.8036168754894283,0.8773683867717517,0.8214565387627252,0.9021388018794049,12.0,17.16877718169766,0.1664056382145654,0.12277954086469109,13.486428337997888,0.22592012529365701,0.1628611466018217,6.481635050090981,0.32967893500391543,0.23418373655360014,1.112773056430168,0.6726703210649961,0.41416972344722414,1.8757780495571446,0.5704776820673454,0.39751885587107944,4.119252544146361,0.5540328895849648,0.31552157606231707,0.9956275043611575,0.7486296006264683,0.46523513168198494,2.0
Family C: Shared super-prototype,Small,12,15.578909159733614,0.2487644151565074,0.4610533360790774,14.223886104263904,0.23682042833607908,0.47848023064250417,1.7536234369617754,0.6490939044481054,0.8364394563426689,0.6655918050428947,0.8517298187808896,0.9118701949478308,1.3213503688865287,0.7434102141680395,0.8696629599121362,1.6264693778225054,0.8167215815485996,0.8749313563975837,0.5885357135021279,0.8768533772652389,0.922149574409665,6.0,15.578909159733614,0.2343492586490939,0.15349432064510535,14.223886104263904,0.21046128500823724,0.15724442902974073,1.7536234369617754,0.5934925864909391,0.3575392352380127,0.6655918050428947,0.8056013179571664,0.45929073094598105,1.3213503688865287,0.6688632619439868,0.44301135870978936,1.6264693778225054,0.7495881383855024,0.42684037110899153,0.6571233779985288,0.8027182866556837,0.4835255354200989,1.0
Family C: Shared super-prototype,Small,13,18.61256009129397,0.16549426138467235,0.3976305072195483,14.547965413656602,0.2528693076638282,0.4744307663828212,11.736203025642865,0.3309885227693447,0.5292638528939899,1.1121053336393916,0.7300999629766753,0.8815947797112181,1.3788275147686255,0.7282487967419474,0.8726474762433667,3.0247616944633124,0.8404294705664569,0.8804455140071579,0.7876210812544172,0.8622732321362458,0.913296001480933,12.0,18.61256009129397,0.1506849315068493,0.11905921783355092,14.547965413656602,0.23546834505738615,0.1625518813694733,11.736203025642865,0.3047019622362088,0.20600557298466451,0.7763742929429783,0.8159940762680489,0.493540404138818,1.3788275147686255,0.6741947426878934,0.4507687211364212,3.0247616944633124,0.8193261754905591,0.5108049650227011,0.7876210812544172,0.8145131432802666,0.49695044720279036,12.0
Family C: Shared super-prototype,Small,14,15.751202596733687,0.23404255319148937,0.46971040189125296,11.637116214127307,0.26674546887312844,0.5235175334909378,3.8982839497578503,0.4101654846335697,0.7233303782505911,0.8037780049698603,0.7986603624901497,0.9034837142106646,1.1489322412741478,0.7202521670606777,0.876042487522984,3.397303217120342,0.7253743104806935,0.8263642631993696,0.8126353569988516,0.8026004728132388,0.9017434988179669,2.0,15.751202596733687,0.2115839243498818,0.15059516403301396,11.637116214127307,0.24113475177304963,0.18367135332420884,3.8982839497578503,0.3963750985027581,0.29805897723030983,0.8037780049698603,0.7431048069345941,0.4745966571274521,1.1489322412741478,0.6721828211189913,0.43996516112977485,3.397303217120342,0.6682427107959023,0.4059972626601966,0.814981057738268,0.7509850275807722,0.4643523702874208,12.0
Family C: Shared super-prototype,Small,15,16.76888743496863,0.20239076669414674,0.43344668865072816,12.900991506341821,0.2543281121187139,0.5083642484198956,5.966854820928894,0.34954657873042044,0.6486843913162956,1.283260934407869,0.717230008244023,0.8694438719428415,1.1599887262607853,0.7699917559769167,0.8844205138774389,1.891865536795428,0.8058532563891179,0.8652875103050288,0.9371239385031085,0.8314097279472382,0.9034504671613082,4.0,16.76888743496863,0.18796372629843364,0.13218640170087212,12.900991506341821,0.22506183017312448,0.1622553911572005,5.966854820928894,0.33388293487221765,0.24350240812253218,1.2832609344078691,0.6479802143446002,0.39059313576604326,1.1599887262607853,0.7110469909315746,0.45389855512648064,1.891865536795428,0.7431986809563067,0.3911572005033193,1.1117883685259713,0.718878812860676,0.4422484488219725,4.0
Family C: Shared super-prototype,Small,16,17.81223152842947,0.20272904483430798,0.42516244314489926,13.751692320316508,0.2580896686159844,0.4935022742040286,4.569905575245469,0.25224171539961016,0.6794996751137101,0.8790096231025344,0.7976608187134503,0.9035737491877843,1.2683830299594405,0.7380116959064328,0.875454840805718,3.066566827181693,0.6510721247563352,0.8152371669915529,1.0858562888096006,0.7922027290448344,0.8925844704353476,4.0,17.81223152842947,0.1925925925925926,0.13661639478813994,13.751692320316508,0.23079922027290448,0.1582025238534934,4.569905575245469,0.23118908382066278,0.19825587360213404,1.2701633047542706,0.5953216374269006,0.3866625628398481,1.2683830299594405,0.674074074074074,0.4402790602236586,3.066566827181693,0.571150097465887,0.38264081255771004,1.1139500331546819,0.7263157894736842,0.4616189596799015,1.0
Family C: Shared super-prototype,Small,17,16.745966421925868,0.19792412312097352,0.4341296826533047,13.574494354644212,0.25554760200429494,0.4987025769506085,2.370703615002027,0.6048675733715104,0.8100319136244334,1.425450291584252,0.5962777380100215,0.8489844309234074,2.240256615431626,0.6277738010021474,0.8184875328083988,3.021086792919304,0.8650680028632785,0.8693629205440229,0.9052913392379576,0.8321403006442376,0.9012914578859461,8.0,16.745966421925868,0.18647100930565497,0.14237275364502883,13.574494354644212,0.22619899785254116,0.1643747880797197,2.370703615002027,0.5590551181102362,0.36553893681950045,1.425450291584252,0.5586972083035076,0.3710017707116754,2.240256615431626,0.5651395848246242,0.3773687977997966,3.021086792919304,0.8274874731567645,0.4623817955769883,0.7536132974210085,0.8199713672154617,0.49370832234487433,2.0
Family C: Shared super-prototype,Small,18,17.62088724540541,0.2335231895850285,0.44615371575806884,12.470879042140233,0.2404393816110659,0.5106963656088961,13.850001219873201,0.21521562245728235,0.6085655682126391,0.9787386262239741,0.7982099267697315,0.8927057906156768,1.5037473470257934,0.6509357200976403,0.8555397342012476,1.4009764374564442,0.8112286411716843,0.8971385950637375,0.966391753848244,0.7937347436940602,0.8941297125033904,4.0,17.62088724540541,0.2013832384052075,0.15125690548584644,12.470879042140233,0.22009764035801466,0.16395443449959318,13.850001219873201,0.19609438567941415,0.16155625026765452,1.1741266723253654,0.5768917819365338,0.3687636503789988,1.5037473470257934,0.5895036615134256,0.407755556507216,1.4009764374564442,0.7969894222945484,0.5770630808102436,1.0622718458987568,0.6419853539462979,0.40062524088904117,1.0
Family C: Shared super-prototype,Small,19,17.296526775926594,0.189498618239242,0.43424299249901305,14.960489200448515,0.2198973549151204,0.46500361889722336,4.091163516171868,0.35136202131859456,0.7020825108566916,0.6883558053650397,0.870509277536518,0.9220456639031452,1.043323786294621,0.7706277141729175,0.889936175812607,2.421642523810889,0.7015396762731938,0.8351592314778261,0.7662223855948452,0.8906435057244374,0.9215686274509803,4.0,17.296526775926594,0.17568101065929728,0.1288881501028529,14.960489200448515,0.18989340702724042,0.146154964988468,4.091163516171868,0.3103039873667588,0.21580401853429462,0.6883558053650398,0.8326095538886695,0.5273962640513642,1.043323786294621,0.7252270035530991,0.47439067467326035,2.421642523810889,0.6198183971575207,0.35776175535562166,0.7165690689243385,0.8290564547966838,0.5202900658673926,12.0
Family C: Shared super-prototype,Medium,0,15.938999902293242,0.2027172740996334,0.4547323161526849,14.60266738474895,0.20897131766228164,0.46958342319028107,10.56366012678787,0.3380418373948674,0.5564593666882325,1.8840898318723518,0.5796851412551218,0.8220428078499029,1.1909784129767975,0.6982963122708647,0.8697995291495939,1.2977470836304632,0.7522104809143842,0.8643047767953419,0.8394467114628271,0.7838041837394867,0.8963342858169794,1.0,15.938999902293242,0.19053267198619797,0.14124944667037442,14.60266738474895,0.2027172740996334,0.14699839960046762,10.56366012678787,0.3301703687729135,0.22810800994290772,1.640480277915795,0.6379124433901229,0.39693313508053074,1.1909784129767975,0.6673495794694846,0.4263986470381258,1.2977470836304632,0.7060599525555316,0.36225781187927764,0.8394467114628271,0.7627776579685142,0.46303758101313236,1.0
Family C: Shared super-prototype,Medium,1,17.0423441154928,0.20719966513185434,0.4424815996930375,14.506424815393393,0.219024696525743,0.4668881679921864,5.8777945998911125,0.3635412306404353,0.6575449979070741,1.1720474251320163,0.6513185433235663,0.8608313276126692,1.3219074555168202,0.6312264545835078,0.8519516534114693,1.6893412964548553,0.7672666387609879,0.8741933514720246,0.9886153997050874,0.7222687316868983,0.880766446909446,2.0,17.0423441154928,0.19443281707827542,0.1380890484897887,14.506424815393393,0.20667643365424865,0.1451939811856976,5.8777945998911125,0.3479489326077857,0.23942521645260073,1.1720474251320163,0.62316868982838,0.3799156220396114,1.3219074555168202,0.5970071159480954,0.37834592760679425,1.6893412964548553,0.7389074926747593,0.4796820955696064,1.070208293030523,0.6335286730849727,0.3817551937608777,4.0
Family C: Shared super-prototype,Medium,2,17.081963355663497,0.2035983869299969,0.4380363974769931,13.275455036321517,0.23317133698686796,0.4942181091234964,14.449842637771107,0.23017268121187054,0.4821804018888085,1.0018388037053656,0.7055113225105987,0.8750323131010237,1.1795740332477183,0.6859683590114776,0.869226725950436,1.0631346927690952,0.7175059456105883,0.8762903698342123,0.9721915165590634,0.7143004859890394,0.8788581842622272,12.0,17.081963355663497,0.1909833522903526,0.1424279860026449,13.275455036321517,0.22210733119636025,0.15995733310113253,14.449842637771107,0.2193154792679144,0.14001164632188473,1.0018388037053656,0.6777996070726916,0.40776276333476646,1.1795740332477183,0.656188605108055,0.42189073137813,1.0631346927690952,0.6773859993795884,0.39209465085524275,0.9721915165590634,0.6868989763209595,0.41813560890127294,12.0
Family C: Shared super-prototype,Medium,3,17.448559630067095,0.1902146271996745,0.42809522598582717,13.457063595118587,0.2336486623944665,0.4878233818194148,11.705865897168165,0.23476757196622927,0.47515512155426703,0.7284938737994338,0.8177194588546435,0.9093598480995491,1.17534126976713,0.6918929915573186,0.8701492727087784,2.9018101587930896,0.7052181873664938,0.8246405926830095,0.935060366540829,0.7762180856474418,0.8919849625334826,1.0,17.448559630067095,0.17811006001424068,0.1290707696920054,13.457063595118587,0.21849252364967958,0.1634785774322899,11.705865897168165,0.2216458142610111,0.1651863867786647,0.7284938737994338,0.799613467602482,0.5061165272044928,1.17534126976713,0.6697182382260197,0.42677031302699836,2.9018101587930896,0.6651408808869901,0.35228519880721026,0.6980751858133621,0.811311158580002,0.5176482555182585,12.0
Family C: Shared super-prototype,Medium,4,16.08386202534077,0.20024824162184526,0.4406762860295132,12.810876938554838,0.23200248241621846,0.4915636636326024,8.744746208983342,0.1392221762515515,0.525453385739898,0.8846547772227086,0.7265204799338022,0.886007102468625,1.248523344020794,0.6818369880016549,0.8677359157357607,1.007229051999271,0.8549855192387257,0.910775237898221,1.1236173544952135,0.7085229623500207,0.8749762963729142,12.0,16.08386202534077,0.1895945386843194,0.1361137120832698,12.810876938554838,0.2182457592056268,0.1590760621039566,8.744746208983342,0.12825817128671907,0.12103412233521331,0.8997629360953494,0.7317956143980141,0.4518922979770485,1.248523344020794,0.6564956557716177,0.43048690198811057,1.007229051999271,0.8402978899462143,0.5514829170568124,1.2392154869786631,0.6176044683491932,0.3750952681662783,12.0
Family C: Shared super-prototype,Medium,5,16.841468207678687,0.20277078085642317,0.44214639308704173,13.98182923572644,0.22302686817800169,0.4788058879093199,15.1546198933397,0.12772879932829556,0.39593610061572904,0.7402718690208925,0.8000629722921915,0.9018353799328296,0.8557035018652993,0.7882031905961377,0.8979039847467114,4.0478672927420885,0.8157010915197314,0.8474693010075568,0.6955924898358796,0.8216834592779177,0.9083884340890009,2.0,16.841468207678687,0.19112090680100755,0.13968248707410844,13.98182923572644,0.2138958858102435,0.16316452339917806,15.1546198933397,0.11544920235096558,0.08781872818065314,0.7402718690208925,0.7715155331654072,0.4650945689159929,0.8557035018652993,0.7539882451721243,0.4784955146051526,4.0478672927420885,0.8047858942065491,0.5147763931238677,0.6955924898358796,0.7942905121746432,0.4823346148747182,2.0
Family C: Shared super-prototype,Medium,6,16.9350921301372,0.19416806225987587,0.4309304502019506,14.002265597500271,0.2162348537089942,0.47440728335467763,2.8822106462779957,0.5742291399862083,0.7880299149509079,0.748399926160478,0.8323317899714314,0.905114028174564,0.9845380754381153,0.7605162052999704,0.8889600367779857,3.663269159267355,0.7688897645552162,0.8145913374708568,0.6444719638592689,0.8553837060388139,0.9171900141201196,4.0,16.9350921301372,0.18086887991330902,0.13208447184358296,14.002265597500271,0.20677765737365777,0.1468354167854865,2.8822106462779957,0.5551177223918826,0.3704898143299338,0.748399926160478,0.8021869766525466,0.47799283451461866,0.9845380754381153,0.7318490789084819,0.4577770403745548,3.663269159267355,0.741207762781992,0.40371962316390914,0.6444719638592689,0.8336124519751749,0.5134936148370137,4.0
Family C: Shared super-prototype,Medium,7,16.3282521796028,0.1974033939889593,0.4426817113064813,14.149183629851029,0.22725414025761603,0.4805510120629728,5.3295085694414635,0.42261296258433856,0.6844906460846453,0.8684124620008797,0.7545491719484768,0.8905302255844068,1.0515627027230068,0.7372725414025761,0.8839279629251006,1.3641812190082303,0.7679411163361276,0.8701569208750767,0.7054332250613372,0.8019832345123696,0.9073425679820079,12.0,16.3282521796028,0.18963402167245963,0.1339140634247651,14.149183629851029,0.21825802494377428,0.15808843310484352,5.3295085694414635,0.4119811899407074,0.3026665518836962,0.8684124620008797,0.7297076262523001,0.44396259509948455,1.0515627027230068,0.7093641382130443,0.4555520881533214,1.3641812190082303,0.7317521979145369,0.4035500220598522,0.7054332250613372,0.774585974238397,0.4846226689192825,12.0
Family C: Shared super-prototype,Medium,8,16.837759049804767,0.19878665318503538,0.44782819346140884,13.65902813264438,0.23892821031344794,0.4863098247387934,5.469005399248929,0.2575328614762386,0.6299818840579711,0.9688610191029379,0.7246713852376138,0.8824991573980451,1.3392427077433555,0.6643073811931244,0.8611455173576003,1.9985072977355554,0.7765419615773509,0.8603324064711831,0.6265743933741382,0.8650151668351871,0.9227018031681835,6.0,16.837759049804767,0.19332659251769463,0.14206801128199667,13.65902813264438,0.22992922143579372,0.15924112607099145,5.469005399248929,0.24337714863498483,0.1840136235431856,0.9688610191029379,0.701314459049545,0.4396838912245224,1.3392427077433555,0.6386248736097068,0.41685913469213987,1.9985072977355554,0.7378159757330637,0.40302272364429786,0.6265743933741382,0.8481294236602629,0.5354212122824757,6.0
Family C: Shared super-prototype,Medium,9,17.16036456407582,0.21552960458922352,0.4397280270436386,13.237999217927307,0.23734890391313254,0.4956250426825104,11.775225188671925,0.21880762138905963,0.483129737758656,0.8484355553269414,0.7942020077852899,0.8985223314894489,1.7581478449658936,0.619340299119033,0.8336000990234242,2.411016741472254,0.7253636549887318,0.8380348118554941,0.9045371131390251,0.7759680393362016,0.8925126340230829,12.0,17.16036456407582,0.20692481048965375,0.1446155339177692,13.237999217927307,0.22526121696373694,0.16619221686669036,11.775225188671925,0.21276377791436182,0.16913057074154347,0.8451814747533166,0.7567096906371645,0.4599629066520019,1.7581478449658936,0.5910674042204467,0.38180269358090985,2.411016741472254,0.6822372464658881,0.38194826340590265,0.9045371131390251,0.7473878303626306,0.4561888741521905,12.0
Family C: Shared super-prototype,Medium,10,17.275819685614202,0.18305363945228045,0.42284824462061155,13.44675573014257,0.23195717080201791,0.49110727890456085,7.660806474793727,0.2801400185318645,0.572576701328117,0.7671822454697906,0.8004735920930711,0.8998678746696868,0.921838528791223,0.7694841964377638,0.8919553690929684,1.2596376068148425,0.7245959023988469,0.8679711898143382,0.6136905952183903,0.8543189539792031,0.9197102680256701,2.0,17.275819685614202,0.17584680325337176,0.1284984312939251,13.44675573014257,0.22361783177185215,0.1565671617528326,7.660806474793727,0.26963862864202615,0.1828260551512623,0.6411141894280409,0.8146813548852054,0.5027012089061322,0.921838528791223,0.7389066199938227,0.4648517721772773,1.2596376068148425,0.6847523936991661,0.39174844348594123,0.6136905952183903,0.8340368578194173,0.5233734495819493,2.0
Family C: Shared super-prototype,Medium,11,17.059491373556035,0.1959466446075897,0.4301520008272154,11.814310039444896,0.2745321062971771,0.5289202254161928,1.220572685400774,0.6726295109089029,0.8654504015441353,1.5750184698740566,0.5910453934443181,0.8349748388653363,1.3997778639640872,0.6280632819770448,0.8526781098128426,1.4099028808489489,0.6184469031123979,0.8495049632923173,0.907353822676352,0.7379795264191914,0.8852346361975667,4.0,17.059491373556035,0.1890187157481129,0.1369640106884935,11.814310039444896,0.2594354254989143,0.19095614125791158,1.220572685400774,0.6355082204529005,0.3921327463006602,1.5750184698740566,0.5694343914796816,0.36258700727623,1.3997778639640872,0.6053148588563747,0.4005409553249269,1.4099028808489489,0.5666425395512357,0.3537162107004664,0.907353822676352,0.7108882225209389,0.42566218047445153,4.0
Family C: Shared super-prototype,Medium,12,16.808633290822993,0.21387461459403906,0.44504967454607736,13.60975104431116,0.21675231243576568,0.47644741349777325,1.6579004950612253,0.5484069886947585,0.8351618705035971,0.9223815775277912,0.7299075025693731,0.8861061151079137,1.3500685718951875,0.644398766700925,0.8553764131551901,2.3500188079592985,0.7134635149023638,0.8538262247344982,1.1302338191043493,0.6803699897225077,0.8707027235354573,4.0,16.808633290822993,0.20678314491264133,0.1413966571104019,13.60975104431116,0.20698869475847892,0.1485151728241467,1.6579004950612253,0.5221993833504625,0.37224536160545246,1.2720643327516439,0.5904419321685509,0.382874452317845,1.3500685718951875,0.6180883864337102,0.39250824903986586,2.3500188079592985,0.6902363823227132,0.44129388218748317,1.2211309173489326,0.5981500513874615,0.39078271217612376,1.0
Family C: Shared super-prototype,Medium,13,16.284974290967575,0.1993406819820748,0.45249562171628727,14.000105862473896,0.23848768929638406,0.48657970193331274,4.840320033131108,0.21922324096013188,0.6502030321760929,1.3130750262840925,0.5812300401771917,0.8474683218296075,1.1330465039951787,0.6911507159781601,0.8698040074173277,2.165301911751669,0.5967858246626147,0.8187562240307682,0.6952121798508054,0.8137426599361286,0.905493458329041,4.0,16.284974290967575,0.19058411455650562,0.14131961200002172,14.000105862473896,0.22746471618419697,0.1654313490535858,4.840320033131108,0.19625012877305037,0.14984845445229436,1.3130750262840925,0.555063356340785,0.36681071174898205,1.1330465039951787,0.6615844236118266,0.42325397298748046,2.165301911751669,0.5448645307510044,0.32951261433691365,0.6124734040303851,0.8291954259812506,0.5088134986688931,1.0
Family C: Shared super-prototype,Medium,14,16.503090673756084,0.20144329896907218,0.44178264604810996,13.803573913579806,0.22422680412371135,0.48794458762886594,12.921767660341327,0.12536082474226803,0.4474226804123711,0.9883435771341492,0.7069072164948453,0.8796069587628866,1.0781801370152708,0.7216494845360825,0.8780262027491409,2.1847971559297874,0.8519587628865979,0.894381443298969,0.7885126970805038,0.764020618556701,0.8952147766323024,8.0,16.503090673756084,0.19412371134020617,0.14428648941942487,13.803573913579806,0.21164948453608248,0.16016277807921867,12.921767660341327,0.11742268041237114,0.09755290287574607,0.9883435771341492,0.6810309278350516,0.42933260987520344,1.0781801370152708,0.69,0.4446066196418882,2.1847971559297874,0.831958762886598,0.5302495930548018,0.8051589889092683,0.73,0.44887140531741726,4.0
Family C: Shared super-prototype,Medium,15,17.05844355255893,0.1792433110367893,0.43592138726309926,13.792492989107382,0.24101170568561872,0.4875844829988852,13.995412463394116,0.494878762541806,0.5711050724637681,0.806152261898351,0.7902382943143813,0.9000422414994426,1.9539589253343013,0.5145275919732442,0.8088855211817169,1.9187839895531638,0.5204849498327759,0.8137193422519509,0.8342760641223144,0.7721571906354515,0.8962992962653289,1.0,17.05844355255893,0.16994147157190637,0.12793192219679633,13.792492989107382,0.22627508361204013,0.15929743883119166,13.995412463394116,0.4805602006688963,0.3059045502552368,0.806152261898351,0.768185618729097,0.474899885583524,1.9539589253343013,0.4804556856187291,0.32642250484069707,1.9187839895531638,0.4731396321070234,0.2929831895792995,0.9877842075396039,0.7138377926421404,0.43187819045942616,12.0
Family C: Shared super-prototype,Medium,16,16.440732561694414,0.1962569032521988,0.43665413854230584,13.6198654290659,0.20750664757619144,0.4801488886616213,10.951996020212457,0.29740233176518716,0.5116566953023794,1.1715497979413019,0.662507670280221,0.860358287311652,0.9742093003961798,0.757516874616486,0.8880565214426944,3.961631067027331,0.6747801186336674,0.8247319663189474,0.5822430603454792,0.8595827367559828,0.9252488579805004,6.0,16.440732561694414,0.1890979750460217,0.1351422635131498,13.6198654290659,0.19768868889343424,0.1467957067961374,10.951996020212457,0.28523215381468603,0.20312516820789958,1.1715497979413019,0.6238494579668644,0.3763227869223068,0.9742093003961798,0.7319492738801391,0.47117589432776047,3.961631067027331,0.6375536919615463,0.3711123790248786,0.558575659666059,0.8577418695029658,0.5544240023253061,4.0
Family C: Shared super-prototype,Medium,17,17.204707028804737,0.194621372965322,0.4294855592626293,12.943838307819325,0.22495197654433324,0.4879098844066997,12.122106511463919,0.18046709129511676,0.4142423246722609,0.6145321010800773,0.851177838438985,0.9183369561554274,1.1947482563579797,0.7264179557173188,0.8759394061941833,1.3372547962206394,0.8613891416439187,0.8946474909850706,0.8908771464256858,0.8210494388838337,0.8995340882283558,4.0,17.204707028804737,0.1851177838438985,0.13458274135444767,12.943838307819325,0.2127186331007987,0.1611566070164796,12.122106511463919,0.17601860277019513,0.13453485092774398,0.6145321010800773,0.8281265797189364,0.5188235982738161,1.1947482563579797,0.7048832271762208,0.4569012765459296,1.3372547962206394,0.8410676372459812,0.5379371996871158,0.7571419131470148,0.8022444646648468,0.4988798961309857,12.0
Family C: Shared super-prototype,Medium,18,17.528554560078724,0.21321631388745482,0.4345766649457925,13.938808051829001,0.22519359834796077,0.4709387368783342,15.320025956399466,0.19277232834279814,0.573165117879883,1.1660390988467417,0.6466701084150749,0.8610738255033556,1.3660696957916492,0.6916881775942179,0.8612157976251936,1.4313454369427019,0.6549303045947341,0.8495633281707107,0.8467348455716873,0.7419721218378936,0.8908471003269661,2.0,17.528554560078724,0.20320082601961797,0.13974947694481427,13.938808051829001,0.21559112028910687,0.15367768931880552,15.320025956399466,0.1736706246773361,0.1373311958264272,1.1660390988467417,0.6238513164687661,0.3883868162921501,1.3660696957916492,0.6668043366029943,0.44138249599217455,1.4313454369427019,0.6086732059886423,0.35475912289758993,1.1802004243176472,0.6295302013422819,0.3854740102709018,6.0
Family C: Shared super-prototype,Medium,19,17.67839836831521,0.20626326963906583,0.4263247523000708,13.779052861009497,0.22356687898089173,0.4791268577494692,10.32489981162225,0.2005307855626327,0.5793059978768578,1.0596270786102415,0.6829087048832272,0.8720740445859873,1.369343338258002,0.6251592356687898,0.8507386765746638,2.01547956285069,0.5956475583864119,0.831391542816702,0.9619986703193563,0.6865180467091295,0.8779945152158529,12.0,17.67839836831521,0.19543524416135882,0.13868588669125043,13.779052861009497,0.21369426751592357,0.15364845234104368,10.32489981162225,0.17685774946921443,0.1526371661638172,0.913610852358789,0.6768577494692144,0.42275114537937203,1.369343338258002,0.5882165605095542,0.3872332104145715,2.01547956285069,0.5492569002123142,0.35078221030282714,0.9560652167853296,0.6630573248407643,0.4137892501955525,6.0
Family C: Shared super-prototype,Large,0,17.474608897523645,0.1888771186440678,0.4253028998940678,14.319244997924374,0.21822033898305085,0.4706363656426553,8.11936531423587,0.5523569915254237,0.7107046698446328,1.2677660860802924,0.6426641949152543,0.8564756576624294,1.3276781369170374,0.6311970338983051,0.8522764389124295,1.9812595889274878,0.6646716101694915,0.8325338762358758,1.0655280804851168,0.6779396186440678,0.8718264477401131,2.0,17.474608897523645,0.18400423728813559,0.13233301739518288,14.319244997924374,0.21265889830508475,0.1531096677074041,8.11936531423587,0.5342690677966102,0.2931464652096342,1.2677660860802924,0.630614406779661,0.40575518510258696,1.3276781369170374,0.6171610169491526,0.4020614964317573,1.9812595889274878,0.6498675847457627,0.38563085414808207,1.0655280804851168,0.6650688559322034,0.42681060437109725,2.0
Family C: Shared super-prototype,Large,1,17.510262907432843,0.1891783029001074,0.4248534282133906,14.559907760974058,0.2050751879699248,0.46202056480486936,6.520264963175933,0.23157894736842105,0.6200557196562836,0.9368271859298352,0.7086466165413534,0.87999966433942,1.2988070578163113,0.6330290010741139,0.8526796902971715,2.1276469850167192,0.5280612244897959,0.8076099847833872,0.9659573544140404,0.6941460794844253,0.8769596983530256,12.0,17.510262907432843,0.18515037593984962,0.13391090508225448,14.559907760974058,0.20080558539205157,0.14657131550681213,6.520264963175933,0.21801825993555318,0.15086635762338177,1.1098332424835502,0.6351772287862514,0.3873056701905138,1.2988070578163113,0.6197368421052631,0.39988834869127704,2.1276469850167192,0.5087808807733619,0.3370046356492736,1.0685112962141312,0.6358216970998926,0.3938605913279439,2.0
Family C: Shared super-prototype,Large,2,16.10769745548263,0.1984680582243163,0.44029836013792745,14.062434365592727,0.21207654444473692,0.47804743228659424,5.709772112372109,0.33789581743044406,0.6432373237521167,1.4299124139190893,0.5620541707246454,0.8364031393400191,1.0885594481477283,0.7163801953094154,0.8761790073087486,1.6439604445978484,0.7534152825669237,0.8593904916076615,0.7428625150373732,0.7726830038693375,0.9000799531467979,4.0,16.10769745548263,0.19236134874049116,0.1382307998154688,14.062434365592727,0.2053907504408939,0.14987760259008712,5.709772112372109,0.3274986180937591,0.2187332456856125,1.0252772303127473,0.7153536363875654,0.45196161417731906,1.0885594481477283,0.7031665394435525,0.44841783857395595,1.6439604445978484,0.7333579005553947,0.40824073291596763,0.7385504233492833,0.7639440920217946,0.47594374845011767,8.0
Family C: Shared super-prototype,Large,3,16.73036407690348,0.1934461455815203,0.4328795102515892,14.483395403355159,0.21012624227773302,0.4655010520189811,2.655832074584987,0.48342734354015576,0.7755500716268242,1.3287431975793507,0.6319634703196347,0.8501348598800251,1.6389882659648913,0.5304055868922911,0.8244633584027219,1.4183000765138871,0.6343540155788343,0.8487347792998479,0.8153556872882283,0.7570776255707763,0.8930421255260096,12.0,16.73036407690348,0.1878323932312651,0.1377921031426269,14.483395403355159,0.2034918076819769,0.14994698672547607,2.655832074584987,0.4679290894439968,0.291441536960855,1.3287431975793507,0.6184528605962933,0.3743175424459618,1.6389882659648913,0.5157668546870803,0.35005866802380653,1.4183000765138871,0.6143432715551974,0.37066881547139413,0.8153556872882283,0.7420897125973677,0.45613893718987236,12.0
Family C: Shared super-prototype,Large,4,16.22947859251703,0.2023513393207824,0.442903214544439,14.14889531341698,0.2144746144379566,0.4689515636319203,11.93401896550642,0.1477835092037391,0.41591932654290276,1.169983455240057,0.6247807074965306,0.8565357894093723,1.3695060124032346,0.6303579377340212,0.8509967444336799,1.7961240798365128,0.6896651043439553,0.837437703472895,0.9304118000687114,0.713387970987929,0.8800786398191547,12.0,16.22947859251703,0.19685266162184809,0.13907382422698103,14.14889531341698,0.2071692283522296,0.1502365533902311,11.93401896550642,0.1434107512241104,0.10468710594532468,0.8145927929434261,0.7317168966510434,0.45929669293812675,1.3695060124032346,0.6160875598963107,0.40365117711668086,1.7961240798365128,0.6688224974470425,0.36851200820253877,0.8938717029417277,0.7107433688565369,0.44032832204887074,8.0
Family C: Shared super-prototype,Large,5,17.115316060562456,0.19472375105842507,0.4305221122636184,13.737279338070355,0.21732112616426758,0.4812322493296642,6.653477813471878,0.27024237933954276,0.60222952829523,1.345839488055736,0.5923475867908552,0.8430620237087214,1.6148184777676544,0.6248147756138865,0.8387241347375105,0.9681678000125025,0.7396009737510584,0.8872848971563647,1.2782615699643352,0.6452159187129551,0.8552046949971776,12.0,17.115316060562456,0.18866426756985605,0.13666635099603372,13.737279338070355,0.21139394580863674,0.1540635166451268,6.653477813471878,0.2587320067739204,0.1893536365256919,1.345839488055736,0.5763653683319221,0.3549303110655555,1.6148184777676544,0.6131985605419137,0.3966225099157717,0.9681678000125025,0.7259208298052497,0.45971857034627217,1.2498536184545699,0.5966871295512278,0.3713345068853336,6.0
Family C: Shared super-prototype,Large,6,17.48637394186713,0.1858277758588623,0.4251362799018696,13.000391067480205,0.23253713101469298,0.49659023478669045,9.961314402854308,0.09976884448813668,0.4901244121476207,1.273129673081873,0.6224991364880303,0.849496506097723,1.228580817026064,0.6517256954592555,0.8596654666064423,2.952808054998913,0.7481467704652337,0.842386924214647,0.7420626997156345,0.7608736084172489,0.8958554746658874,6.0,17.48637394186713,0.18218774078699151,0.1326032753323647,13.000391067480205,0.22677152801764222,0.16047058955143526,9.961314402854308,0.0948534686611579,0.10125114843595959,0.8487497928103999,0.7281664319685416,0.43337533194518835,1.228580817026064,0.6386800223184632,0.40958295518268,2.952808054998913,0.7399367643542258,0.4845903317424202,0.7420626997156345,0.7469777081063846,0.453801760026178,6.0
Family C: Shared super-prototype,Large,7,16.609524785882275,0.19688810645679075,0.4379681647940075,13.847776387500355,0.2136125925542381,0.47834899635823885,4.85762831825947,0.3934655413452079,0.6942959405581732,1.5441830129459988,0.6148449231087868,0.8401918396934708,1.840348653928902,0.5857712421684875,0.8246172698872953,0.7491493631162499,0.8329881427018071,0.9116495365815771,0.9818121771754049,0.6890695386527209,0.8759066647681183,4.0,16.609524785882275,0.19046756071040233,0.13808806176368793,13.847776387500355,0.20752860767358774,0.15252202634167875,4.85762831825947,0.38202247191011235,0.26127206381303025,1.2623304672554152,0.6210583544762596,0.38155510196295384,1.840348653928902,0.5732149329467199,0.3790492904969927,0.7491493631162499,0.8227618702428416,0.5303490694841488,0.9818121771754049,0.6747268679128049,0.42493738877821596,4.0
Family C: Shared super-prototype,Large,8,16.663218485278307,0.1981986699481594,0.4417802316245135,14.351702232460953,0.21948473582238048,0.4707529323977588,5.641865096592906,0.4267424202754359,0.6703976191722958,0.7742228539261908,0.7631041524846834,0.895132961547189,0.7165690827021328,0.7943656071634289,0.9039105182314849,1.1216767486994943,0.7850447714300676,0.880828249637814,1.1136486503408327,0.7496465413415719,0.879039683370861,2.0,16.663218485278307,0.19290988113316226,0.13811621004125751,14.351702232460953,0.21254647326805257,0.1495343716152716,5.641865096592906,0.417840498507619,0.27507076063200886,0.6611503874464636,0.7980572864847882,0.485802399384858,0.7165690827021328,0.7804105356862334,0.48868656691737195,1.1216767486994943,0.7705922396187883,0.44447874149425504,0.6360454942880107,0.8126407289103,0.5028207792350962,12.0
Family C: Shared super-prototype,Large,9,16.566313659267212,0.19481010947425328,0.435824097851061,14.629716716803651,0.20270306798215976,0.4624251024913276,13.517614003171705,0.2914447898364644,0.4253953236923909,0.7817724381932546,0.7861873226111636,0.8980307023471642,1.3146073887561776,0.606514393837005,0.8488162814794793,1.9112452700617888,0.5630490606838762,0.8194806730639276,0.8053550023582484,0.7635626436004865,0.8956221561472272,8.0,16.566313659267212,0.19043113934315448,0.1359700101720716,14.629716716803651,0.19759426949587783,0.14516897731556894,13.517614003171705,0.2894174888498446,0.2099444448396298,1.0923301283356268,0.6210839302608461,0.36513184569749824,1.3146073887561776,0.5887282065143938,0.38239306876462675,1.9112452700617888,0.5390458170022976,0.3447905477980666,0.8053550023582484,0.7499121502905798,0.46658510040474893,8.0
Family C: Shared super-prototype,Large,10,17.105597665032747,0.19300944096743397,0.4315413837912379,13.380228893005958,0.22692797284395885,0.4892849881545914,8.92290758207178,0.22234008698419433,0.5202438253597822,1.1857633740464688,0.6411636787949506,0.8582147687493371,0.8105911707471335,0.7703405112973374,0.8961510156995862,1.5136471681545374,0.5936140871963509,0.8394521719529012,0.7929840277809537,0.7469502492839716,0.8930764028853293,6.0,17.105597665032747,0.18852763339344436,0.13557502805491506,13.380228893005958,0.22008592341147767,0.15834696532356668,8.92290758207178,0.216770976981012,0.163607610837851,0.7987706444463847,0.7447491248541424,0.45096252086671546,0.8105911707471335,0.7548796011456455,0.47848425295763003,1.5136471681545374,0.5727431844701389,0.35312205144238556,0.7910242941281117,0.7355998727060571,0.4453543293898266,8.0
Family C: Shared super-prototype,Large,11,15.879495550363185,0.19645645969088266,0.4476036449638286,14.376063750160531,0.21452420701168615,0.4683993932539896,6.76771287947973,0.17596531854165545,0.5852327804405192,0.789169001390263,0.7658732295761753,0.8960588435923672,1.638533217736644,0.5889385535031504,0.8324946819968765,1.4381148253831095,0.780386665948624,0.8695456809736659,0.7928448803083608,0.7645538262695891,0.8955663112355718,12.0,15.879495550363185,0.19255210296731112,0.13866631142453043,14.376063750160531,0.20868113522537562,0.14997689981321444,6.76771287947973,0.16627174322796057,0.13701953737270098,1.0127700032760811,0.6614788087673004,0.4060871117964009,1.638533217736644,0.5757175938391944,0.38132456187590524,1.4381148253831095,0.7637191017286876,0.4424337676546366,0.8901922218296758,0.6957832947385427,0.4232478579182622,4.0
Family C: Shared super-prototype,Large,12,17.669013524929476,0.19514955537590944,0.4259425806161862,14.397571267293657,0.22128806251684183,0.4752722761160514,14.345049069480947,0.3495014820803018,0.5364333512979431,0.7698402203827085,0.7770681756938831,0.8959669451181174,1.2722160139356624,0.6308542171921315,0.8541487020569478,3.3077816103718267,0.6239288601455133,0.8032325069612862,0.8656874741047557,0.7403125842091081,0.8883892481810833,4.0,17.669013524929476,0.19124225276205875,0.13845608362053072,14.397571267293657,0.2143088116410671,0.15495752315307265,14.345049069480947,0.3381568310428456,0.20290317548114425,0.7698402203827085,0.7631905146860685,0.45892722914805206,1.2722160139356624,0.6184047426569658,0.3929696918123928,3.3077816103718267,0.6026407976286715,0.3297990327475925,1.1065513634619268,0.6248720021557531,0.3766710632685189,2.0
Family C: Shared super-prototype,Large,13,17.704133056343448,0.19137862004537567,0.42495718225899726,14.283875383887597,0.21137061257173362,0.4692835535388585,15.09348577652082,0.03400507139997331,0.4236976733840473,0.8984334678615704,0.7400507139997331,0.8876773877841542,1.0433325288717483,0.7087148004804484,0.8753264157658258,1.3893279828315068,0.5759508874949953,0.8433904977979448,0.9357585583183305,0.7368210329640998,0.8849009075136794,12.0,17.704133056343448,0.18614707059922594,0.1348402368526414,14.283875383887597,0.20525824102495663,0.1486987855331643,15.09348577652082,0.03152275457093287,0.05424571705521645,1.1056044713972764,0.6123048178299746,0.36980901472953703,1.0433325288717483,0.6941145068730815,0.44206030891990417,1.3893279828315068,0.5526491391965834,0.3328706793006806,0.920833221503986,0.687414920592553,0.4085525437777013,2.0
Family C: Shared super-prototype,Large,14,16.74093399956935,0.1936086662153013,0.43369611825772963,15.043757947699662,0.19463777928232903,0.45242270367862786,14.093889520421701,0.13020988490182803,0.41668584969532835,0.8147748691893658,0.7532566012186865,0.8934196569623111,1.0545725141666242,0.7049424509140149,0.875807944030693,2.8995437883656257,0.635991875423155,0.8070023696682465,0.7661601375602519,0.7757345971563981,0.9002324531708418,6.0,16.74093399956935,0.18827352742044684,0.1324804903253394,15.043757947699662,0.18965470548408936,0.1381762463029612,14.093889520421701,0.12460392687880839,0.09264013113352101,1.3198653392500836,0.5721597833446175,0.35952250293981397,1.0545725141666242,0.6923222748815165,0.43641663400206676,2.8995437883656257,0.6163845633039946,0.3609179346470442,0.8721671285797414,0.7236831415030467,0.41888607775362574,4.0
Family C: Shared super-prototype,Large,15,16.832398458261675,0.1954459203036053,0.43867497715932247,13.888801514719102,0.22243305924520346,0.4781020495115609,14.317328295946888,0.08617963314358001,0.4736398815798721,0.9603569721860834,0.7013757115749526,0.8772132396865556,1.638735164090325,0.5988825637781995,0.8348827658303466,1.1915808352926425,0.7198239510858107,0.8714942854381896,0.8896391236600918,0.7072791482184272,0.8813338955653947,4.0,16.832398458261675,0.18996415770609318,0.14080306712385013,13.888801514719102,0.2161079485557664,0.1537667698658411,14.317328295946888,0.08204195656757327,0.07833288946591653,0.9644137488287148,0.6821368332279149,0.4178429153211936,1.638735164090325,0.5853099304237824,0.38480253448294993,1.1915808352926425,0.7032732447817837,0.43371117547188653,0.8896391236600918,0.692731393632722,0.4218599154432571,4.0
Family C: Shared super-prototype,Large,16,17.106289448804205,0.18984856228313204,0.43097602908608373,14.165316099280831,0.218979476558087,0.473960714958173,12.136979810878499,0.1057912149985206,0.4283164546179986,1.0768143719497274,0.6573957016434893,0.8659907335180353,1.8141493527396109,0.5805740108131372,0.8250195013045701,2.055384019047133,0.7180514834440649,0.859682509795483,0.8549527557982217,0.7491459773515884,0.8920888587029616,12.0,17.106289448804205,0.18438819700352369,0.1348994780304178,14.165316099280831,0.21241627888210451,0.15373115522755298,12.136979810878499,0.10369314361029669,0.09869146600260773,1.0768143719497274,0.6418484546897275,0.39141064863250197,1.8141493527396109,0.568066277537187,0.37456661801368424,2.055384019047133,0.7003523683998171,0.41196098889664384,0.8549527557982217,0.7353202248702154,0.4651248720558693,12.0
Family C: Shared super-prototype,Large,17,16.606425024427317,0.19793350112597696,0.4401885459442752,14.323399618392862,0.20940521923433567,0.4687127434097232,6.731731897947673,0.41406808848854154,0.6287516006535083,1.1301543121680988,0.6524572791098159,0.8627362343798296,1.432929470294038,0.5953371307457942,0.8428047865059389,2.903313903301627,0.6722744734401908,0.8193276151366627,1.141036833533048,0.6773082527487084,0.8657840994392193,6.0,16.606425024427317,0.19430388130878262,0.14189540615348148,14.323399618392862,0.20397403629619817,0.14858851991549946,6.731731897947673,0.40423897204927806,0.2449735412846595,1.1935610572411988,0.6211153795204662,0.37928062971045307,1.432929470294038,0.58248774672142,0.38165250189986827,2.903313903301627,0.6595840508676646,0.4170367633217366,1.1122498085483097,0.6616770433169956,0.40259776477888326,8.0
Family C: Shared super-prototype,Large,18,16.84484890560481,0.20001056859015007,0.43781925949411676,13.879971896221537,0.22061931938279433,0.476139756393997,3.7356333438628098,0.2275153244557176,0.6883840185302613,2.2470835641089693,0.47540160642570284,0.7895364352145424,1.7772028979565007,0.6175491439441978,0.8329804965475939,1.42728760727583,0.7364193616571549,0.8643207699217924,0.9642428923579461,0.7284664975692242,0.8825614959839357,12.0,16.84484890560481,0.19430352990911012,0.1391174114741515,13.879971896221537,0.21300993447474106,0.1543181034386855,3.7356333438628098,0.21742232086239696,0.16821023707016433,2.2470835641089693,0.46285140562248994,0.3086820968082858,1.7772028979565007,0.6047347283872332,0.39947184861328977,1.42728760727583,0.7191661382371591,0.41999299135600576,0.8516308906319823,0.7435531600084548,0.4607668902757847,8.0
Family C: Shared super-prototype,Large,19,17.32197885246772,0.19453661547958948,0.42575837470312355,12.42326623225985,0.2388558787972323,0.5070285773079197,2.4957519680268354,0.36160197546106954,0.759780311409488,1.1911476472196276,0.6570723049618026,0.8602403091802351,1.0977320828976207,0.6626282892198472,0.8670695398307484,0.8104600550104736,0.7535046428479564,0.8923453027068277,1.0078244444800872,0.6773670807932711,0.8733323473176086,12.0,17.32197885246772,0.18900635337088767,0.13278856528619953,12.42326623225985,0.23088201250096457,0.17078017986551378,2.4957519680268354,0.34660596239421765,0.23218165794144283,1.1911476472196276,0.6428479563752347,0.4027032625161948,1.0977320828976207,0.6493299380096201,0.4159406928463994,0.8104600550104736,0.7345216966329706,0.44543587535858703,1.0078244444800872,0.662911232862618,0.4166730972040023,12.0
Family D: Shared prototype with noise,Small,0,17.423674224840912,0.22076418371285217,0.4315981602984691,12.974404308336437,0.2751833269008105,0.5273141000900553,10.467626894487536,0.36974141258201465,0.605027016595909,1.9216357889630886,0.5611732921651872,0.8263058021355977,2.058852756803152,0.6252412196063296,0.8296024700887689,1.4074900395278114,0.7205712080277885,0.8678598996526439,1.6920722388989007,0.6186800463141644,0.8378119773575197,2.0,17.423674224840912,0.20185256657661135,0.15090698571979932,12.974404308336437,0.2508683905827866,0.19007089317272338,10.467626894487536,0.3465843303743728,0.2069511873082939,1.4991359813299563,0.6055576997298341,0.3658209591907209,2.058852756803152,0.5854882284832111,0.4047411078835646,1.4074900395278114,0.6252412196063296,0.4084584289747913,1.5927396154723847,0.6036279428791972,0.36027544739889095,12.0
Family D: Shared prototype with noise,Small,1,16.338009099352757,0.20093123209169053,0.44113389446036294,13.10717067573692,0.26504297994269344,0.5155429202483286,6.093178483276946,0.5372492836676218,0.6825602913085005,0.8300530506379319,0.8144699140401146,0.9003626432664756,1.694766442781779,0.7123925501432665,0.8549277698185292,1.153896900403026,0.8599570200573066,0.9078915950334289,0.785601288102177,0.8438395415472779,0.91059276504298,2.0,16.338009099352757,0.18159025787965616,0.1336525410948575,13.10717067573692,0.23746418338108882,0.18091162720554968,6.093178483276946,0.5136103151862464,0.3479867290001508,1.1044633823150625,0.6980659025787965,0.4427311114462372,1.694766442781779,0.6565186246418339,0.4437113557532801,1.153896900403026,0.8144699140401146,0.5089164530236767,0.728612075454873,0.8259312320916905,0.5064092896998944,1.0
Family D: Shared prototype with noise,Small,2,16.307231866977894,0.18181818181818182,0.4285017202593622,13.953412256162423,0.25089321159190153,0.5029939129284108,2.8286738513797007,0.44462088130210403,0.7640184597062327,2.127076278716644,0.5791980944819373,0.8135668916236601,1.8140798623924508,0.6371576022231044,0.8393790525340744,3.59113513888909,0.7280666931321953,0.8280319571258435,1.1243140113037786,0.7248908296943232,0.8762571126108244,4.0,16.307231866977894,0.1707026597856292,0.12596895175612713,13.953412256162423,0.21040095275903137,0.17302187584881218,2.8286738513797007,0.37554585152838427,0.27467039969912876,1.1011358229040173,0.6581976974990076,0.41630973026054613,1.8140798623924508,0.5978562921794363,0.3966486283195086,3.59113513888909,0.7098054783644303,0.4843609619523203,1.130009263608173,0.6589916633584756,0.4038570025699421,6.0
Family D: Shared prototype with noise,Small,3,17.65493599305871,0.19786729857819904,0.4315017772511848,14.141393884870759,0.24723538704581358,0.4947998946814113,13.633008584428449,0.11137440758293839,0.35893068720379145,0.7134800845506912,0.8507109004739336,0.9124621511321749,1.6336065195768852,0.6583728278041074,0.8478557793575565,1.8141280668975208,0.7456556082148499,0.8509083728278041,0.7124717748889186,0.8503159557661928,0.9128982359136388,6.0,17.65493599305871,0.18048973143759875,0.13205703833042323,14.141393884870759,0.21761453396524486,0.1681217261162385,13.633008584428449,0.10426540284360189,0.08468445996507858,1.341733974426606,0.5904423380726699,0.3716221834206369,1.6336065195768852,0.6232227488151659,0.40589922673983536,1.8141280668975208,0.6627172195892576,0.3826182755466866,0.9788416112140659,0.7018167456556083,0.4304481583104682,2.0
Family D: Shared prototype with noise,Small,4,17.784020070561308,0.2255266418835192,0.42158026986093905,12.57912950163537,0.2945064023130938,0.5329581440176235,12.112441825720612,0.5278810408921933,0.7181519344623434,0.9113003225176229,0.755059892606361,0.8928645187938868,0.9855160308485748,0.7567121024370095,0.8875034421038139,2.543612684923658,0.7430813713341594,0.8357858323007022,0.7946114601815775,0.8116480793060719,0.9015041993666529,8.0,17.784020070561308,0.20859149111937217,0.1430465879693037,12.57912950163537,0.2755059892606361,0.20230874584230094,12.112441825720612,0.49070631970260226,0.31657209939346503,0.8109140359123119,0.7393638992152003,0.4353572903758778,0.9855160308485748,0.7005369681949608,0.45672732015913386,2.543612684923658,0.6394052044609665,0.38518228657144715,0.7946114601815775,0.7455596860801321,0.4441835692080263,8.0
Family D: Shared prototype with noise,Small,5,17.795856859111638,0.21650326797385622,0.43657237200435733,13.335069542555523,0.2647058823529412,0.5033700980392157,13.562861743425305,0.15931372549019607,0.39095690359477125,1.7692141808610353,0.576797385620915,0.8284909449891067,1.5464850898163707,0.6870915032679739,0.8595281862745099,1.6471882398466,0.8186274509803921,0.8860804738562092,1.2543119824837203,0.75,0.8751702069716777,1.0,17.795856859111638,0.20383986928104575,0.1457903336773306,13.335069542555523,0.24468954248366012,0.1815015479876161,13.562861743425305,0.14215686274509803,0.1141425868593051,1.0276795120766382,0.7745098039215687,0.47910216718266246,1.5464850898163707,0.6339869281045751,0.4481209150326797,1.6471882398466,0.7839052287581699,0.5393661850705194,0.9183226917448528,0.7696078431372549,0.47372721018231856,12.0
Family D: Shared prototype with noise,Small,6,19.12982828510307,0.1958762886597938,0.41560104414485854,13.96539922104639,0.232355273592387,0.4904259185831351,4.534902777652241,0.4528152260111023,0.701229183187946,0.8485015463270468,0.816812053925456,0.9024005418979647,1.2317349187443396,0.7268041237113402,0.8768008194554586,4.731505990028874,0.3259318001586043,0.7298357784826858,0.8689583229121022,0.7993655828707376,0.8997571371927042,12.0,19.12982828510307,0.1740681998413957,0.12016361283859926,13.96539922104639,0.20737509912767646,0.1660336408030385,4.534902777652241,0.4270420301348136,0.3022872407028675,0.8485015463270468,0.7684377478191912,0.4732668308360116,1.2317349187443396,0.6764472640761301,0.4436954797779539,4.731505990028874,0.289056304520222,0.2323344046078717,0.8689583229121022,0.7581284694686756,0.4652948787511999,12.0
Family D: Shared prototype with noise,Small,7,14.38436517679738,0.21525054466230936,0.4792302106027596,12.009220631348695,0.28540305010893247,0.5314542483660132,9.024250189959096,0.34901960784313724,0.6325526506899055,0.9266075630758757,0.7851851851851852,0.8916394335511983,1.9289476536251768,0.6074074074074074,0.8312182280319536,4.0157634261688155,0.46971677559912856,0.7612109658678287,1.1572344045908025,0.7359477124183007,0.877923021060276,4.0,14.38436517679738,0.19825708061002179,0.15204678362573099,12.009220631348695,0.26100217864923747,0.185666781332416,9.024250189959096,0.2971677559912854,0.20022933149868133,1.1556218868598285,0.6710239651416122,0.38956541680999884,1.9289476536251768,0.5577342047930284,0.37816764132553604,4.0157634261688155,0.41830065359477125,0.31526201123724346,1.1572344045908027,0.6923747276688453,0.42029583763329886,4.0
Family D: Shared prototype with noise,Small,8,20.789435404068506,0.13798449612403102,0.37266634366925067,13.602502313844825,0.24612403100775193,0.49607558139534885,9.551228097460141,0.19263565891472867,0.5269783591731266,0.9852717273154651,0.7565891472868217,0.8869266795865633,1.1767111659711524,0.7829457364341085,0.8904958010335917,3.3378749629255973,0.7883720930232558,0.8445655684754523,0.680837292880248,0.8627906976744186,0.9191133720930232,1.0,20.789435404068506,0.1248062015503876,0.10609955120359038,13.602502313844825,0.2193798449612403,0.16913504691962467,9.551228097460141,0.15968992248062017,0.13096695226438188,0.9852717273154652,0.6988372093023256,0.42645858833129335,1.1767111659711524,0.7375968992248062,0.4948388412892696,3.3378749629255973,0.774031007751938,0.4873317013463893,0.7478954280704901,0.7744186046511627,0.45071399428804565,1.0
Family D: Shared prototype with noise,Small,9,16.241476787973927,0.24644367550941945,0.4671120082019736,12.828144651299311,0.2229911572472126,0.5010813148788927,7.963200765521737,0.20569011918492888,0.5810665769575805,0.7647319966178832,0.839677047289504,0.9122372805331284,1.9616460655358345,0.6535947712418301,0.8425285146738434,1.37321987028588,0.8542868127643214,0.8956010508778675,0.8651579232568725,0.8239138792772011,0.9040673458926054,8.0,16.241476787973927,0.22875816993464052,0.16787065703474371,12.828144651299311,0.19684736639753941,0.1627309334466501,7.963200765521737,0.17916186082276048,0.1261660494951334,0.7647319966178833,0.8089196462898885,0.48667516542220607,1.9616460655358345,0.6136101499423299,0.4293085655314757,1.37321987028588,0.8150711264898116,0.4829721362229103,0.8863348452363708,0.7635524798154556,0.49290758615107544,8.0
Family D: Shared prototype with noise,Small,10,16.277399428233252,0.21813823411905714,0.4487531628712212,14.364949326571145,0.23691570115860966,0.48601677986416303,3.314782146706277,0.42349180982820617,0.743757491010787,1.071190207949838,0.7111466240511386,0.8792948461845785,1.2489454347073388,0.7227327207351179,0.8729441337062191,5.217102740723687,0.6979624450659209,0.7843171527500333,0.9847624919091823,0.7383140231721934,0.8843804101744572,12.0,16.277399428233252,0.18337994406711947,0.13190487204827891,14.364949326571145,0.21933679584498603,0.16630569632230796,3.314782146706277,0.37714742309228927,0.24137350968311713,1.071190207949838,0.668797443068318,0.42084235759194233,1.2489454347073388,0.6847782660807031,0.4532666063881237,5.217102740723687,0.6616060727127447,0.41712050802195266,1.0618168515734319,0.6640031961646025,0.4223563302983788,12.0
Family D: Shared prototype with noise,Small,11,16.376756073329513,0.24354243542435425,0.46023216482164825,11.827618943940504,0.2771217712177122,0.5194188191881919,2.0456746013064677,0.5656826568265683,0.8210408979089792,1.2649354122576293,0.7007380073800737,0.8665744157441575,1.9870863596024264,0.5771217712177121,0.8239006765067651,1.5491003820809857,0.7608856088560886,0.867919741697417,0.9282061855169917,0.7808118081180812,0.8927890528905289,4.0,16.376756073329513,0.22546125461254612,0.1543018061759565,11.827618943940504,0.24907749077490776,0.18551174985434066,2.0456746013064677,0.5099630996309963,0.3485336958632745,0.9308318795568791,0.7236162361623616,0.45061176927558755,1.9870863596024264,0.5132841328413285,0.359817440279666,1.5491003820809857,0.6859778597785978,0.37714119246455624,1.0074983934905282,0.7247232472324723,0.427869489221208,1.0
Family D: Shared prototype with noise,Small,12,15.964787956954643,0.2341642827952595,0.4616792671298189,13.521901535301112,0.24560686554965264,0.4957430867729192,6.784691382270029,0.4638332652227217,0.6530615719929164,1.47323744301654,0.7114834491213731,0.8609011033919085,1.3142361824505246,0.7384552513281569,0.8744380874540254,2.050171512399231,0.6726604004903964,0.8299703718839395,1.1967125462947792,0.7552104617899469,0.8817088952458794,2.0,15.964787956954643,0.21822639967306906,0.14227948293291462,13.521901535301112,0.2251736820596649,0.1697029660378982,6.784691382270029,0.4258275439313445,0.29088249844062547,1.316733514192499,0.6722517368205967,0.41913836491514855,1.3142361824505246,0.6971802206783817,0.4517884412707289,2.050171512399231,0.5852063751532489,0.3200481792958079,1.1936796939312873,0.7380465876583572,0.451702406813929,4.0
Family D: Shared prototype with noise,Small,13,16.66287152813651,0.22258064516129034,0.45110047043010754,14.267552149710152,0.24879032258064515,0.4846270161290323,11.845693310464005,0.12016129032258065,0.4133988575268817,1.1951727983330935,0.7125,0.8712197580645161,1.4407827735437697,0.6887096774193548,0.8615087365591398,3.61065993744751,0.6427419354838709,0.8038978494623655,0.6910498541295044,0.8689516129032258,0.9221690188172043,8.0,16.66287152813651,0.1971774193548387,0.14359083191850594,14.267552149710152,0.22338709677419355,0.16441001697792867,11.845693310464005,0.11209677419354838,0.0958616298811545,1.3545525485902805,0.6064516129032258,0.390704584040747,1.4407827735437697,0.6391129032258065,0.424660441426146,3.61065993744751,0.5254032258064516,0.3122028862478777,0.6910498541295046,0.8318548387096775,0.5321095076400679,8.0
Family D: Shared prototype with noise,Small,14,17.45565281251631,0.18195660449181575,0.42858615657911436,13.819502958984964,0.25314046440807003,0.485836188300977,12.78584636076725,0.4381423677198325,0.5607790889481031,1.0516162423362971,0.7655119908641035,0.8838345387641162,1.3700677228688556,0.7080319756376094,0.8672757264306561,2.1246062274349344,0.7719832508564903,0.8481712346148966,1.0805805983624412,0.7738865626189569,0.886863976652709,12.0,17.45565281251631,0.16787209744956225,0.12846352653617293,13.819502958984964,0.22535211267605634,0.16073968705547656,12.78584636076725,0.4035020936429387,0.23613086770981506,1.0516162423362974,0.7167872097449562,0.4155230100374651,1.3700677228688556,0.6615911686334222,0.44297076913830075,2.1246062274349344,0.699657403882756,0.38180433955081844,1.0780976832795737,0.699657403882756,0.4112555847174083,12.0
Family D: Shared prototype with noise,Small,15,17.882969151535658,0.20106999554168525,0.4403235993461138,13.521197986658823,0.27864467231386536,0.5011424431564868,3.3210603739892828,0.41818992420864914,0.7424487293802944,1.15931952714805,0.7307177886758806,0.8771269876653293,2.4584891398459883,0.5202853321444494,0.7946667409719127,3.641323375047779,0.71020954079358,0.8004346856888096,0.9252488060993673,0.768167632634864,0.8922945459949473,6.0,17.882969151535658,0.17521176995095855,0.13525119083933643,13.521197986658823,0.2518947837717343,0.1837060328038107,3.3210603739892828,0.37494427106553724,0.24325973203181825,1.188624493019263,0.6255015604101649,0.3751319895816223,2.4584891398459883,0.4467231386535889,0.3202008588122111,3.641323375047779,0.6767721801159162,0.4283736537062675,0.8821624451456076,0.6990637539010254,0.4329023629068212,4.0
Family D: Shared prototype with noise,Small,16,17.64350872450306,0.19335116545662973,0.4311711883836454,14.080369739710925,0.2411157814291173,0.5009075277034774,14.854976802800918,0.4868169659915934,0.5481387721309388,0.73580038129543,0.8559419182269774,0.9135619666284551,1.233363016778017,0.7432174245319068,0.8811616354604509,2.3028947906522603,0.7672907909820404,0.8462536619538913,0.6501211409269033,0.9117309896828429,0.9265220990956567,4.0,17.64350872450306,0.1708062667176156,0.12736560545421635,14.080369739710925,0.22544898739014138,0.17332019387406228,14.854976802800918,0.45089797478028276,0.26140820143595517,0.8307861711134081,0.7795185326709974,0.4711099491181142,1.233363016778017,0.6996560947649981,0.46169780584437786,2.3028947906522603,0.719526175009553,0.4022484564487259,0.6501211409269035,0.8624379059992358,0.5285481567886089,4.0
Family D: Shared prototype with noise,Small,17,17.681327441302603,0.2085889570552147,0.42907240541922287,13.88970157728933,0.23581288343558282,0.49631742075664625,0.9626759547919911,0.8101993865030674,0.9029029268916156,1.0841680872037522,0.6898006134969326,0.8763260480572598,2.2829272362151998,0.5805214723926381,0.8080185966257668,1.4210103490199366,0.8282208588957055,0.8861675613496932,0.8541404686427861,0.7710889570552147,0.8941238496932515,6.0,17.681327441302603,0.19478527607361965,0.1429407491120439,13.88970157728933,0.21012269938650308,0.16421133354859538,0.9626759547919911,0.7676380368098159,0.4682353890862125,0.8124375859269567,0.7312116564417178,0.43865030674846617,2.2829272362151998,0.5095858895705522,0.37352680012915723,1.4210103490199366,0.7549846625766872,0.5004237972231191,0.8541404686427861,0.7128067484662577,0.43636987407168226,6.0
Family D: Shared prototype with noise,Small,18,15.378186708820357,0.2200488997555012,0.46238284433577836,14.834010214577997,0.22860635696821516,0.47959114371094813,6.132260315466753,0.35248573757131213,0.6564877071447976,1.2500430974578003,0.6744091279543603,0.8672320700896495,2.1794564973210773,0.5704971475142624,0.8133065063841347,3.0058572638696406,0.812958435207824,0.8734124558543874,1.3124279686164504,0.6960065199674002,0.8693969030154849,6.0,15.378186708820357,0.19559902200489,0.1341311714494059,14.834010214577997,0.20986145069274653,0.16010380474413416,6.132260315466753,0.30073349633251834,0.22961437824389833,1.2500430974578003,0.6177669111654441,0.3857933341912238,2.1794564973210773,0.5211898940505297,0.3485179942521339,3.0058572638696406,0.7713936430317848,0.4880753227812809,1.2306635802216004,0.6503667481662592,0.38527859992278984,8.0
Family D: Shared prototype with noise,Small,19,16.136111356249184,0.18163511880789368,0.4406380051013559,13.60741132095625,0.25291985501409586,0.49983219224056924,2.2285940223911815,0.6109544905356423,0.8221069942274132,0.5823322249213871,0.8908578332662103,0.9284635521546516,1.462247408830459,0.7031816351188079,0.8591505571217612,2.8435160651834734,0.7345952476842529,0.8175426231708955,0.5835145451381564,0.8872331856625051,0.9279601288763593,1.0,16.136111356249184,0.16794200563834072,0.12576043410984172,13.60741132095625,0.23117196939186468,0.18371240222990015,2.2285940223911815,0.5734997986306887,0.3827076753502766,0.5823322249213873,0.8674989931534434,0.5367234033533289,1.462247408830459,0.6335078534031413,0.42792038493333623,2.8435160651834734,0.6528393072895691,0.347711808720351,0.5835145451381565,0.8562223117196939,0.5282446955084045,1.0
Family D: Shared prototype with noise,Medium,0,16.754436451311925,0.19596912521440824,0.4417792309891367,14.653544479692965,0.2316680960548885,0.47738216480846196,5.4557937664711496,0.3039236706689537,0.6354859026586621,1.5658163069795499,0.6218910806174958,0.843414987135506,1.9164559664553744,0.5695754716981132,0.8200355560320184,1.3445324614093037,0.638507718696398,0.8484491137793024,1.1458666533679314,0.6817109777015438,0.870591230703259,12.0,16.754436451311925,0.18471269296740994,0.13544393788932022,14.653544479692965,0.21783876500857632,0.16205312810327702,5.4557937664711496,0.2892367066895369,0.20153809695766,1.3595762856601226,0.6010934819897084,0.36930689717432513,1.9164559664553744,0.5396655231560892,0.36789067437031686,1.3445324614093037,0.5900514579759862,0.3220073124492191,1.1458666533679314,0.6612349914236707,0.4162115193644488,12.0
Family D: Shared prototype with noise,Medium,1,16.67867217903848,0.1919966390085075,0.432132479081329,15.053001204054672,0.2124776809158702,0.46385183629170607,8.006148946911939,0.30364457514966914,0.5725151419668802,1.1786677735921018,0.6634807268144103,0.8614597556279102,1.9504457480395994,0.5719987396281904,0.8204429681756119,1.7805125712428211,0.4691734061548157,0.8144255680425726,1.5213041515859507,0.6779750026257746,0.8534686482512341,1.0,16.67867217903848,0.18222875748345763,0.1276623972492938,15.053001204054672,0.2027097993908203,0.15432368338133434,8.006148946911939,0.290200609179708,0.20166501749595078,1.1758234684165403,0.6505619157651508,0.40263904167518894,1.9504457480395994,0.546056086545531,0.3718483794824736,1.7805125712428211,0.4319924377691419,0.2926881851198735,1.4879806849515447,0.6499317298603088,0.3985373053471826,2.0
Family D: Shared prototype with noise,Medium,2,15.930022853185353,0.20404703888123743,0.44846514461277676,14.429381999377194,0.23932619980930184,0.4846867606031713,3.0160717533576986,0.5219832609386588,0.7680876328707138,2.8975969462187887,0.5406293039516898,0.7809553448458523,1.8720590462177757,0.568492425045026,0.8235843309672635,2.9691938472497434,0.579510541370908,0.8123278419324081,1.1031096195832082,0.6797330225659498,0.8715104883991949,4.0,15.930022853185353,0.19663099904650916,0.1372078888820738,14.429381999377194,0.22735459264752622,0.17317289409560557,3.0160717533576986,0.49804004661510753,0.30264133689451944,2.300267088989304,0.43754635024896704,0.2956713746438349,1.8720590462177757,0.547515626655366,0.37038379400137167,2.9691938472497434,0.5481512872126284,0.3292554407525328,1.1017956309311783,0.6516580146201928,0.4096720772160298,12.0
Family D: Shared prototype with noise,Medium,3,18.232666860067177,0.2024635130938826,0.42306481385639855,13.33759429895296,0.2343442707794224,0.4958014180726633,9.26688580395429,0.2914812131249353,0.5390530655901736,0.9829960165900175,0.6943380602422109,0.877201721698927,1.8252703412000668,0.5266535555325536,0.814908739605976,1.3014198512462554,0.6302660180105579,0.8568212400372633,0.9817825525254102,0.7051029914087569,0.8783079736397199,2.0,18.232666860067177,0.19242314460200807,0.14110994285216194,13.33759429895296,0.22968636787082083,0.16584313490485347,9.26688580395429,0.2812338267260118,0.1838427971387946,0.9829960165900175,0.6647344995342097,0.41068539270752186,1.8252703412000668,0.48866576958906943,0.3402175867159878,1.3014198512462554,0.5823413725287238,0.3662092297299506,0.9605930201167009,0.6719801262809233,0.41903148306539045,12.0
Family D: Shared prototype with noise,Medium,4,16.210997167933165,0.20963334092461855,0.4527300159416989,13.901215543701737,0.24880437258027785,0.4921453920898808,11.894367366343616,0.007515372352539285,0.386235102102786,0.9197323482483761,0.7314962423138237,0.886716674257952,1.1942815900485233,0.6914142564336142,0.870034825020876,1.395367384705823,0.5746982464131177,0.8427394101571395,1.027869345771229,0.7195399681166021,0.8799201017232218,1.0,16.210997167933165,0.1989296287861535,0.14043677857819226,13.901215543701737,0.2354816670462309,0.1754186194249002,11.894367366343616,0.005465725347301298,0.04928142492418704,1.1950735333703952,0.6102254611705762,0.3695417660525716,1.1942815900485233,0.6597585971304942,0.4296527586330892,1.395367384705823,0.5304030972443635,0.32630140598592816,1.027869345771229,0.6916419949897518,0.4320380203526351,1.0
Family D: Shared prototype with noise,Medium,5,16.613574495896362,0.18683488754799782,0.434032729932346,14.427279902617297,0.23280307185957214,0.47563768513439386,2.8280186624943164,0.49654415798134943,0.7723372645821904,0.7246350888411442,0.830279758639605,0.9097869811665753,1.208768660620012,0.6616566099835436,0.8639810751508503,1.0542404360448037,0.7512890839275919,0.88884850978241,0.7528674951624144,0.8039495337356006,0.9034192722618395,2.0,16.613574495896362,0.1764125068568294,0.12917400467707943,14.427279902617297,0.21985737794843666,0.16506048445304158,2.8280186624943164,0.48239166209544704,0.31643040679042644,0.7246350888411442,0.8092155787164015,0.4978260241937812,1.208768660620012,0.6319253976961053,0.4169818402286572,1.0542404360448037,0.7180471749862863,0.4598608424517136,0.9281512258042666,0.7240811848601206,0.443750902214395,12.0
Family D: Shared prototype with noise,Medium,6,16.591171960823075,0.20289399182132747,0.4381050994372794,14.592195619320874,0.2431582258571878,0.478799674950194,11.725821150916815,0.24546503093215896,0.46502874768445707,1.0061129468210648,0.724861067421621,0.8781565656565656,1.5687159435258513,0.6034392366572298,0.8392423368634441,1.6928431357102092,0.5839362482961099,0.8342945021145713,1.268467350824409,0.6787249659221978,0.8643244731047499,1.0,16.591171960823075,0.18915801614763553,0.13924714270735028,14.592195619320874,0.2326727482436825,0.16942324354453292,11.725821150916815,0.23571353675159903,0.16161984073111374,1.0061129468210648,0.6895250078641082,0.4111024651909736,1.5687159435258513,0.5679983223235818,0.3693040402200846,1.6928431357102092,0.5372758729160113,0.33431565702554594,1.2684673508244095,0.651567578903219,0.3936689789904141,1.0
Family D: Shared prototype with noise,Medium,7,17.41092606759578,0.19505554345458506,0.43258776228853557,14.413994543251441,0.20692659551296014,0.46720031946562113,9.365411932444625,0.2766281855804836,0.6005545269730632,0.8562797512164717,0.7663907645393161,0.8943539896899733,3.3675167563570723,0.4924852973208451,0.7533398678574021,1.3569516575848097,0.5993247658462209,0.8508381434691062,0.8803356770045656,0.7573513395774341,0.8913907645393162,1.0,17.41092606759578,0.1859072097582226,0.1381478636691926,14.413994543251441,0.19483772598562404,0.15265565350972726,9.365411932444625,0.26050969287736875,0.1931066503112497,0.8562797512164717,0.746133739925942,0.45511240527806124,3.3675167563570723,0.46046612938357656,0.3212463744855496,1.3569516575848097,0.5608799825746025,0.3574441986036754,0.8803356770045656,0.7278370725332172,0.44486352015957986,1.0
Family D: Shared prototype with noise,Medium,8,15.920628307041701,0.20538098172109262,0.4485520640788663,14.313713667044581,0.24152803450400492,0.48730488806736494,14.916005338880087,0.1673855001026905,0.4241908845074279,1.6463374774285235,0.5680837954405422,0.8294482097624427,1.258947288537208,0.7113370301910044,0.8735708906688574,1.1556848302180143,0.7400903676319572,0.8681775005134525,1.14779837039764,0.6957280755802012,0.8709458649962347,12.0,15.920628307041701,0.19079893201889506,0.13721611484039736,14.313713667044581,0.22961593756418155,0.17619526326599,14.916005338880087,0.15773259396179914,0.11031120623493422,0.962217022971445,0.685356336003286,0.421155322069808,1.258947288537208,0.6873074553296364,0.4583725178627406,1.1556848302180143,0.7048675292667899,0.3640540043886673,1.2488449685803804,0.6124460874922982,0.37836581595702135,12.0
Family D: Shared prototype with noise,Medium,9,16.329935102155268,0.1867206650325056,0.43628326050658994,14.270054775687246,0.23745070872855165,0.4865514760737503,1.9407168022368224,0.6552275391665778,0.8316370030906959,1.6300408795984391,0.5890440157732069,0.8336108742761733,1.4438744258079579,0.6519236917830118,0.8537603467263492,3.4624986499226176,0.627837578599595,0.7969310632704537,1.2896457634320002,0.7185335180645849,0.8713586628299407,6.0,16.329935102155268,0.17958009165512095,0.12712800866067972,14.270054775687246,0.2259405307470958,0.16441268363277373,1.9407168022368224,0.6254929127144836,0.3772556190647139,1.6300408795984391,0.5540871789406373,0.3493944816212972,1.4438744258079579,0.6218693381647661,0.41671107321752104,3.4624986499226176,0.5875519556644996,0.3483735983890239,1.2129404762193519,0.6221890653309177,0.3802229115365415,1.0
Family D: Shared prototype with noise,Medium,10,16.74956418871486,0.19679514034352744,0.43621700879765396,14.047432755018468,0.2380603267700042,0.48764357282502446,6.143826717230388,0.46281943862589026,0.6818465472699343,1.1489478820640835,0.7133431085043989,0.8734944490992878,1.2871751008783443,0.6682027649769585,0.862486471861472,1.5070139969298375,0.5639924591537495,0.8371408497416563,1.2252938671052462,0.6679932970255551,0.8639178361960621,4.0,16.74956418871486,0.1875785504817763,0.13931823694132692,14.047432755018468,0.2274821952241307,0.16481269155292924,6.143826717230388,0.4310850439882698,0.2612671708597006,1.51186497237473,0.514453288646837,0.3163462174497828,1.2871751008783443,0.6410766652702137,0.41680814940577254,1.5070139969298375,0.5255550900712191,0.326323506713999,1.0427451696589463,0.6761625471302891,0.43519171829867925,8.0
Family D: Shared prototype with noise,Medium,11,17.26971036466491,0.20232708468002586,0.4365887380593263,14.217461036785178,0.23184658478776127,0.4818690296631474,14.749470840727403,0.008295625942684766,0.3072052538964304,1.0240833809380492,0.7100840336134454,0.8791365905336493,1.683665281121268,0.6547080370609782,0.8441203404438699,1.1424850082269296,0.7271062271062271,0.8772579544638368,1.2167897343211203,0.6892911010558069,0.8660579616461969,8.0,17.26971036466491,0.19478560655031243,0.13779357897004954,14.217461036785178,0.22279681103210516,0.1671316299799272,14.749470840727403,0.005817711700064641,0.03660168520849636,1.1399155147609512,0.6340228399051928,0.3917939645493826,1.683665281121268,0.6247575953458306,0.4179623266310573,1.1424850082269296,0.6836888601594484,0.4046541693600518,1.233999658345138,0.6095669036845508,0.37626305582961933,12.0
Family D: Shared prototype with noise,Medium,12,16.39098572207798,0.19021098854021634,0.434681910677948,15.083310293661414,0.22791046374638535,0.46479508050408774,6.828075334543585,0.20863232301595802,0.5946592410124595,1.2461367308297042,0.6507443504337581,0.8606819642283389,0.9267528241042082,0.780014994109457,0.8937180928920782,1.5488533072045731,0.580164935204027,0.8393153582521152,0.9757158692460024,0.7355681696476384,0.8866516725572097,6.0,16.39098572207798,0.17735889471993146,0.1296652255035146,15.083310293661414,0.21484416836242903,0.1514179579826722,6.828075334543585,0.19160329870408055,0.16640079367316224,1.043341107592092,0.6866231123487202,0.4143165560898068,0.9267528241042082,0.7557031166327515,0.48131091356966915,1.5488533072045731,0.5330405911963157,0.31980857144467684,0.9976973328161436,0.7049373460426261,0.4429519230227223,8.0
Family D: Shared prototype with noise,Medium,13,17.46851621429743,0.19089297584755152,0.424364336361622,13.182268137530873,0.24307555949479281,0.49768492872442577,15.618702560255699,0.09051628628406824,0.3626144840830194,1.1903650851535017,0.672058497673388,0.8626098677893492,2.1106021009590936,0.4968978506536672,0.8023256887510157,1.173335834208617,0.6640815422113894,0.8673184873328902,1.0852396953605605,0.7075116330600487,0.8752054250683213,12.0,17.46851621429743,0.17992466208730334,0.12885582002868906,13.182268137530873,0.23720363394637714,0.17766219226328617,15.618702560255699,0.08442277863948593,0.0649118919612348,1.1903650851535017,0.6472413029027254,0.39816553348805206,2.1106021009590936,0.46676268557500555,0.33948709575845215,1.173335834208617,0.6385996011522269,0.4003463678029552,1.317935152756084,0.5990471969864835,0.37492856892952525,4.0
Family D: Shared prototype with noise,Medium,14,16.888227372288718,0.20138297872340424,0.4418794326241135,14.826084139345316,0.23329787234042554,0.47462765957446806,13.251066583494852,0.23574468085106384,0.5004676418439716,1.0940728606359866,0.6756382978723404,0.8691356382978723,1.3822127191918363,0.6324468085106383,0.8536081560283689,1.4504642124720868,0.6580851063829787,0.8538962765957447,1.16433654359401,0.680531914893617,0.8673758865248227,12.0,16.888227372288718,0.19436170212765957,0.14404255319148937,14.826084139345316,0.21936170212765957,0.16401455767077266,13.251066583494852,0.2148936170212766,0.1299048152295633,1.0940728606359866,0.648936170212766,0.3979675251959687,1.3822127191918363,0.6032978723404255,0.4104255319148937,1.4504642124720868,0.6218085106382979,0.37643337066069427,1.16433654359401,0.6509574468085106,0.4059742441209407,12.0
Family D: Shared prototype with noise,Medium,15,16.76573575526304,0.2170376712328767,0.4429000784817352,14.65916887544557,0.2521404109589041,0.4869524115296804,11.853347771438742,0.4047517123287671,0.551632955194064,2.113903164222962,0.621361301369863,0.8206647759703196,1.785739684221779,0.5985659246575342,0.8268541309931506,1.2301999078783246,0.6983090753424658,0.8694683754280823,0.7446829871318861,0.8129280821917808,0.9036748180650684,8.0,16.76573575526304,0.20248287671232876,0.14346386085075702,14.65916887544557,0.24272260273972604,0.1763923936553713,11.853347771438742,0.3921232876712329,0.2543596791636626,1.603528600721902,0.5691352739726028,0.3490390681326605,1.785739684221779,0.5681720890410958,0.369992564888248,1.2301999078783246,0.6599957191780822,0.3772643294881038,0.7726056971854937,0.7766481164383562,0.4789620133381398,12.0
Family D: Shared prototype with noise,Medium,16,16.45488101452985,0.2006436577516369,0.4505257463100654,15.34783616440678,0.22528021307291088,0.4614637665076019,13.52428570718265,0.16291199644878482,0.4585599082602745,1.4254676403315247,0.6098102319387415,0.8448817186401806,1.1514177679212254,0.7051381644656531,0.8732683202012356,1.6061832597580685,0.5531017645100432,0.8353563237524507,0.8844087267064413,0.7483076240150927,0.8894638034994266,4.0,16.45488101452985,0.19487293308178893,0.14030804455373255,15.34783616440678,0.2100765730773499,0.15537734581710075,13.52428570718265,0.15958273221618022,0.13329906722193346,0.9591392498312333,0.7003662190655865,0.43055563667797836,1.1514177679212254,0.6781711241815559,0.4370038958232336,1.6061832597580685,0.5159249805792919,0.3368397689373806,0.8844087267064413,0.7226722894240373,0.44421146084610036,4.0
Family D: Shared prototype with noise,Medium,17,16.438776858052982,0.2144534585824082,0.4521998647879305,13.870281817511382,0.25405636208368915,0.4914336037574722,8.815715907293106,0.22939795046968403,0.5317525974950185,0.7194589512165345,0.7936592655849701,0.904384162396812,1.7728794667938772,0.576537147736977,0.823743951038998,0.7693283953663732,0.8552519214346712,0.9173360553657843,0.674442298976208,0.8127668659265584,0.9083182109308283,2.0,16.438776858052982,0.2058070025619129,0.15130455301361861,13.870281817511382,0.24637062339880444,0.17287855633961077,8.815715907293106,0.215734415029889,0.1548946020045845,1.1001872417343919,0.6178479931682322,0.3795788574767405,1.7728794667938772,0.5400298889837746,0.3622072902152905,0.7693283953663732,0.8363578138343296,0.5271866151287699,0.6454644058549899,0.7932322801024765,0.48229695716661414,1.0
Family D: Shared prototype with noise,Medium,18,16.58041710456912,0.21297587131367293,0.4462265415549598,13.990700355370908,0.2390348525469169,0.4879311885612154,6.502185648321844,0.3726541554959786,0.6280272564789992,0.7697207144803976,0.7957104557640751,0.9008355674709562,1.4677143903319712,0.6792493297587131,0.8576966041108133,1.1163495749527133,0.7593565683646113,0.8794392314566577,0.7762921158098199,0.794745308310992,0.8998033958891868,12.0,16.58041710456912,0.2050402144772118,0.14532524340341468,13.990700355370908,0.22402144772117963,0.16763651756737688,6.502185648321844,0.353887399463807,0.2291463242556794,0.7697207144803976,0.7698659517426274,0.4640496684069422,1.4677143903319712,0.6508310991957105,0.4341696063214336,1.1163495749527133,0.7246112600536193,0.39613376605051503,0.7762921158098199,0.7684718498659517,0.45894736842105277,12.0
Family D: Shared prototype with noise,Medium,19,17.207185663793016,0.18484848484848485,0.42634830447330446,14.41647475103092,0.20562770562770563,0.46598575036075035,3.193278978206119,0.43344155844155846,0.7444872835497836,0.741472201612077,0.8077922077922078,0.9049738455988456,2.128865100876613,0.6102813852813853,0.8180014430014431,1.0867701314697582,0.7295454545454545,0.8772343975468975,1.0273935080571615,0.7137445887445888,0.8780257936507936,4.0,17.207185663793016,0.17435064935064934,0.12431647300068355,14.41647475103092,0.19134199134199134,0.1502734107997266,3.193278978206119,0.4029220779220779,0.26338573706994767,0.741472201612077,0.783008658008658,0.4763214855320119,2.128865100876613,0.577922077922078,0.38501367053998636,1.0867701314697582,0.6836580086580086,0.4021872863978127,1.0273935080571615,0.6863636363636364,0.4175951241740716,4.0
Family D: Shared prototype with noise,Large,0,16.12037735566175,0.1962127093268271,0.4397526893645337,14.96680102615363,0.21806033048685816,0.47008659568962335,14.05522671853356,0.28546079627370524,0.479594677645928,0.9374358923856287,0.7183098591549296,0.8809170640641751,1.4703089157258633,0.6562603970278363,0.8507160086503273,0.7095215021735973,0.8238050349340136,0.9087579941591808,0.9504411077424264,0.7347233004325163,0.8837681601419541,6.0,16.12037735566175,0.19161029167128757,0.13894952808437863,14.96680102615363,0.2129588554951758,0.15912341016676104,14.05522671853356,0.2787789730509038,0.188359122826474,1.324371663539388,0.585006099589664,0.3629285034700536,1.4703089157258633,0.6429244759897971,0.42537633592687496,0.7095215021735973,0.8100809581900854,0.4844825271563071,0.9504411077424264,0.7214705556171676,0.43892238636960595,6.0
Family D: Shared prototype with noise,Large,1,16.22647532497857,0.19640731822081983,0.4409038906879977,15.261531275429876,0.22322787788203383,0.4660020343768164,8.13113711809441,0.1533947798167677,0.540280430309908,1.4973848476259206,0.5763790860527555,0.8356041314917841,1.5428983127004186,0.5891665974701763,0.8372481247751115,0.9268678227763067,0.725594397852141,0.8816169143901023,1.2263263143852274,0.6430291455617371,0.8572874283816325,4.0,16.22647532497857,0.1915912424921808,0.13738344033295896,15.261531275429876,0.21846715934567798,0.15890282044894682,8.13113711809441,0.14426084309003848,0.11554939828188757,1.2218124188999153,0.6153782280162751,0.3886876120801047,1.5428983127004186,0.5751889064186665,0.3828547121353163,0.9268678227763067,0.7080738464945058,0.4117001796195213,1.2108372494987834,0.6277782390877135,0.3891450373005501,1.0
Family D: Shared prototype with noise,Large,2,17.155739144125796,0.19373947068094124,0.4316352825027625,15.275642976466594,0.21324927993043857,0.463311550096915,11.537290376724284,0.034508994076408894,0.3961543077368983,1.3064628496582769,0.6484973642736808,0.8535988759668859,1.7269392798601564,0.5429596217596869,0.8230089397315363,1.206605839814221,0.6032552578664203,0.8547112475771245,0.8422803561905933,0.7430302700940167,0.8892598681231093,12.0,17.155739144125796,0.18643008532144992,0.13469805702779314,15.275642976466594,0.208276724091082,0.155680898349346,11.537290376724284,0.03228085430139666,0.05496411808282729,1.3221342884066085,0.5899679365251889,0.366637682734634,1.7269392798601564,0.5293734036193685,0.3654978705390725,1.206605839814221,0.5812184120428238,0.3572302992686325,0.8427737161129224,0.7332210205967067,0.4476358550307621,6.0
Family D: Shared prototype with noise,Large,3,16.460285027219427,0.1941715329477209,0.43586195444607423,15.59880007352204,0.21332300113469682,0.4566491618926374,9.514119156087984,0.4108155979298702,0.6563338914565633,1.4208649700978866,0.5903744499488003,0.8389491600476019,1.5324330706431248,0.5920349818725265,0.8374414201238018,1.5562566581954191,0.5041928431074088,0.8251183128995656,1.072698394372313,0.6780228599894833,0.8688047168331812,8.0,16.460285027219427,0.18930063930479063,0.13637336914644288,15.59880007352204,0.20980820856280963,0.1536574672227021,9.514119156087984,0.3986660393546066,0.2513826841478922,1.4208649700978866,0.5773392743475493,0.3594294179252964,1.5324330706431248,0.5779481360529156,0.38232290936845886,1.5562566581954191,0.48720006642127694,0.31892117862808017,1.0035500426591601,0.6827000249079789,0.4149567314905313,12.0
Family D: Shared prototype with noise,Large,4,16.357831188525914,0.20041482300884955,0.44415733314896755,14.805771644569814,0.21863938053097345,0.4672554848820059,11.314468940260477,0.10525442477876107,0.4098606886061946,1.2392876519053093,0.6733960176991151,0.8613384955752214,1.2239038319053868,0.6617533185840708,0.8616035213864307,0.9532435742709485,0.7163163716814159,0.8788889657079647,0.9029250423455633,0.7232024336283186,0.8839348266961653,1.0,16.357831188525914,0.19521570796460178,0.1397545994410806,14.805771644569814,0.2140486725663717,0.15850751047973918,11.314468940260477,0.09958517699115044,0.08318001863064742,1.3918270895144236,0.5795630530973451,0.36080140894271073,1.2239038319053868,0.6487831858407079,0.4155376688402422,0.9532435742709485,0.6971238938053097,0.4061539357242664,0.7606878880129103,0.7545907079646018,0.45961370517000466,12.0
Family D: Shared prototype with noise,Large,5,16.56563375873431,0.19754808595112267,0.4359558172599727,14.89786842518854,0.21976017383373125,0.4679454936466632,13.51301043920066,0.174075166993052,0.48664390911285776,1.3094049089207636,0.6317031949995976,0.8526258372007762,1.4094073096444548,0.5942270032459693,0.8434579857105812,1.0773329491997683,0.6612388335971242,0.8655230884101904,1.0959797470006412,0.6762346755371945,0.8678508195401992,12.0,16.56563375873431,0.19320224266974273,0.1368982990781673,14.89786842518854,0.21538750435925638,0.1586105726262702,13.51301043920066,0.16972932371167207,0.12686671476556027,1.2753937805705633,0.5892641575234059,0.37096671716579854,1.4094073096444548,0.5800627732918422,0.3851704804571183,1.0773329491997683,0.6432921104166108,0.3769771963239644,1.0186514257026684,0.6839874453416316,0.42377901994033296,1.0
Family D: Shared prototype with noise,Large,6,16.630778018838946,0.20340300107181136,0.4393505493033226,14.421324214460304,0.2310289389067524,0.47781908717399074,6.585507423929797,0.06363879957127545,0.5429885673454805,1.0381015011738188,0.6822079314040729,0.8697045819935691,1.6377825900514489,0.5323151125401929,0.8240722132904609,1.0214391072671338,0.6820471596998928,0.8763034789210432,0.928936524053771,0.7184083601286174,0.8821336861379064,1.0,16.630778018838946,0.19734726688102894,0.13886867490269084,14.421324214460304,0.225,0.16619281322276755,6.585507423929797,0.05978027867095391,0.08570401083093586,1.0381015011738188,0.6679528403001072,0.4017036159530659,1.6377825900514489,0.5192122186495177,0.35080103796468665,1.0214391072671338,0.6647374062165059,0.4206549331528177,0.928936524053771,0.7056270096463022,0.43029700456930114,1.0
Family D: Shared prototype with noise,Large,7,16.864307944691003,0.19114619974465202,0.43116406976037247,15.17447620537175,0.2250188905390969,0.4710008511599225,3.90256566016183,0.25362828630240497,0.6839477101192494,1.5027089637948858,0.5613486542119388,0.8327709598130922,1.5749060841599087,0.5626253940957294,0.830343959804407,1.2006796148223906,0.6171604262747857,0.8574252846608823,0.9862028080012053,0.7027019984887569,0.876664321634227,2.0,16.864307944691003,0.1863519112014383,0.1369114962815465,15.17447620537175,0.2183225201281951,0.16307986412525488,3.90256566016183,0.24323197582010997,0.17815938266678186,1.0872790314926977,0.6633575653352094,0.40412588572972336,1.5749060841599087,0.5466791735063447,0.36531765590008786,1.2006796148223906,0.5978269366059564,0.36489527578815717,0.9862028080012053,0.6904296620547695,0.418750111423325,2.0
Family D: Shared prototype with noise,Large,8,16.727367241246174,0.1905364986122713,0.43353778753828603,15.261742919206991,0.2099377543046536,0.4610627576729272,14.688179507529314,0.25984209533561475,0.46819058589995777,1.4315891161900958,0.5672172671175663,0.8356243207314992,1.0489262909600607,0.6875858909757215,0.8734921362040007,1.473030970553799,0.5311632669558891,0.8323874098425444,0.8445121912757796,0.7402387432297701,0.8884281839167184,8.0,16.727367241246174,0.18512031473148124,0.13333966805132252,15.261742919206991,0.20546468702002102,0.15071003206596426,14.688179507529314,0.25324027916251246,0.17241589598203969,0.8430746886563358,0.7373285548759128,0.4423911763996772,1.0489262909600607,0.6723882406833553,0.4362602094144309,1.473030970553799,0.515130284821212,0.3275096474445795,0.8445121912757796,0.7250949853143273,0.439347675323957,8.0
Family D: Shared prototype with noise,Large,9,17.30124726233724,0.19371592539454807,0.4333996891439503,15.596767292517777,0.21179340028694404,0.4562769010043042,11.840230838380519,0.23489239598278336,0.4431354615016739,1.0833847378079857,0.6453084648493543,0.8632340985174558,0.8660135291020216,0.7494691535150646,0.8925095648015304,1.4049601281101758,0.5282639885222382,0.8359158297465328,0.7801897747839699,0.7781922525107604,0.8986119081779054,1.0,17.30124726233724,0.18892395982783358,0.13497243826927433,15.596767292517777,0.20565279770444764,0.15179189005512347,11.840230838380519,0.22840746054519367,0.1437045986558937,1.0833847378079857,0.6291822094691535,0.38109793853356494,0.8660135291020216,0.7358680057388809,0.471674091973118,1.4049601281101758,0.5078335724533716,0.32222759193536205,0.7801897747839699,0.76467718794835,0.46556822472249487,1.0
Family D: Shared prototype with noise,Large,10,17.7211835028252,0.1870885595860537,0.42331405376606257,15.038692533467493,0.21198493755587464,0.4657454690759353,13.404333725568943,0.26361986292092215,0.41518852888322993,0.9868256019295738,0.69764039769187,0.8753713687138226,1.454128312093395,0.6219489068891718,0.8461427320094999,1.4409162498139845,0.519789775959689,0.8341285590442391,0.858391895929307,0.7370844959770271,0.8881717371477077,6.0,17.7211835028252,0.18318749492048872,0.13463378327703693,15.038692533467493,0.20602497765015035,0.15678544286922166,13.404333725568943,0.25608864085823424,0.1621123352634288,0.9868256019295738,0.6833906753718202,0.4149215723457861,1.454128312093395,0.6065342833148213,0.40598163248719965,1.4409162498139845,0.5031289789505052,0.3320467614461885,0.858391895929307,0.7257876628829951,0.4403055833988026,6.0
Family D: Shared prototype with noise,Large,11,16.939972829084905,0.1983655890229425,0.43213421311762057,15.312076070380392,0.21727727009193562,0.46302041633306645,11.538041178559597,0.2588553601501891,0.4775187966465126,1.2553054422018448,0.6672372380663151,0.8593466727404913,1.2965282524496116,0.6225946274260787,0.8525717125424479,1.0420404396099134,0.6667955053698131,0.8677073842982432,1.0896702825907745,0.6767068827475774,0.8690256803143664,4.0,16.939972829084905,0.19273349714254162,0.13728441918689216,15.312076070380392,0.2125286436045388,0.1580938071691473,11.538041178559597,0.2534165263245079,0.1637026499602586,1.2553054422018448,0.6547306810966014,0.4007387398121764,1.2965282524496116,0.6070511581679137,0.4007111315186451,1.0420404396099134,0.6471384003754728,0.3783484137582298,1.0896702825907745,0.661218630076475,0.4077032951224864,4.0
Family D: Shared prototype with noise,Large,12,15.678326453898295,0.19976285924002032,0.44878947640825856,15.22618282239995,0.22305346959516684,0.46706731221651326,1.2038534511979002,0.7070182372536842,0.8698942982703782,1.4106894628872926,0.5824064140929366,0.8389989507462406,1.3856168893206688,0.6621026480718197,0.8553923644439426,1.1701417235012759,0.6313025803173169,0.8617319980050064,0.8252840842414856,0.7637626333916775,0.8928326087365668,8.0,15.678326453898295,0.19547174072610243,0.13861739210541174,15.22618282239995,0.21704025746711084,0.15686058916700593,1.2038534511979002,0.6974479137259331,0.4456195822399995,1.2955134806508328,0.6234825814465587,0.3839080084039357,1.3856168893206688,0.6486929027158264,0.4235562793268531,1.1701417235012759,0.6115690813618655,0.39059430802742273,0.8252840842414856,0.7507481226356502,0.45101171142525165,8.0
Family D: Shared prototype with noise,Large,13,16.443448319025087,0.2015372411718045,0.4381804070133209,14.91114016878534,0.22248967422522498,0.46988315690618815,7.910160023105088,0.27902841981454635,0.5534541198245758,1.1734163354309408,0.6434804015427118,0.8601056967276639,1.3289867710067524,0.6020131841680572,0.8489593305797934,1.2149313612715544,0.5828934051806669,0.8505053475204465,1.1376686962562055,0.648486008917093,0.8619292331117737,2.0,16.443448319025087,0.19532809978391094,0.13839921338398925,14.91114016878534,0.21578817801362182,0.15794944293362856,7.910160023105088,0.2750895812248694,0.2024010215642775,1.1734163354309408,0.6287097568314232,0.3931006980785205,1.3289867710067524,0.5858201810771629,0.3944078857391297,1.2149313612715544,0.5618862660357231,0.34438492357702977,1.0989311018157615,0.6446565825104625,0.3978370938972476,1.0
Family D: Shared prototype with noise,Large,14,16.3835824546713,0.20165381920112124,0.44582690960056065,15.767349552433332,0.20535388927820603,0.45551623452464374,11.932460168524813,0.2028311142256482,0.41552557813594954,1.891348081483554,0.5066853538892782,0.8079070310675076,0.9665476884597979,0.7233076384022424,0.8825204391497313,0.8706149486736668,0.7607288016818501,0.8880349217472552,1.4281852828171764,0.577687456201822,0.838989138051857,12.0,16.3835824546713,0.19744919411352488,0.13944159628222622,15.767349552433332,0.1994393833216538,0.148606203666138,11.932460168524813,0.20134548002803082,0.14243794489728176,1.891348081483554,0.49252978276103715,0.31956035849961273,0.9665476884597979,0.7091520672740014,0.4533780843137977,0.8706149486736668,0.7393132445690259,0.41348578172832223,0.6204684045109905,0.8087175893482831,0.48990668682919625,6.0
Family D: Shared prototype with noise,Large,15,17.41400796814096,0.19621402253430875,0.4306521555330094,15.123307367877672,0.21220697388796925,0.46389626831135083,6.99991605016112,0.36733059219309017,0.6194014657980457,1.3881947500208496,0.594756234314092,0.8420523620085082,3.7440313521214796,0.4322902760719816,0.7302062752531995,1.2894912765991298,0.5676296256741603,0.844638868122675,1.284386374048313,0.6176109360815935,0.8514344262295082,2.0,17.41400796814096,0.19218241042345277,0.13475898856983867,15.123307367877672,0.20702728680514765,0.1560004833999882,6.99991605016112,0.3575853046403588,0.23879818893632332,1.3881947500208496,0.5792171730656271,0.359204132507806,3.7440313521214796,0.4204090350830352,0.2979359944690048,1.2894912765991298,0.5518769690820741,0.3407520242374506,1.153507070801575,0.6214022534308752,0.3849100510661499,12.0
Family D: Shared prototype with noise,Large,16,16.433562356000127,0.19527998882837594,0.43617162407484994,15.531493233263813,0.21471861471861473,0.4553292137969558,11.16874536382963,0.2403574919703952,0.4926028720383559,1.3582719659697737,0.5983801145091467,0.8442954894567798,1.5653012895765193,0.5904482614160034,0.8362199180747568,1.8077288142006802,0.6687334171205139,0.8497794767956058,0.8383621844155462,0.7354559419075548,0.8877432155657964,6.0,16.433562356000127,0.1900572545733836,0.13429468098398487,15.531493233263813,0.2092724479821254,0.15341285765733984,11.16874536382963,0.234715821812596,0.1661499790532049,1.3582719659697737,0.5850579527998883,0.36348642868167486,1.5653012895765193,0.5765954475631895,0.38239881227996675,1.8077288142006802,0.6534562211981567,0.40684996949852636,0.8383621844155462,0.718921938276777,0.43281517576933526,6.0
Family D: Shared prototype with noise,Large,17,16.225096706704157,0.187605665031457,0.43790302837134965,15.456899848314917,0.22629638868102325,0.46242366711935184,7.11845838352754,0.2176768936559408,0.5895877793483181,1.251640165246387,0.6284193897064937,0.853299982446902,1.5198192489545153,0.6141459493916466,0.8420544515580685,0.9629184506435913,0.705717690751365,0.8784061094019936,0.852840854283949,0.7336548321831435,0.8877577533882098,1.0,16.225096706704157,0.18236745101299853,0.13415866930984233,15.456899848314917,0.22100274382639062,0.15867368596097375,7.11845838352754,0.2077547739807655,0.15243334077273502,1.059946358694982,0.6655857653612705,0.40820434723626225,1.5198192489545153,0.600399102020454,0.39389443926603745,0.9629184506435913,0.6868989218702364,0.4055772173428499,0.852840854283949,0.7209888861173471,0.4417516727713522,1.0
Family D: Shared prototype with noise,Large,18,16.66680488178893,0.19458952725324763,0.44123923039150037,15.045786280995321,0.21837417972411946,0.4683312128922816,12.0756342574926,0.09562073121735637,0.3762521762421321,1.0390575057564475,0.6752644971206643,0.8695822731128074,2.071127515148289,0.5654479710727199,0.8116144368554975,0.8817252151062213,0.7320744609615643,0.8822608365697961,1.0943242680450973,0.6860318735770724,0.8708796482299898,1.0,16.66680488178893,0.18939333065488148,0.13957694557808745,15.045786280995321,0.2126958617918843,0.1551556673926681,12.0756342574926,0.09355832328913888,0.08431766438998259,1.0390575057564475,0.6598366144368555,0.39815750706617886,2.071127515148289,0.5543323958751841,0.37058214036497433,0.8817252151062213,0.7115307352350342,0.402920922233265,1.00765993895216,0.6806214008303201,0.4094211019714815,12.0
Family D: Shared prototype with noise,Large,19,16.33079577728236,0.20350269333838616,0.44124676303133653,13.701332694311194,0.22729610481011286,0.4879843046495051,8.658454860907378,0.14508837939528463,0.5056872524339298,1.05847775226673,0.674092520910592,0.8686005016737497,1.498621307690704,0.5870124245459221,0.8397773822735927,1.4014693910639568,0.6550361367512113,0.8535068664338755,0.9529072338175117,0.7217334813090437,0.8828758718385982,4.0,16.33079577728236,0.19879273475353923,0.13884832537180322,13.701332694311194,0.22269442113526244,0.1693248631960759,8.658454860907378,0.14048669572043418,0.11262870111423434,1.05847775226673,0.6576347345911269,0.4027028836742806,1.498621307690704,0.5720434182389086,0.384521246814082,1.4014693910639568,0.6388219689792383,0.39898449531782254,0.9529072338175117,0.7096337601169369,0.44332022162164475,4.0
Family E: Cross-block leakage,Small,0,16.516411136604138,0.22343096234309623,0.46148012552301254,13.017051595390658,0.29665271966527196,0.5301080892608089,4.023299824940589,0.34560669456066945,0.711802649930265,1.708888913164455,0.6719665271966527,0.8491195955369596,2.0097875997827668,0.6301255230125523,0.8309884937238494,5.912553203189353,0.32552301255230126,0.6977771966527198,1.6550680487118108,0.6899581589958159,0.8532426778242679,6.0,16.516411136604138,0.20418410041841004,0.14073992512662406,13.017051595390658,0.26569037656903766,0.19592600748733763,4.023299824940589,0.3163179916317992,0.22554503413345078,1.708888913164455,0.602092050209205,0.3907729574983484,2.0097875997827668,0.5535564853556485,0.38046685752036996,5.912553203189353,0.24351464435146444,0.18592820964545256,2.224493822233592,0.4887029288702929,0.33184320634221537,8.0
Family E: Cross-block leakage,Small,1,17.53252928209608,0.2127082526152654,0.42818513496060956,12.476873735338582,0.2623014335528865,0.5184763657497095,7.865752901060877,0.17047655947307244,0.5536371561410306,1.9571013948628986,0.5827198760170477,0.8209511817125146,2.6023267551477627,0.548237117396358,0.8045977011494253,3.2376076870882633,0.578845408756296,0.7838612294976108,1.5817267115258413,0.6427741185586981,0.8463127986568513,6.0,17.53252928209608,0.195273149941883,0.14048002610167415,12.476873735338582,0.24525377760557923,0.18328269336650424,7.865752901060877,0.1514916698953894,0.13789025061685597,1.553293672596908,0.6009298721425804,0.3612430922327128,2.6023267551477627,0.487020534676482,0.34497032973755587,3.2376076870882633,0.4796590468810539,0.28059299741022453,1.5683530743787446,0.5900813638124758,0.35184241114215214,12.0
Family E: Cross-block leakage,Small,2,17.21680200570675,0.2283527990334273,0.4411246476037052,13.041010075723186,0.25654450261780104,0.511486441133038,13.312473626125836,0.12283527990334273,0.4023862263391059,1.6510120764946543,0.7031816351188079,0.8526983487716472,2.006306110459086,0.6681433749496577,0.8406581420324876,4.458873168602994,0.6411598872331856,0.7730651765337628,1.6660259834170823,0.6919049536850584,0.8514146194120017,12.0,17.21680200570675,0.20298026580749093,0.1413400597748903,13.041010075723186,0.22190898107128473,0.1680479894864023,13.312473626125836,0.11639146194120016,0.10672573499798632,1.6510120764946548,0.6363270237615787,0.4046675286686309,2.006306110459086,0.6117599677809102,0.40286580325158444,4.458873168602994,0.5896093435360451,0.38732857112576036,1.6660259834170823,0.6423681031010874,0.38645950357165565,12.0
Family E: Cross-block leakage,Small,3,17.673400256752966,0.2079664570230608,0.418929070580014,13.387315344610567,0.23228511530398324,0.48796296296296293,8.769700675736344,0.20964360587002095,0.5352026554856744,1.2330321057544094,0.7291404612159329,0.8727463312368973,1.890060470677024,0.6637316561844864,0.8471174004192872,4.778207155830299,0.6213836477987421,0.7471174004192872,1.4567039685743128,0.7132075471698113,0.8643431167016072,1.0,17.673400256752966,0.18867924528301888,0.12834602228842548,13.387315344610567,0.20461215932914045,0.15356945823678694,8.769700675736344,0.19035639412997904,0.1292507999558645,1.2330321057544094,0.659538784067086,0.4084298797307735,1.890060470677024,0.6067085953878407,0.40346463643385194,4.778207155830299,0.5203354297693921,0.28323954540439145,1.4477191666495155,0.6771488469601677,0.41641840450182055,2.0
Family E: Cross-block leakage,Small,4,15.649892234313928,0.21791559000861327,0.4545201693942004,11.905838005448928,0.27993109388458226,0.5333674275050244,9.979410976494867,0.2127476313522825,0.506244616709733,1.4436129063305774,0.6873385012919897,0.8603574504737296,1.6029358143423138,0.7213608957795005,0.8608598908986507,2.338646550899308,0.7566752799310938,0.8521569049669825,1.388821976334966,0.8053402239448751,0.8912216480045938,1.0,15.649892234313928,0.1920757967269595,0.1384922253955302,11.905838005448928,0.25107665805340224,0.18674917267328528,9.979410976494867,0.18949181739879414,0.14499750668661318,1.4436129063305774,0.6304909560723514,0.39285552382247607,1.6029358143423138,0.6770025839793282,0.43669250645994834,2.338646550899308,0.7295434969853575,0.48184414524683794,1.6933351691015737,0.6744186046511628,0.3963461625640328,1.0
Family E: Cross-block leakage,Small,5,14.695938011897832,0.22889542209155816,0.4621657566848663,13.093249240839933,0.2818143637127257,0.510097298054039,9.237183608258306,0.20075598488030238,0.5294956600867983,1.2104368220571233,0.75052498950021,0.8813961220775586,1.9191740988876362,0.6774464510709786,0.8462568248635027,3.800433864319784,0.7211255774884502,0.8051326473470531,1.4042595873777535,0.7127257454850903,0.8663026739465212,8.0,14.695938011897832,0.19571608567828644,0.1442781670682376,13.093249240839933,0.24653506929861402,0.17327969230089083,9.237183608258306,0.1864762704745905,0.1411834921196313,1.4963613924410872,0.625367492650147,0.38239129954243023,1.9191740988876362,0.619907601847963,0.41912951214659916,3.800433864319784,0.631247375052499,0.3334954353544508,1.490461402445291,0.6539269214615707,0.3832091779217047,1.0
Family E: Cross-block leakage,Small,6,17.35092870105507,0.21466768525592056,0.4512111662846957,13.994172196528428,0.22956455309396487,0.46712662337662336,6.613415867503557,0.5103132161955691,0.6655287114845939,1.732440529759485,0.69938884644767,0.8490498472116119,2.3538313241612254,0.6611917494270435,0.8332935446906036,3.9693936445413427,0.7421695951107716,0.8134549274255157,2.303842203533473,0.6883116883116883,0.8396358543417367,8.0,17.35092870105507,0.18869365928189458,0.14243496441638856,13.994172196528428,0.2108479755538579,0.15757307707772106,6.613415867503557,0.4950343773873186,0.35955530537573877,1.854775342523246,0.5744843391902216,0.36496321016444855,2.3538313241612254,0.6019862490450726,0.4079852036508383,3.9693936445413427,0.7203972498090145,0.4449559728197499,2.3312779227976566,0.606951871657754,0.36618953801616344,8.0
Family E: Cross-block leakage,Small,7,16.361675119231112,0.21425558835934205,0.44388795163784617,13.819148874305936,0.2593842260649515,0.49520244622522147,4.633060842812108,0.31632222690847744,0.6764814424293547,2.0056749473438913,0.6225221425558836,0.8269893153381133,2.2703070771057194,0.6052298608182202,0.81735027414593,4.5974522659926444,0.7477857444116407,0.814810909602137,1.4676555375078064,0.6444538169548714,0.8497733024040489,6.0,16.361675119231112,0.18937157317587516,0.13665120202446224,13.819148874305936,0.22353437368199072,0.17571977180403558,4.633060842812108,0.2606495149725854,0.1749650380696575,1.4752802031899195,0.5824546604808097,0.36615685142844456,2.2703070771057194,0.5554618304512864,0.37066305578370223,4.5974522659926444,0.7178405735976381,0.46826788607960235,1.4606823391562611,0.5832981864192324,0.36993052010033517,8.0
Family E: Cross-block leakage,Small,8,17.12787825525001,0.23755750731911335,0.4494719782517775,12.873757362827911,0.2580510246758678,0.5063345183326363,3.615325501518544,0.5089920535340862,0.7696744737208979,1.6383481631529668,0.6378084483479716,0.843205423114457,2.0192437561893524,0.6323713927227101,0.8362348389795066,4.163080124938454,0.7164366373902133,0.7933831730098982,1.7637935049501243,0.6252613969050607,0.8364352432733863,12.0,17.12787825525001,0.20911752404851527,0.14149552048251116,12.873757362827911,0.2287745713090757,0.16537894296594688,3.615325501518544,0.4755332496863237,0.31068260362323624,1.6383481631529664,0.5800920117105813,0.3678707433577671,2.0192437561893524,0.5687996654119615,0.39351515551740074,4.163080124938454,0.6670849017147636,0.3992603843359968,1.7637935049501243,0.5658720200752823,0.355037531092474,12.0
Family E: Cross-block leakage,Small,9,15.566839018288157,0.23685220729366602,0.4604126679462573,13.455085467424817,0.2525911708253359,0.49289027511196415,6.74005084310544,0.2145873320537428,0.5939699296225208,1.4243895000749205,0.6794625719769674,0.858517274472169,2.083448620296715,0.6261036468330134,0.823456493921945,4.278337562659161,0.6491362763915547,0.7901391554702496,1.409475150807256,0.6928982725527831,0.8610684580934101,12.0,15.566839018288157,0.20460652591170825,0.1537529043337711,13.455085467424817,0.2214971209213052,0.1613294272148702,6.74005084310544,0.19193857965451055,0.16634003434690373,1.4243895000749205,0.6333973128598849,0.3781190019193858,2.083448620296715,0.5673704414587332,0.3700777856349126,4.278337562659161,0.5662188099808061,0.3316294575209616,1.4097125849793546,0.654126679462572,0.3811092029497929,8.0
Family E: Cross-block leakage,Small,10,16.014631873797452,0.20994718309859156,0.4557199970657277,13.592084779262606,0.20862676056338028,0.48609888497652587,13.07983676061715,0.2169894366197183,0.5486355633802816,1.901763751899607,0.6289612676056338,0.8311417987089202,2.1891206766558438,0.633362676056338,0.826153535798122,5.04174047078563,0.7051056338028169,0.7783615757042254,1.568746483871249,0.6976232394366197,0.8531763497652582,8.0,16.014631873797452,0.2007042253521127,0.13433561897702004,13.592084779262606,0.1738556338028169,0.1564353224610823,13.07983676061715,0.20862676056338028,0.1695932171979244,1.4149871582974245,0.6822183098591549,0.42295218680504076,2.1891206766558438,0.5691021126760564,0.3876250926612306,5.04174047078563,0.676056338028169,0.43110637509266125,1.5364052606772787,0.6505281690140845,0.38892234988880653,12.0
Family E: Cross-block leakage,Small,11,16.520062385741056,0.19710598357450138,0.444148416112632,12.990220881628462,0.2964411419632382,0.5230576196063095,8.257566574120093,0.2221353148220571,0.575967931169339,1.7049781096645973,0.7012123582323034,0.8558939512449485,2.046601844344572,0.6840046929996089,0.8474286272976144,5.276946458469714,0.7747360187719984,0.8250309607613088,2.153769340009771,0.6656237778646852,0.8283307261113285,12.0,16.520062385741056,0.18420023464998045,0.13074532243788978,12.990220881628462,0.26867422761048104,0.18605273449560547,8.257566574120093,0.20727414939382088,0.15857398678550108,1.7049781096645973,0.6511536957371921,0.42391371467385713,2.046601844344572,0.630817364098553,0.4348640470946627,5.276946458469714,0.7543996871333594,0.51291604059033,1.8757755373878977,0.6468517794290184,0.41613321532223213,8.0
Family E: Cross-block leakage,Small,12,17.085969942301915,0.19568755085435313,0.4318466910767561,14.022895492874026,0.24938974776240846,0.4899477895307838,15.499770682665936,0.17819365337672904,0.46020646867371845,1.345055554092891,0.7502034174125305,0.8745677379983727,2.0578862057584444,0.6635475996745321,0.8397409818280446,3.6696106472863375,0.7591537835638731,0.8281546650393273,1.3477450498791412,0.7290480065093572,0.8705248169243287,12.0,17.085969942301915,0.17371847030105778,0.132649565329108,14.022895492874026,0.21562245728234336,0.16962870969123375,15.499770682665936,0.1484947111472742,0.1034431073615691,1.3450555540928912,0.7034174125305126,0.42799023596419855,2.0578862057584444,0.6143205858421481,0.4164489743479937,3.6696106472863375,0.7196908055329536,0.46681084321870586,1.3477450498791412,0.6855166802278275,0.4209883945013062,12.0
Family E: Cross-block leakage,Small,13,16.570428826085188,0.20618556701030927,0.444091990483743,12.686567354054443,0.23830293417922285,0.5092519164684113,13.967001534769402,0.042426645519429027,0.45307956648162834,1.6307037990211974,0.6494845360824743,0.8490946338884483,2.629909608411111,0.5872323552735924,0.8069488501189533,5.80000702428436,0.500396510705789,0.7414089347079038,1.6844082771238076,0.6954797779540047,0.854381443298969,2.0,16.570428826085188,0.18556701030927836,0.13642055177595055,12.686567354054443,0.21768437747819191,0.17045786552026382,13.967001534769402,0.0344964314036479,0.06279477440627738,1.6307037990211974,0.5884218873909596,0.39350557201886555,2.629909608411111,0.535289452815226,0.3809841813097375,5.80000702428436,0.40087232355273594,0.2703994323636212,1.7024169904489426,0.6423473433782713,0.40037146792437084,4.0
Family E: Cross-block leakage,Small,14,17.978739499246938,0.21081081081081082,0.42976994851994854,13.224260203444802,0.23011583011583012,0.4950772200772201,15.403405055652819,0.18146718146718147,0.4483992921492922,1.7093150797190308,0.6745173745173745,0.8500723938223939,2.0837670497378293,0.7003861003861004,0.8474099099099099,3.152505199040492,0.747104247104247,0.8255871943371944,1.5526662708492365,0.7355212355212355,0.8626608751608751,12.0,17.978739499246938,0.19922779922779923,0.1453769559032717,13.224260203444802,0.19305019305019305,0.16309693151798413,15.403405055652819,0.161003861003861,0.1216216216216216,1.4873915147832197,0.6868725868725869,0.41788254419833365,2.0837670497378293,0.6513513513513514,0.4330014224751067,3.152505199040492,0.7231660231660232,0.4416175574070311,1.5544453523664903,0.6945945945945946,0.42152001625685837,6.0
Family E: Cross-block leakage,Small,15,16.59431382768652,0.22528735632183908,0.46398467432950197,13.364026966651736,0.26298850574712646,0.4911302681992337,1.9552011313026818,0.6974712643678161,0.8588505747126437,1.5490298704297478,0.6767816091954023,0.8548563218390806,2.1552645601030753,0.592183908045977,0.8232471264367817,4.387323247915905,0.7282758620689656,0.8115421455938697,1.528413978351187,0.6891954022988506,0.8546072796934865,12.0,16.59431382768652,0.19218390804597701,0.14381125226860253,13.364026966651736,0.23264367816091955,0.18344827586206894,1.9552011313026818,0.6528735632183909,0.4341681790683605,1.5490298704297478,0.6372413793103449,0.3895220810647308,2.1552645601030753,0.5319540229885057,0.37086509376890503,4.387323247915905,0.7126436781609196,0.48500907441016333,1.528413978351187,0.6266666666666667,0.372583182093164,12.0
Family E: Cross-block leakage,Small,16,17.23990115596374,0.20214806290755657,0.4341036951796446,14.028894162511909,0.24319140774836978,0.4992887738140903,13.579253492479104,0.45262754123513615,0.5609337041299066,1.3228716984856799,0.7537399309551208,0.8768459915611815,2.1301365792292044,0.6471039509014193,0.8310078634445724,2.4359395376800257,0.7690832374376678,0.8533195882879427,1.2995906527671341,0.7698504027617952,0.881720687891574,1.0,17.23990115596374,0.18181818181818182,0.12571417035107907,14.028894162511909,0.22209436133486765,0.16833222296246944,13.579253492479104,0.41848868431146913,0.2708901136615993,1.3228716984856799,0.7046413502109705,0.4361334867663982,2.1301365792292044,0.5976217874952052,0.3956554216380998,2.4359395376800257,0.7522056003068661,0.500191791331032,1.2995906527671341,0.7149980820866897,0.4532533866311348,1.0
Family E: Cross-block leakage,Small,17,17.389338735628293,0.2147736976942784,0.4357831625391404,12.005061317539434,0.23057216054654142,0.506342513521207,5.065018570982674,0.5042698548249359,0.7180116709365215,1.354748840517649,0.7284372331340735,0.8725448334756618,1.8965199600795977,0.6349274124679761,0.8405742954739539,3.104518053806714,0.7177625960717335,0.8188514090520923,1.3258035323156547,0.7856532877882152,0.8803817961855964,2.0,17.389338735628293,0.20153714773697695,0.13605105847453816,12.005061317539434,0.2147736976942784,0.16627713605105848,5.065018570982674,0.46925704526046114,0.29715942289541103,1.354748840517649,0.6865926558497011,0.4202211335340914,1.8965199600795977,0.5939368061485909,0.39905164277046157,3.104518053806714,0.6955593509820666,0.4023551620297541,1.3258035323156547,0.7391118701964133,0.4317946874016809,2.0
Family E: Cross-block leakage,Small,18,17.27661724101523,0.23315602836879432,0.4286809249408983,13.020395048869135,0.21320921985815602,0.4911162825059101,1.8949509807043883,0.8018617021276596,0.8788785460992908,1.6110332180109506,0.6693262411347518,0.8520888741134753,2.443655573330048,0.6006205673758865,0.8145777925531915,4.03400808751212,0.6662234042553191,0.7952866430260047,1.5738944358464724,0.6117021276595744,0.8427988327423168,4.0,17.27661724101523,0.19946808510638298,0.14709313176558414,13.020395048869135,0.20124113475177305,0.15733482642777155,1.8949509807043883,0.7672872340425532,0.47932997387084736,1.6147367797221788,0.511968085106383,0.3348264277715566,2.443655573330048,0.5576241134751773,0.3690042926465099,4.03400808751212,0.612145390070922,0.41524356103023513,1.3709880785444069,0.6817375886524822,0.42291899962672636,2.0
Family E: Cross-block leakage,Small,19,18.985685968898043,0.21112464474218431,0.42774732710786306,13.005479285277419,0.24563540397888753,0.5084754364596021,3.6577172050729594,0.5140073081607796,0.7588560698335364,1.5361453999381873,0.7080795777507105,0.8629043172283124,1.9997724056071717,0.6816889971579375,0.8440418189200163,6.463612130869496,0.5574502639058059,0.7329983759642712,1.5516584333886805,0.707673568818514,0.8587681012315604,12.0,18.985685968898043,0.1961023142509135,0.14821462914289377,13.005479285277419,0.21762078765732845,0.17129303160459006,3.6577172050729594,0.4583840844498579,0.26850011752890146,1.5361453999381876,0.6601705237515225,0.40081629164262667,1.9997724056071717,0.6345919610231425,0.4139795286022608,6.463612130869496,0.4575720665854649,0.2733081180417548,1.5516584333886805,0.658952496954933,0.40188473620103854,12.0
Family E: Cross-block leakage,Medium,0,17.49442780064768,0.20262582056892778,0.4266320204230489,13.852082752302449,0.22800875273522975,0.48493116338439096,3.581821980617348,0.5764770240700219,0.7797342268417213,2.433378257201585,0.42472647702407,0.7754969000729394,2.3494348099457976,0.5637855579868709,0.8037290299051787,2.559586182819234,0.45820568927789934,0.7834176695842452,2.0023065677932377,0.612472647702407,0.8303086250911744,8.0,17.49442780064768,0.19146608315098468,0.13993435448577682,13.852082752302449,0.22188183807439826,0.16233444661983185,3.581821980617348,0.5594091903719912,0.3742254980997351,2.433378257201585,0.40054704595185997,0.2625071979730508,2.3494348099457976,0.5284463894967177,0.35313831625014397,2.559586182819234,0.4233041575492341,0.26919267534262353,1.6617655796333557,0.5566739606126915,0.35486007140389264,1.0
Family E: Cross-block leakage,Medium,1,16.45795774066832,0.21158342189160467,0.44450274530641165,13.563681768296176,0.2432518597236982,0.48924017003188097,5.855038840030136,0.5513283740701381,0.7161486007793126,2.0533745009352384,0.5354941551540914,0.812475646475381,2.17545132564842,0.5637619553666312,0.8131907545164718,3.376051120159715,0.4844845908607864,0.7706540028338646,1.805530726645252,0.5914984059511158,0.8300256818986893,6.0,16.45795774066832,0.19872476089266738,0.14143967783433078,13.563681768296176,0.2339001062699256,0.16590413334079088,5.855038840030136,0.5229543039319873,0.31312713238995465,2.0533745009352384,0.506163655685441,0.34003579618546903,2.17545132564842,0.5331562167906483,0.3649700766262095,3.376051120159715,0.4450584484590861,0.2945970132557749,1.797326097001541,0.5777895855472901,0.3600872532020806,12.0
Family E: Cross-block leakage,Medium,2,17.533788912853655,0.2019459214843308,0.43304295357695066,13.846388561606757,0.23780970698042764,0.4895232303805106,14.823728734694038,0.22231021608779275,0.3900634498623525,1.9156081735640942,0.5353546781310103,0.817466153788136,2.0392944716961123,0.5927141079307614,0.8244168835086926,2.07609489879601,0.608553003733454,0.8309103593920881,1.4133945117088178,0.6826564090960516,0.8569502583248483,6.0,17.533788912853655,0.19006674963231135,0.132117827094039,13.846388561606757,0.22513859033827355,0.16197355023490392,14.823728734694038,0.21314628351623488,0.14334200701436814,1.8982186125168918,0.5871704943998189,0.37423857187941,2.0392944716961123,0.5703133838669533,0.37610827612078046,2.07609489879601,0.5685032243466456,0.33709457488046396,1.4133945117088178,0.6564090960515896,0.394388505487046,6.0
Family E: Cross-block leakage,Medium,3,17.358855120857886,0.19846904814732638,0.42923507876636346,14.04610376140896,0.23252717994231195,0.47967513497522374,3.1974004980935953,0.4444197914355447,0.755602396272465,2.4293652351253714,0.5543598846239184,0.7996935322831152,2.1469198618994354,0.6058353672065676,0.8275529731528732,2.6464739503010715,0.6381184823607722,0.8124491531691443,1.5695559821052054,0.6597514976702906,0.8471567376673322,12.0,17.358855120857886,0.18704237852229866,0.13466187100767224,14.04610376140896,0.2183270468160639,0.1611645043382808,3.1974004980935953,0.4195695584646106,0.2830684432403396,1.7793789802504112,0.5898602174395385,0.35105041280814636,2.1469198618994354,0.5754382072331928,0.3780785444863546,2.6464739503010715,0.602618149545152,0.36466665888150596,1.5695559821052054,0.6326824938983803,0.3867492672217486,12.0
Family E: Cross-block leakage,Medium,4,16.107932591296404,0.1996553704767375,0.4465584912885315,13.83997307369595,0.24813325674899483,0.49884884166188015,14.612411079093125,0.29304997128087307,0.40817777139574957,1.7279994389354503,0.5974727168294084,0.8306504882251581,2.2116200366419894,0.6284893739230327,0.8202445912310934,2.317322331544235,0.6561746122917863,0.8204264790350374,1.8606984647645528,0.6129810453762206,0.8343121769098221,12.0,16.107932591296404,0.18701895462377943,0.13531243387043138,13.83997307369595,0.23767949454336587,0.17440067716678254,14.612411079093125,0.28914417001723147,0.17825206324254056,1.7279994389354503,0.5645031591039632,0.33603796970887867,2.2116200366419894,0.6004595060310166,0.3863296955772545,2.317322331544235,0.607007466973004,0.34557271985247445,1.8606984647645528,0.5869040781160253,0.3554279149913842,12.0
Family E: Cross-block leakage,Medium,5,16.756475562164574,0.2057953873447664,0.44000098561009265,13.774862550704203,0.23808397397989356,0.4885447466982062,7.392927742008817,0.37433471318746303,0.60910457323083,1.5980561164012024,0.576581904198699,0.8328035679085355,2.360587413389548,0.5654642223536369,0.8063892174255864,4.932988877969525,0.4662329982259018,0.7440493790656416,1.263100864532574,0.6752217622708456,0.8625566725803273,6.0,16.756475562164574,0.1914843287995269,0.13750194528307758,13.774862550704203,0.22377291543465405,0.16218369697158333,7.392927742008817,0.35683027794204614,0.22623175324473213,1.5980561164012024,0.5392075694855115,0.3301752310996296,2.360587413389548,0.5448846836191603,0.36776121261165934,4.932988877969525,0.4345357776463631,0.3027794204612655,1.2614485505073458,0.6444707273802484,0.3836782968657599,2.0
Family E: Cross-block leakage,Medium,6,16.997066426580467,0.20019745502413339,0.43400340061430454,13.885269023586607,0.2328872312417727,0.4864295378089805,7.82286450860328,0.10783238262395788,0.5255366023109551,1.955184065319446,0.5823826239578762,0.8213603371361708,1.8187397579989981,0.6290039491004826,0.835303312856516,3.4278522689023254,0.6586222027204914,0.7959814246014334,1.4887265502985163,0.6689337428696797,0.8521189849349129,2.0,16.997066426580467,0.18780166739798157,0.13340338560310386,13.885269023586607,0.22575691092584466,0.1635643518625436,7.82286450860328,0.10212812637121545,0.10089836262441974,2.1590817867150167,0.49725756910925845,0.32060460497448096,1.8187397579989981,0.6019087318999561,0.39473106856654583,3.4278522689023254,0.6226415094339622,0.35775732662063237,1.4887265502985163,0.6444712593242651,0.3892577538624974,2.0
Family E: Cross-block leakage,Medium,7,17.37746769526032,0.18838304552590268,0.4331244860581595,14.65276703977563,0.20811841220004484,0.47161405771099646,13.281719969262076,0.18714958510876878,0.46284901323166633,1.7326427112705656,0.6045077371607984,0.8308547320026912,2.4846661665957637,0.5689616505943037,0.8031112170142782,3.848299269211049,0.6290648127382821,0.7969812925170068,1.6541883416758174,0.6346714509979816,0.8372719967107723,12.0,17.37746769526032,0.18008522090154744,0.13494293032424073,14.65276703977563,0.19533527696793002,0.15366320038715311,13.281719969262076,0.1706660686252523,0.11757415516814013,1.7326427112705656,0.5669432608208118,0.34272494422870353,2.4846661665957637,0.5453016371383719,0.3673764473979297,3.848299269211049,0.586454361964566,0.35992847109925524,1.6541883416758174,0.6022650818569186,0.356593996765855,12.0
Family E: Cross-block leakage,Medium,8,15.446117464092854,0.21562534679835757,0.46190998039433284,14.295694038080404,0.2397070247475308,0.47778872119261645,6.650363384635524,0.36366662967484187,0.636425849887175,1.7928709021906137,0.6247919209854622,0.8350557651758961,1.9105654543532973,0.6098102319387415,0.8311554396478379,2.995758963379423,0.7033625568749307,0.8110226389967818,1.6337496841437784,0.6498723782044168,0.8425258017978027,12.0,15.446117464092854,0.20363999556098103,0.14668037311122664,14.295694038080404,0.22672289424037287,0.16535345688602818,6.650363384635524,0.3578959050049939,0.25952490815319285,1.8378475294569656,0.5603151703473532,0.3739230998370413,1.9105654543532973,0.5759627122405948,0.387146703736369,2.995758963379423,0.669515037176784,0.34297846491714806,1.6337496841437784,0.6156919320830097,0.37492771992126583,12.0
Family E: Cross-block leakage,Medium,9,17.40189880199587,0.19493290143452105,0.43343407758753666,14.233241062630439,0.2091624248033318,0.4763877641523986,4.408962482446297,0.42457195742711706,0.721061333487583,1.5274576761096654,0.6464599722350763,0.8520071726052754,2.6242370618213826,0.49641369736233226,0.7826141446861021,5.24041904408718,0.45950948634891253,0.7432539912077741,1.4956891854446956,0.6262147154095327,0.8466783317908375,12.0,17.40189880199587,0.18625636279500232,0.13317421271828345,14.233241062630439,0.2017584451642758,0.15053337879636622,4.408962482446297,0.3993521517815826,0.2700443264570496,1.5274576761096654,0.6201989819527997,0.39549185318687746,2.6242370618213826,0.475937066173068,0.33317299495847436,5.24041904408718,0.4335955576122166,0.2956172824472101,1.4956891854446956,0.593012494215641,0.36210696802162745,12.0
Family E: Cross-block leakage,Medium,10,16.3719282135664,0.2056846975873086,0.4476699350005509,14.007594310395714,0.23344717417649002,0.4864974661231684,2.1122893128433815,0.6596893246667401,0.847152601814109,1.391394232564153,0.7030957364768096,0.8612656531159341,2.293882621573488,0.5886306048253829,0.8125849215967096,2.469679394477824,0.770188388233998,0.8513711395101172,1.6568986355910544,0.6333590393301751,0.839080459770115,6.0,16.3719282135664,0.1921339649663986,0.1387254077686228,14.007594310395714,0.21626087914509198,0.16286391863762079,2.1122893128433815,0.6331387022143881,0.373894690455344,1.391394232564153,0.6780874738349675,0.41751564103604827,2.293882621573488,0.5592155998677978,0.36889651693406705,2.469679394477824,0.7530020932026,0.4990577689127524,1.6003948151736687,0.6286217913407514,0.38254582142256605,12.0
Family E: Cross-block leakage,Medium,11,17.81429772467878,0.19804266549373212,0.42236639542555526,13.30212418749039,0.23268088849791072,0.5021992522542336,8.59541064643535,0.2372993182318012,0.5245354079612932,2.041970025385215,0.5590499230261711,0.8151253573784915,2.170512234781792,0.5557510446448207,0.8114393189648852,3.8579021012179826,0.5006597756762701,0.7692182574591306,1.869160316872423,0.5822520343083352,0.8241697822740269,12.0,17.81429772467878,0.1886958434132395,0.13315314898197772,13.30212418749039,0.2247635803826699,0.16935399858784858,8.59541064643535,0.2271827578623268,0.1696780989200514,1.7869748341674878,0.5892896415218826,0.36919079092056073,2.170512234781792,0.5196833076753904,0.35340826224346883,3.8579021012179826,0.4725093468220805,0.32047156598335513,1.869160316872423,0.5560809324829558,0.3527484865671987,12.0
Family E: Cross-block leakage,Medium,12,16.13980672518169,0.19832085318810982,0.4464086491188261,14.44364190639946,0.23076923076923078,0.48487018758036454,14.99574703453733,0.37395053324256866,0.613585867181,1.5306650022880302,0.6468118901747221,0.8474987708947885,2.361599084018337,0.5267755842977082,0.799005842977082,3.4575884726339114,0.43498978897208984,0.7584146433703958,1.6799199915027412,0.6083503517131835,0.8351060812343999,6.0,16.13980672518169,0.18822328114363512,0.12903514743291175,14.44364190639946,0.22101202632176084,0.16826699150872412,14.99574703453733,0.3518266394372589,0.22449930135072194,2.132961556951347,0.4928522804628999,0.30812821707092786,2.361599084018337,0.49205808940322215,0.33833136278408754,3.4575884726339114,0.40288177898797367,0.25823749298365034,1.8862551119606132,0.5299523485364194,0.32930863578278585,4.0
Family E: Cross-block leakage,Medium,13,17.36129531498838,0.20131362889983578,0.43559113300492613,13.371467131265982,0.23995621237000547,0.4965061120233534,7.46629362871347,0.11417624521072797,0.5308451924831235,1.5784645305878333,0.6762999452654626,0.8531768837803321,2.4512023737349184,0.5265462506841817,0.7960385878489326,2.150985058952087,0.7194307608100712,0.8493044152526911,1.3995572849973545,0.6995073891625616,0.865311986863711,4.0,17.36129531498838,0.19222769567597153,0.14103073776395006,13.371467131265982,0.22933771209633277,0.17093884135626425,7.46629362871347,0.10935960591133005,0.10367873707256647,1.5784645305878333,0.6527640941434045,0.39451502319015935,2.4512023737349184,0.49688013136289,0.3370379972920808,2.150985058952087,0.6951286261631089,0.448189439115029,1.3995572849973545,0.6733442802408319,0.41904761904761906,4.0
Family E: Cross-block leakage,Medium,14,17.063484583074647,0.18632101489244346,0.42433351719066004,13.994123884276874,0.2307777164920022,0.4863784703070417,9.696350310911349,0.3234418091560949,0.5565889869461298,1.5263963597689991,0.6069498069498069,0.8422986762272476,2.1371400861349943,0.5806949806949807,0.8157795550652696,4.7076170244688385,0.5713182570325428,0.7691050744622174,1.8000845268295669,0.5418643132928848,0.8199485199485199,8.0,17.063484583074647,0.1782680639823497,0.1321914825674224,13.994123884276874,0.22437948152233866,0.16004877057508635,9.696350310911349,0.3075565361279647,0.2017998664615206,1.5263963597689991,0.5822393822393822,0.375097976601736,2.1371400861349943,0.5505791505791506,0.3761604784161175,4.7076170244688385,0.5424158852730281,0.34180044706360496,1.766911927696456,0.5230005515719801,0.3299503585217871,12.0
Family E: Cross-block leakage,Medium,15,16.1811582337746,0.20793909733550842,0.450636668479246,13.415077445212873,0.24034801522566612,0.49571551567881095,7.43802937172082,0.45894507884719954,0.6195554649265904,1.8515421915013561,0.6403480152256661,0.8355084284937466,2.1030275687867674,0.6242523110386079,0.8299075584556825,3.9998400857142458,0.6890701468189233,0.7846044045676999,1.7834362947674993,0.6114192495921696,0.8328620627152439,12.0,16.1811582337746,0.19662860250135944,0.1380040639935892,13.415077445212873,0.2344752582925503,0.17068773074611487,7.43802937172082,0.44589450788471996,0.2931112446695858,1.8515421915013561,0.6166394779771615,0.3823416616582239,2.1030275687867674,0.6057640021750952,0.40767579634240575,3.9998400857142458,0.6531810766721045,0.35720786468618526,1.7834362947674993,0.5823817292006526,0.36065939726968316,12.0
Family E: Cross-block leakage,Medium,16,18.611277440329317,0.19102971817085207,0.41223452863983623,13.99473178410074,0.231714003728479,0.48899961618598525,1.8174735801139943,0.6883430200679899,0.8640772928318163,1.4858180067637112,0.6863691194209891,0.8578928610593268,1.7834876590327848,0.668384691303871,0.8527707716489381,2.955591178677493,0.756003947801294,0.8430703293489784,1.274897341719941,0.7335234126548964,0.872475509010491,4.0,18.611277440329317,0.1844500493475162,0.13030052925932553,13.99473178410074,0.22096721131703037,0.16325081812987344,1.8174735801139943,0.6590634938041452,0.4222069594426905,1.46826968884591,0.623642943305187,0.38624387484777306,1.7834876590327848,0.6374602478341923,0.42152013436376334,2.955591178677493,0.7313301897137844,0.42490808664384955,1.274897341719941,0.7015023577146617,0.4245213868094956,4.0
Family E: Cross-block leakage,Medium,17,16.44177398615557,0.19731632204135505,0.4450088905997947,13.333353418200414,0.23592168939727232,0.4976994427335386,2.616406376776444,0.6033875934887813,0.820666520017598,1.7176538985859147,0.6270347558293005,0.8477049420736178,2.111617883816759,0.5782006159260888,0.8180382937380848,2.6100033443773096,0.6766388033435987,0.8367200102654349,1.4941736454706414,0.6984161900571931,0.8689438517377914,8.0,16.44177398615557,0.18895732512098548,0.13677148215898302,13.333353418200414,0.2266827980642323,0.17153310023849772,2.616406376776444,0.590849098108227,0.4230787042397018,1.448700788811672,0.6878574571051473,0.4146560307499942,2.111617883816759,0.550373955125385,0.3654282538726931,2.6100033443773096,0.6470523537175539,0.4292842753606409,1.4989082998235348,0.6750989881214254,0.4202537800727071,4.0
Family E: Cross-block leakage,Medium,18,15.539072269545628,0.21046188091263215,0.4566662029308106,14.303740394426006,0.22337228714524207,0.48417501391207574,9.28906195127354,0.23082915971062884,0.5259854386941198,1.8422773604301987,0.641291040623261,0.8365423854572436,1.8184173479672816,0.6270450751252087,0.8373284177332592,2.5374730390005475,0.6092376182526433,0.8203603227601558,1.6281138488138318,0.6154702281580412,0.8360369133741422,8.0,15.539072269545628,0.1996661101836394,0.14233078522684006,14.303740394426006,0.21368948247078465,0.16088217204112115,9.28906195127354,0.2169170840289371,0.14251823214128811,1.4266808906997088,0.6353923205342237,0.3801013384881235,1.8184173479672816,0.5971062882582081,0.3975631901121752,2.5374730390005475,0.5806343906510851,0.38384441906100814,1.6070923767229577,0.5906510851419031,0.3529801130539203,12.0
Family E: Cross-block leakage,Medium,19,17.1757551483134,0.20658216588837003,0.4396125194574161,13.352939202963249,0.22192572826328663,0.4964629197242606,6.05905088493188,0.39481876806760063,0.6518651323104292,2.350353700244613,0.5700466977985323,0.8069453709880662,1.9291009137175203,0.6162997553924838,0.8289206693351122,3.3758040135379774,0.6524349566377585,0.7961187087688089,1.898817235958562,0.560262397153658,0.8164517085464384,4.0,17.1757551483134,0.19601956860128975,0.14238147068806103,13.352939202963249,0.21136313097620635,0.16209051648467399,6.05905088493188,0.37825216811207474,0.24982737029364607,1.7777196001988318,0.5870580386924616,0.3599417155296514,1.9291009137175203,0.5852790749388481,0.38626920871224096,3.3758040135379774,0.625528129864354,0.39444424938262934,1.905985942256259,0.5371358683566823,0.3312851842748967,12.0
Family E: Cross-block leakage,Large,0,16.24734090499283,0.19746703073258584,0.4384174267510989,14.54717052443767,0.21306570615232673,0.47123479831135384,6.176573713610173,0.4235171091616801,0.6559643631751196,2.0151789078568987,0.5156277232324405,0.8080998615387595,2.4404526266338635,0.4953523499680474,0.7891292191947946,3.293101633320419,0.5289606692616046,0.7846588818528631,1.6874569329776983,0.5841515133910417,0.8299341340847034,8.0,16.24734090499283,0.19206413757044094,0.13809024390989671,14.54717052443767,0.20716900017428688,0.1529566086831556,6.176573713610173,0.41570324754545984,0.27206945790666165,1.5869379954247624,0.6364666240632081,0.40180157592028054,2.4404526266338635,0.4802184395515018,0.3307475683923106,3.293101633320419,0.5140300935339569,0.32690102645797087,1.6314926368920026,0.5821472143147621,0.3589805135041752,12.0
Family E: Cross-block leakage,Large,1,16.20963733907797,0.20715702286514232,0.4466522544330378,15.205452515962282,0.21613975734951002,0.4576212280292425,8.271634733018848,0.2074778348110126,0.5426868243505989,1.472007714785828,0.6678721418572096,0.8535268655700731,2.5094089127891186,0.5230401306579562,0.7904715206486235,3.416431239051445,0.7000116658889407,0.8160277162078083,1.840822937011831,0.6133049463369109,0.8273266157256183,12.0,16.20963733907797,0.20179071395240317,0.1439463246309895,15.205452515962282,0.20832361175921604,0.15072482009971264,8.271634733018848,0.20036164255716285,0.13804277083282165,1.472007714785828,0.6528523098460103,0.39889511751848117,2.5094089127891186,0.5097701819878675,0.3453732470466881,3.416431239051445,0.6834461035930938,0.3959233858093672,1.840822937011831,0.5981976201586561,0.3644531154063413,12.0
Family E: Cross-block leakage,Large,2,16.28988686310054,0.1996551724137931,0.44219408524904213,14.64906328786745,0.2196264367816092,0.4724760536398467,6.512587378773348,0.35422413793103447,0.6353657806513411,2.2171582846794,0.4924137931034483,0.7939014607279693,2.3082452239996436,0.5717816091954023,0.8086548132183907,2.1277681107892246,0.6231609195402299,0.8176628352490422,2.0349276736772963,0.5433908045977012,0.80837344348659,2.0,16.28988686310054,0.19419540229885057,0.13947217180883242,14.64906328786745,0.2135344827586207,0.15743496672716273,6.512587378773348,0.349367816091954,0.2449062310949788,1.3910409890451618,0.672183908045977,0.4093179068360556,2.3082452239996436,0.5597413793103448,0.37245462794918327,2.1277681107892246,0.6004310344827586,0.3458590441621294,1.7358935913788551,0.5641666666666667,0.34696612220205686,12.0
Family E: Cross-block leakage,Large,3,16.660584360158058,0.19466426160828582,0.43311658714457507,14.659657026940879,0.21732805772140115,0.4695040051980294,14.744988052134852,0.07616664727103456,0.41220385294231743,1.3748313821870362,0.7087163970673804,0.8627892373637457,1.92131184549257,0.5949610147794716,0.8244258892897319,2.7511543251000172,0.6135808215989759,0.8204916065402073,1.4993824639797164,0.6366810194344233,0.8466799526746577,8.0,16.660584360158058,0.18811823577330386,0.13454035414382576,14.659657026940879,0.2122948911905039,0.15335309646162423,14.744988052134852,0.06979518212498545,0.07129885402438951,1.3748313821870362,0.6924240661003143,0.4224123674716875,1.92131184549257,0.582188991039218,0.3839156106255397,2.7511543251000172,0.5996741533806587,0.41537787795451625,1.4543785367460647,0.6346153846153846,0.3867499249695285,12.0
Family E: Cross-block leakage,Large,4,16.991504076910203,0.19463527265471336,0.4304686534971447,15.065946638407812,0.21464610472905563,0.4662679465617666,9.232210462633864,0.42604258715544024,0.6352803749418013,2.6290645071788146,0.4804024970781905,0.7775790313845102,1.9899509047185218,0.5819674467660557,0.8219222418593161,3.9613758062883275,0.6059975485305436,0.8001731706621819,2.234649227341438,0.5223910378837547,0.7999771956329637,12.0,16.991504076910203,0.18847809355491577,0.1340581721399648,15.065946638407812,0.20977167127504917,0.15541326163960398,9.232210462633864,0.4196573643852798,0.2809633044728066,2.115119100654151,0.524557452752202,0.3340419690370706,1.9899509047185218,0.5681137937915111,0.37481377683826456,3.9613758062883275,0.5902625352755052,0.35638724815802225,2.234649227341438,0.508765428579573,0.32138404504462603,12.0
Family E: Cross-block leakage,Large,5,16.20870282309529,0.19842260553790286,0.44250678525495535,14.501703030794049,0.21371425329096685,0.4676500557951279,11.18044710713682,0.4745233772128915,0.6013455846194583,1.8180728075179884,0.563266000907853,0.8200341154108034,1.8216775980617412,0.6177088061734,0.8325496009229839,1.89262359937583,0.71859396277803,0.8463961312225753,1.6370250787160614,0.6128858374943259,0.8347778597367226,4.0,16.20870282309529,0.1941386745347254,0.13717986238860883,14.501703030794049,0.20852246935996369,0.15057965214898344,11.18044710713682,0.46541647753064,0.3039186993812266,1.8180728075179884,0.549619836586473,0.3365730343789569,1.8216775980617412,0.6028143440762597,0.3971931218195283,1.89262359937583,0.7063946890603722,0.4320737869412524,1.6370250787160614,0.5961189287335452,0.35844064314212676,4.0
Family E: Cross-block leakage,Large,6,16.389480316840064,0.19422999942814662,0.4379497388536246,14.598554603851714,0.22316578029393264,0.4716116496063743,13.36495079338153,0.36009607136730143,0.6341341663330855,1.6954430503267721,0.5650483216103391,0.8274331169821392,2.1033530299285585,0.5817750328815692,0.8170748270143536,2.2082342635560126,0.6568307885858066,0.8477321248165304,2.068373319977853,0.5126665522959913,0.8028559310726063,4.0,16.389480316840064,0.1881397609652885,0.13641110840233195,14.598554603851714,0.21544575970721108,0.15727322251416848,13.36495079338153,0.3530050894950535,0.2461934128510502,1.6954430503267721,0.5516955452621948,0.36049034922182793,2.1033530299285585,0.567221364442157,0.3781576088101537,2.2082342635560126,0.6419054154514783,0.4060399755607926,1.9443113420219125,0.5158117458683593,0.3228142409549349,12.0
Family E: Cross-block leakage,Large,7,16.657004909105897,0.195004273386452,0.4351157490373393,14.315822330533996,0.21915579939896887,0.4786014768455975,14.775393729099367,0.1553307049709134,0.3830872689844044,2.238262089433322,0.5905544374293513,0.8165625890288845,1.9271784397917262,0.5855090843924898,0.8249209653258343,2.958088763601343,0.554079016294009,0.8043162351924862,2.0847162356825644,0.50701662485181,0.8028825829634326,12.0,16.657004909105897,0.18885611094262633,0.13530455677944828,14.315822330533996,0.2128146453089245,0.1595504020175608,14.775393729099367,0.14868627829395384,0.10254386206756448,2.238262089433322,0.5752253866725483,0.35506980348226586,1.9271784397917262,0.5721926608033967,0.3774191067534016,2.958088763601343,0.5378401477764605,0.3419449204743822,2.0847162356825644,0.4921562680929668,0.31273933503494894,12.0
Family E: Cross-block leakage,Large,8,16.914268748129004,0.19468649768669638,0.430318824330845,14.633508581253865,0.21225625159660527,0.4682665834066589,12.9532720479382,0.09009111294030825,0.37805483806874624,2.2705400841794607,0.5531492151798132,0.8005987861069324,2.175016446979578,0.5289659674718288,0.8054459614165556,1.8082283049960328,0.6812466293888905,0.851417548938908,2.065151920388295,0.495870114387897,0.8002581769842847,4.0,16.914268748129004,0.18971928131475121,0.13333353251995478,14.633508581253865,0.2067781215406886,0.1523897165922954,12.9532720479382,0.08620249212341403,0.07173108610987035,2.0931749599071368,0.5239419829127757,0.33336072149378015,2.175016446979578,0.5163634299338651,0.353047331222951,1.8082283049960328,0.6667707416763645,0.43059865041104656,2.0597959546359577,0.48386364281456673,0.31119423832778853,1.0
Family E: Cross-block leakage,Large,9,17.058363749281753,0.19383104472345555,0.4318568859223539,15.10391439789161,0.2065041606633538,0.45893366461818935,8.629052777208745,0.1354347378635067,0.5325134523214443,2.6088096471274786,0.4089211679261372,0.7678733325492273,2.1125069078113112,0.5377106060160546,0.8074425152165604,3.102151125842641,0.3569937369519833,0.7556235114234467,1.5521954399655151,0.6011643976594431,0.8407437492036423,4.0,17.058363749281753,0.18836190420182894,0.13600734170985698,15.10391439789161,0.19941780117027846,0.14706942899015896,8.629052777208745,0.12749566291275838,0.1056237435601412,2.6088096471274786,0.39715957540651003,0.2769127676729534,2.1125069078113112,0.5233320591608104,0.35227052900857514,3.102151125842641,0.3455261842453468,0.25858325427789236,1.5089567206840249,0.5846393601693669,0.3646310341999254,2.0
Family E: Cross-block leakage,Large,10,16.55722893410453,0.1974300744531003,0.4369681921407423,14.884019163050457,0.21321183200620922,0.4622009179674399,7.718616882161562,0.04271710696524564,0.515209824551317,1.8584669320008014,0.6344898956506742,0.8316726315386016,2.3201357715145168,0.5235576508465806,0.799231154358429,1.801730004357079,0.7200678414350188,0.8650016529163194,2.0598126807434767,0.5547187167620088,0.8095906277249164,12.0,16.55722893410453,0.1915945611866502,0.1359582300103033,14.884019163050457,0.20904360824445914,0.15078681842733146,7.718616882161562,0.039411274326616265,0.08145511102907468,1.8219078074536856,0.5500905510679277,0.34123757665068477,2.3201357715145168,0.510161842067439,0.34186545790699185,1.801730004357079,0.7089717423175325,0.4647773744880499,2.0598126807434767,0.5407767269382241,0.33966409109271006,12.0
Family E: Cross-block leakage,Large,11,16.977236885802235,0.1858840372226199,0.4294016941064185,14.731673829379746,0.20604151753758054,0.46762586494869957,7.537089560707644,0.09577666428060129,0.5383309472679552,2.4162636966797937,0.5311954187544738,0.7965115724170844,2.169310369716565,0.5431066571224051,0.8082205917442139,2.1130002420531095,0.6503937007874016,0.8473896444762586,1.4740137667526572,0.6425769506084467,0.8489793605344786,6.0,16.977236885802235,0.18107372942018612,0.1336156425422899,14.731673829379746,0.2008303507516106,0.1463949063783295,7.537089560707644,0.09153901216893343,0.10230192517801302,1.853627317627733,0.5232068718682892,0.3372083035075162,2.169310369716565,0.5255833929849678,0.34891760539501937,2.1130002420531095,0.6328704366499642,0.38991673887653994,1.4740137667526572,0.6298067287043665,0.38703688354745125,6.0
Family E: Cross-block leakage,Large,12,16.47861532025615,0.1971747739228087,0.4421452952302145,15.158619966014552,0.21942786216679472,0.4660964251236283,15.18011021887275,0.19933211182694013,0.4466175847666332,1.9624649428046967,0.5301436255097819,0.8111892202060799,2.006142645971849,0.5763342987174183,0.817386641251453,3.110653134778375,0.675276316567173,0.8257494040230904,1.7956504135734817,0.546722619540162,0.8195261244754418,4.0,16.47861532025615,0.19229859920799103,0.1371674946572057,15.158619966014552,0.21366511023110113,0.15196400185403516,15.18011021887275,0.1969088007565459,0.14876143606845,1.2150440152718547,0.7020509486376263,0.4322235045619842,2.006142645971849,0.5622377209054908,0.3701895408774315,3.110653134778375,0.6599385306460193,0.4045327426966257,1.3971042926680108,0.6411430935634493,0.38176326210644523,12.0
Family E: Cross-block leakage,Large,13,16.38411041100969,0.19658881730326738,0.43996035626629854,14.4639729354012,0.21882190520018407,0.4692659198113207,11.662314395405863,0.4750920386562356,0.6950314705092805,2.020456629751487,0.5801599171652094,0.8192902477373831,2.0819208379612606,0.5795846755637367,0.815913699378739,3.289890390393819,0.5143522779567419,0.7688978850283786,1.6287115354314348,0.6199091118269673,0.839487819259089,12.0,16.38411041100969,0.1902899217671422,0.13697864945382324,14.4639729354012,0.21401863782788771,0.15464764938116116,11.662314395405863,0.4652266451909802,0.28128103277060573,1.5141643973420753,0.6712494247583985,0.4030400004844139,2.0819208379612606,0.5689139438564197,0.36932175987599003,3.289890390393819,0.4900483202945237,0.28965079807203237,1.6287115354314348,0.6060745513115509,0.37508780003390896,12.0
Family E: Cross-block leakage,Large,14,17.139021408128045,0.18998454224633243,0.4301174643450871,14.793372154462277,0.2126170268614927,0.46937797124274505,4.133791384301864,0.2333829148073614,0.6852001730490662,2.033563292571703,0.4888150027707294,0.8026183393122759,1.8145804334169187,0.6151310992504447,0.8328442023701889,3.935500937066593,0.38256482048589846,0.745493311361935,2.1552607479115204,0.48123195380173245,0.7958063551783475,8.0,17.139021408128045,0.1838014407793041,0.13225512815199253,14.793372154462277,0.207017236853618,0.15163641889744925,4.133791384301864,0.22186251348907748,0.17390203130540502,2.033563292571703,0.4765946277014612,0.3216348685169921,1.8145804334169187,0.6032607110566687,0.4000994699540873,3.935500937066593,0.3688861667687462,0.24906938796812664,2.145108933209173,0.47939452270539856,0.3145000483534499,12.0
Family E: Cross-block leakage,Large,15,16.726652672116135,0.19000255761743726,0.43297206987031933,14.396202083109,0.22049504106396886,0.47501941894720884,3.728969997882914,0.41004291113700303,0.7322133100305966,1.9039608925661045,0.5340021029298929,0.813981878806824,2.089206066034404,0.5854954673335417,0.8167739445091743,2.483694604378407,0.5387479041746001,0.7990405382363807,1.71882405087571,0.6030577737361107,0.8347494955810053,12.0,16.726652672116135,0.185683025945608,0.13457853904704073,14.396202083109,0.21699963056637017,0.15751034638515926,3.728969997882914,0.3953508198584785,0.2485091782569613,1.671217963856627,0.6309642217738498,0.398766959172349,2.089206066034404,0.5728210520333059,0.37160984817324794,2.483694604378407,0.5189974139645912,0.31598391243675134,1.71882405087571,0.5892466395748671,0.36287655681874265,12.0
Family E: Cross-block leakage,Large,16,17.220204222988958,0.1924035051727675,0.42887200453288793,15.102743987239911,0.21438410363119487,0.4601174252415423,3.399381911642453,0.43800005861492924,0.7475754178755997,1.7680042258967767,0.5665425983998125,0.8255656340669969,1.896363374463567,0.5909850238855836,0.8263911276535466,1.931998057588196,0.6085988101169368,0.8291380918886707,2.068609160131462,0.5345974619735646,0.8062648369039594,12.0,17.220204222988958,0.1884469974502506,0.13336284646436292,15.102743987239911,0.21004659886873187,0.15094578273296735,3.399381911642453,0.42686322206265936,0.27671645336488254,1.5521252437807869,0.5935640807713725,0.3840743237302541,1.896363374463567,0.5748952258140149,0.37784571625129765,1.931998057588196,0.5926848568330354,0.3637071783235821,2.068609160131462,0.5209987983939509,0.3285274233031364,12.0
Family E: Cross-block leakage,Large,17,16.713217148872513,0.18644713327278586,0.4315972323948476,14.766799127427971,0.22728737585327982,0.47147005830135064,6.168932206137474,0.4074649166495767,0.6476650162599245,2.069815216678858,0.5197609351653825,0.8051958515219876,2.0723381760615265,0.5436674186271351,0.8098217511889766,1.9897815802311845,0.6686784050625494,0.8357009101651383,1.9964027890681217,0.5163624644771921,0.8066167638355843,4.0,16.713217148872513,0.1821404505903378,0.13103849184382454,14.766799127427971,0.2199337884159025,0.15655477721050937,6.168932206137474,0.4017812673951894,0.2802489333520424,1.8166615008172797,0.599009755954648,0.3720138097565715,2.0723381760615265,0.5296047812966923,0.3490078285098384,1.9897815802311845,0.6526235607769607,0.37167612142593914,1.9763747387763648,0.4979638473031963,0.3232617917218559,1.0
Family E: Cross-block leakage,Large,18,16.20203374787188,0.20029565993528953,0.44534416954888617,14.850343962987719,0.21251255160102644,0.4621127598646287,11.91024143487714,0.07742943210978467,0.3957333853992339,2.0408187590998246,0.5254658038603146,0.8089983357506787,2.193894405733356,0.5804697088028562,0.813980042954368,3.131207010461401,0.6084458328684592,0.8038853016103239,2.311311415749327,0.4736974227379226,0.786245653427052,2.0,16.20203374787188,0.1964186098404552,0.13866069278965573,14.850343962987719,0.20732455651009707,0.1516160002818605,11.91024143487714,0.07321767265424522,0.07205353000933663,1.3873878515254106,0.6732120941649001,0.41521283404875015,2.193894405733356,0.5691453754323329,0.3686750206991315,3.131207010461401,0.5959221242887426,0.37523561777365433,2.196308927022673,0.4578824054446056,0.2901298907203298,12.0
Family E: Cross-block leakage,Large,19,17.040157892595897,0.19229049030021803,0.4320858025381562,13.630542935049968,0.22941242242969753,0.4904062074877472,11.947153101077228,0.1103874322133393,0.3891781275041464,2.4418433930993193,0.5541734220383518,0.8000107154171558,1.8349818529015276,0.6027002851232739,0.8300779430126163,1.7876109097921904,0.688209314026947,0.8472633756359367,2.194193113749198,0.4750656901660424,0.7908909636421237,4.0,17.040157892595897,0.18636439872533125,0.13461114069906693,13.630542935049968,0.2237099569519763,0.16584817553471648,11.947153101077228,0.10664169508581652,0.08289907695385947,2.061030891466026,0.5530273382903785,0.34807549146248523,1.8349818529015276,0.5891988595069044,0.3800584370301277,1.7876109097921904,0.6725834404875048,0.4287221239771313,2.121331175815451,0.4710404204170627,0.2946067858750695,12.0
